Dataset,Repeat,Fold,Effect_ID,Group,Observed,Predicted,Model
Meta-grade primary,1,1,R005-E01,Report-005,-0.3394653523437398,-0.22721424640426163,Null (training mean)
Meta-grade primary,1,1,R005-E02,Report-005,-0.3073232466191121,-0.22721424640426163,Null (training mean)
Meta-grade primary,1,1,R005-E03,Report-005,-0.2985662636601783,-0.22721424640426163,Null (training mean)
Meta-grade primary,1,1,R005-E04,Report-005,-0.2226054898207927,-0.22721424640426163,Null (training mean)
Meta-grade primary,1,1,R005-E05,Report-005,-0.1881906067775652,-0.22721424640426163,Null (training mean)
Meta-grade primary,1,1,R006-E01,Report-006,-0.3185781374429814,-0.22721424640426163,Null (training mean)
Meta-grade primary,1,1,R006-E02,Report-006,-0.3149780475421737,-0.22721424640426163,Null (training mean)
Meta-grade primary,1,1,R006-E04,Report-006,-0.2830017377730096,-0.22721424640426163,Null (training mean)
Meta-grade primary,1,1,R006-E05,Report-006,-0.2710215474437309,-0.22721424640426163,Null (training mean)
Meta-grade primary,1,1,R006-E06,Report-006,-0.2367028032650126,-0.22721424640426163,Null (training mean)
Meta-grade primary,1,1,R006-E07,Report-006,-0.0776151463689917,-0.22721424640426163,Null (training mean)
Meta-grade primary,1,1,R006-E09,Report-006,-0.2585963813858514,-0.22721424640426163,Null (training mean)
Meta-grade primary,1,1,R006-E10,Report-006,0.0520469455213166,-0.22721424640426163,Null (training mean)
Meta-grade primary,1,1,R006-E11,Report-006,-0.2865973321469467,-0.22721424640426163,Null (training mean)
Meta-grade primary,1,1,R006-E12,Report-006,-0.3540925289622429,-0.22721424640426163,Null (training mean)
Meta-grade primary,1,1,R006-E13,Report-006,-0.120581028408444,-0.22721424640426163,Null (training mean)
Meta-grade primary,1,1,R010-E01,Report-010,-0.2661084068736541,-0.22721424640426163,Null (training mean)
Meta-grade primary,1,1,R020-E01,Report-020,-0.0904335773173084,-0.22721424640426163,Null (training mean)
Meta-grade primary,1,1,R022-E01,PACE,-0.1079291954253917,-0.22721424640426163,Null (training mean)
Meta-grade primary,1,1,R022-E02,PACE,-0.0716712828013512,-0.22721424640426163,Null (training mean)
Meta-grade primary,1,1,R022-E03,PACE,0.099027503509446,-0.22721424640426163,Null (training mean)
Meta-grade primary,1,1,R022-E04,PACE,-0.0004516500561274,-0.22721424640426163,Null (training mean)
Meta-grade primary,1,1,R022-E05,PACE,0.0109578515321072,-0.22721424640426163,Null (training mean)
Meta-grade primary,1,1,R022-E06,PACE,-0.1014471687907363,-0.22721424640426163,Null (training mean)
Meta-grade primary,1,1,R022-E07,PACE,-0.0410812093992726,-0.22721424640426163,Null (training mean)
Meta-grade primary,1,1,R022-E08,PACE,0.0676957937234428,-0.22721424640426163,Null (training mean)
Meta-grade primary,1,1,R077-E01,Report-077,-0.4000596500560565,-0.22721424640426163,Null (training mean)
Meta-grade primary,1,1,R107-E01,Report-107,-0.3202138706966537,-0.22721424640426163,Null (training mean)
Meta-grade primary,1,1,R107-E02,Report-107,-0.1479107917177318,-0.22721424640426163,Null (training mean)
Meta-grade primary,1,1,R107-E03,Report-107,-0.1479107917177318,-0.22721424640426163,Null (training mean)
Meta-grade primary,1,1,R144-E01,Report-144,-0.2768638226551,-0.22721424640426163,Null (training mean)
Meta-grade primary,1,1,R148-E01,Report-148,-0.4236489301936018,-0.22721424640426163,Null (training mean)
Meta-grade primary,1,1,R148-E02,Report-148,-0.4476920235274206,-0.22721424640426163,Null (training mean)
Meta-grade primary,1,1,R005-E01,Report-005,-0.3394653523437398,-0.25023371172067493,Ridge
Meta-grade primary,1,1,R005-E02,Report-005,-0.3073232466191121,-0.25605351671978194,Ridge
Meta-grade primary,1,1,R005-E03,Report-005,-0.2985662636601783,-0.25503721909269467,Ridge
Meta-grade primary,1,1,R005-E04,Report-005,-0.2226054898207927,-0.25035349063338735,Ridge
Meta-grade primary,1,1,R005-E05,Report-005,-0.1881906067775652,-0.25035349063338735,Ridge
Meta-grade primary,1,1,R006-E01,Report-006,-0.3185781374429814,-0.2526989058265246,Ridge
Meta-grade primary,1,1,R006-E02,Report-006,-0.3149780475421737,-0.2385654915754252,Ridge
Meta-grade primary,1,1,R006-E04,Report-006,-0.2830017377730096,-0.17941473524259421,Ridge
Meta-grade primary,1,1,R006-E05,Report-006,-0.2710215474437309,-0.17941473524259421,Ridge
Meta-grade primary,1,1,R006-E06,Report-006,-0.2367028032650126,-0.1652813209914948,Ridge
Meta-grade primary,1,1,R006-E07,Report-006,-0.0776151463689917,-0.1652813209914948,Ridge
Meta-grade primary,1,1,R006-E09,Report-006,-0.2585963813858514,-0.16516154207878242,Ridge
Meta-grade primary,1,1,R006-E10,Report-006,0.0520469455213166,-0.2686461196054558,Ridge
Meta-grade primary,1,1,R006-E11,Report-006,-0.2865973321469467,-0.26876589851816823,Ridge
Meta-grade primary,1,1,R006-E12,Report-006,-0.3540925289622429,-0.24352558562751572,Ridge
Meta-grade primary,1,1,R006-E13,Report-006,-0.120581028408444,-0.24352558562751572,Ridge
Meta-grade primary,1,1,R010-E01,Report-010,-0.2661084068736541,-0.2852783704368485,Ridge
Meta-grade primary,1,1,R020-E01,Report-020,-0.0904335773173084,-0.17333968536362682,Ridge
Meta-grade primary,1,1,R022-E01,PACE,-0.1079291954253917,-0.1483223124131337,Ridge
Meta-grade primary,1,1,R022-E02,PACE,-0.0716712828013512,-0.14805298350815946,Ridge
Meta-grade primary,1,1,R022-E03,PACE,0.099027503509446,-0.17564881594118809,Ridge
Meta-grade primary,1,1,R022-E04,PACE,-0.0004516500561274,-0.17537948703621384,Ridge
Meta-grade primary,1,1,R022-E05,PACE,0.0109578515321072,-0.15222434360870474,Ridge
Meta-grade primary,1,1,R022-E06,PACE,-0.1014471687907363,-0.1519550147037305,Ridge
Meta-grade primary,1,1,R022-E07,PACE,-0.0410812093992726,-0.15222434360870474,Ridge
Meta-grade primary,1,1,R022-E08,PACE,0.0676957937234428,-0.1519550147037305,Ridge
Meta-grade primary,1,1,R077-E01,Report-077,-0.4000596500560565,-0.2542091040511135,Ridge
Meta-grade primary,1,1,R107-E01,Report-107,-0.3202138706966537,-0.2545746916247949,Ridge
Meta-grade primary,1,1,R107-E02,Report-107,-0.1479107917177318,-0.27466542927707244,Ridge
Meta-grade primary,1,1,R107-E03,Report-107,-0.1479107917177318,-0.27466542927707244,Ridge
Meta-grade primary,1,1,R144-E01,Report-144,-0.2768638226551,-0.31031248933658273,Ridge
Meta-grade primary,1,1,R148-E01,Report-148,-0.4236489301936018,-0.26521918875253836,Ridge
Meta-grade primary,1,1,R148-E02,Report-148,-0.4476920235274206,-0.2613171575569673,Ridge
Meta-grade primary,1,1,R005-E01,Report-005,-0.3394653523437398,-0.22721424640426163,Elastic net
Meta-grade primary,1,1,R005-E02,Report-005,-0.3073232466191121,-0.22721424640426163,Elastic net
Meta-grade primary,1,1,R005-E03,Report-005,-0.2985662636601783,-0.22721424640426163,Elastic net
Meta-grade primary,1,1,R005-E04,Report-005,-0.2226054898207927,-0.22721424640426163,Elastic net
Meta-grade primary,1,1,R005-E05,Report-005,-0.1881906067775652,-0.22721424640426163,Elastic net
Meta-grade primary,1,1,R006-E01,Report-006,-0.3185781374429814,-0.22721424640426163,Elastic net
Meta-grade primary,1,1,R006-E02,Report-006,-0.3149780475421737,-0.22721424640426163,Elastic net
Meta-grade primary,1,1,R006-E04,Report-006,-0.2830017377730096,-0.22721424640426163,Elastic net
Meta-grade primary,1,1,R006-E05,Report-006,-0.2710215474437309,-0.22721424640426163,Elastic net
Meta-grade primary,1,1,R006-E06,Report-006,-0.2367028032650126,-0.22721424640426163,Elastic net
Meta-grade primary,1,1,R006-E07,Report-006,-0.0776151463689917,-0.22721424640426163,Elastic net
Meta-grade primary,1,1,R006-E09,Report-006,-0.2585963813858514,-0.22721424640426163,Elastic net
Meta-grade primary,1,1,R006-E10,Report-006,0.0520469455213166,-0.22721424640426163,Elastic net
Meta-grade primary,1,1,R006-E11,Report-006,-0.2865973321469467,-0.22721424640426163,Elastic net
Meta-grade primary,1,1,R006-E12,Report-006,-0.3540925289622429,-0.22721424640426163,Elastic net
Meta-grade primary,1,1,R006-E13,Report-006,-0.120581028408444,-0.22721424640426163,Elastic net
Meta-grade primary,1,1,R010-E01,Report-010,-0.2661084068736541,-0.22721424640426163,Elastic net
Meta-grade primary,1,1,R020-E01,Report-020,-0.0904335773173084,-0.22721424640426163,Elastic net
Meta-grade primary,1,1,R022-E01,PACE,-0.1079291954253917,-0.22721424640426163,Elastic net
Meta-grade primary,1,1,R022-E02,PACE,-0.0716712828013512,-0.22721424640426163,Elastic net
Meta-grade primary,1,1,R022-E03,PACE,0.099027503509446,-0.22721424640426163,Elastic net
Meta-grade primary,1,1,R022-E04,PACE,-0.0004516500561274,-0.22721424640426163,Elastic net
Meta-grade primary,1,1,R022-E05,PACE,0.0109578515321072,-0.22721424640426163,Elastic net
Meta-grade primary,1,1,R022-E06,PACE,-0.1014471687907363,-0.22721424640426163,Elastic net
Meta-grade primary,1,1,R022-E07,PACE,-0.0410812093992726,-0.22721424640426163,Elastic net
Meta-grade primary,1,1,R022-E08,PACE,0.0676957937234428,-0.22721424640426163,Elastic net
Meta-grade primary,1,1,R077-E01,Report-077,-0.4000596500560565,-0.22721424640426163,Elastic net
Meta-grade primary,1,1,R107-E01,Report-107,-0.3202138706966537,-0.22721424640426163,Elastic net
Meta-grade primary,1,1,R107-E02,Report-107,-0.1479107917177318,-0.22721424640426163,Elastic net
Meta-grade primary,1,1,R107-E03,Report-107,-0.1479107917177318,-0.22721424640426163,Elastic net
Meta-grade primary,1,1,R144-E01,Report-144,-0.2768638226551,-0.22721424640426163,Elastic net
Meta-grade primary,1,1,R148-E01,Report-148,-0.4236489301936018,-0.22721424640426163,Elastic net
Meta-grade primary,1,1,R148-E02,Report-148,-0.4476920235274206,-0.22721424640426163,Elastic net
Meta-grade primary,1,1,R005-E01,Report-005,-0.3394653523437398,-0.36867103825606506,Random forest
Meta-grade primary,1,1,R005-E02,Report-005,-0.3073232466191121,-0.369843728577601,Random forest
Meta-grade primary,1,1,R005-E03,Report-005,-0.2985662636601783,-0.371244720241817,Random forest
Meta-grade primary,1,1,R005-E04,Report-005,-0.2226054898207927,-0.37060076774276285,Random forest
Meta-grade primary,1,1,R005-E05,Report-005,-0.1881906067775652,-0.37060076774276285,Random forest
Meta-grade primary,1,1,R006-E01,Report-006,-0.3185781374429814,-0.27350566545313115,Random forest
Meta-grade primary,1,1,R006-E02,Report-006,-0.3149780475421737,-0.2834985246075635,Random forest
Meta-grade primary,1,1,R006-E04,Report-006,-0.2830017377730096,-0.228003952355155,Random forest
Meta-grade primary,1,1,R006-E05,Report-006,-0.2710215474437309,-0.228003952355155,Random forest
Meta-grade primary,1,1,R006-E06,Report-006,-0.2367028032650126,-0.2372279762417994,Random forest
Meta-grade primary,1,1,R006-E07,Report-006,-0.0776151463689917,-0.2372279762417994,Random forest
Meta-grade primary,1,1,R006-E09,Report-006,-0.2585963813858514,-0.2363208004296573,Random forest
Meta-grade primary,1,1,R006-E10,Report-006,0.0520469455213166,-0.29589191804183157,Random forest
Meta-grade primary,1,1,R006-E11,Report-006,-0.2865973321469467,-0.2979624479935058,Random forest
Meta-grade primary,1,1,R006-E12,Report-006,-0.3540925289622429,-0.2807747333560084,Random forest
Meta-grade primary,1,1,R006-E13,Report-006,-0.120581028408444,-0.2807747333560084,Random forest
Meta-grade primary,1,1,R010-E01,Report-010,-0.2661084068736541,-0.23326757658512706,Random forest
Meta-grade primary,1,1,R020-E01,Report-020,-0.0904335773173084,-0.20543678305265187,Random forest
Meta-grade primary,1,1,R022-E01,PACE,-0.1079291954253917,-0.18801135377285977,Random forest
Meta-grade primary,1,1,R022-E02,PACE,-0.0716712828013512,-0.18408690458062227,Random forest
Meta-grade primary,1,1,R022-E03,PACE,0.099027503509446,-0.1830352209366116,Random forest
Meta-grade primary,1,1,R022-E04,PACE,-0.0004516500561274,-0.1789009661579991,Random forest
Meta-grade primary,1,1,R022-E05,PACE,0.0109578515321072,-0.19631003931238422,Random forest
Meta-grade primary,1,1,R022-E06,PACE,-0.1014471687907363,-0.19197168993229688,Random forest
Meta-grade primary,1,1,R022-E07,PACE,-0.0410812093992726,-0.19631003931238422,Random forest
Meta-grade primary,1,1,R022-E08,PACE,0.0676957937234428,-0.19197168993229688,Random forest
Meta-grade primary,1,1,R077-E01,Report-077,-0.4000596500560565,-0.19350431507556354,Random forest
Meta-grade primary,1,1,R107-E01,Report-107,-0.3202138706966537,-0.2012948639137677,Random forest
Meta-grade primary,1,1,R107-E02,Report-107,-0.1479107917177318,-0.2013101603068682,Random forest
Meta-grade primary,1,1,R107-E03,Report-107,-0.1479107917177318,-0.2013101603068682,Random forest
Meta-grade primary,1,1,R144-E01,Report-144,-0.2768638226551,-0.3667873929912523,Random forest
Meta-grade primary,1,1,R148-E01,Report-148,-0.4236489301936018,-0.30142845076672664,Random forest
Meta-grade primary,1,1,R148-E02,Report-148,-0.4476920235274206,-0.29926306904443034,Random forest
Meta-grade primary,1,1,R005-E01,Report-005,-0.3394653523437398,-0.3221523992898134,Gradient boosting
Meta-grade primary,1,1,R005-E02,Report-005,-0.3073232466191121,-0.28789575610121293,Gradient boosting
Meta-grade primary,1,1,R005-E03,Report-005,-0.2985662636601783,-0.32363518131368724,Gradient boosting
Meta-grade primary,1,1,R005-E04,Report-005,-0.2226054898207927,-0.32281477567505207,Gradient boosting
Meta-grade primary,1,1,R005-E05,Report-005,-0.1881906067775652,-0.32281477567505207,Gradient boosting
Meta-grade primary,1,1,R006-E01,Report-006,-0.3185781374429814,-0.3185717873488376,Gradient boosting
Meta-grade primary,1,1,R006-E02,Report-006,-0.3149780475421737,-0.3204809075315804,Gradient boosting
Meta-grade primary,1,1,R006-E04,Report-006,-0.2830017377730096,-0.3056629640135995,Gradient boosting
Meta-grade primary,1,1,R006-E05,Report-006,-0.2710215474437309,-0.3056629640135995,Gradient boosting
Meta-grade primary,1,1,R006-E06,Report-006,-0.2367028032650126,-0.30757208419634224,Gradient boosting
Meta-grade primary,1,1,R006-E07,Report-006,-0.0776151463689917,-0.30757208419634224,Gradient boosting
Meta-grade primary,1,1,R006-E09,Report-006,-0.2585963813858514,-0.2983132761200958,Gradient boosting
Meta-grade primary,1,1,R006-E10,Report-006,0.0520469455213166,-0.3864718725171107,Gradient boosting
Meta-grade primary,1,1,R006-E11,Report-006,-0.2865973321469467,-0.4055073198905556,Gradient boosting
Meta-grade primary,1,1,R006-E12,Report-006,-0.3540925289622429,-0.31458559626033195,Gradient boosting
Meta-grade primary,1,1,R006-E13,Report-006,-0.120581028408444,-0.31458559626033195,Gradient boosting
Meta-grade primary,1,1,R010-E01,Report-010,-0.2661084068736541,-0.37879906379225375,Gradient boosting
Meta-grade primary,1,1,R020-E01,Report-020,-0.0904335773173084,-0.196868065934583,Gradient boosting
Meta-grade primary,1,1,R022-E01,PACE,-0.1079291954253917,-0.2039376796401929,Gradient boosting
Meta-grade primary,1,1,R022-E02,PACE,-0.0716712828013512,-0.21514952478161964,Gradient boosting
Meta-grade primary,1,1,R022-E03,PACE,0.099027503509446,-0.17004029490722775,Gradient boosting
Meta-grade primary,1,1,R022-E04,PACE,-0.0004516500561274,-0.18125214004865448,Gradient boosting
Meta-grade primary,1,1,R022-E05,PACE,0.0109578515321072,-0.2114512635953216,Gradient boosting
Meta-grade primary,1,1,R022-E06,PACE,-0.1014471687907363,-0.21963683389347444,Gradient boosting
Meta-grade primary,1,1,R022-E07,PACE,-0.0410812093992726,-0.2114512635953216,Gradient boosting
Meta-grade primary,1,1,R022-E08,PACE,0.0676957937234428,-0.21963683389347444,Gradient boosting
Meta-grade primary,1,1,R077-E01,Report-077,-0.4000596500560565,-0.2515902804392614,Gradient boosting
Meta-grade primary,1,1,R107-E01,Report-107,-0.3202138706966537,-0.20587658106645954,Gradient boosting
Meta-grade primary,1,1,R107-E02,Report-107,-0.1479107917177318,-0.08175180086643673,Gradient boosting
Meta-grade primary,1,1,R107-E03,Report-107,-0.1479107917177318,-0.08175180086643673,Gradient boosting
Meta-grade primary,1,1,R144-E01,Report-144,-0.2768638226551,-0.38078655458164185,Gradient boosting
Meta-grade primary,1,1,R148-E01,Report-148,-0.4236489301936018,-0.3497251982350342,Gradient boosting
Meta-grade primary,1,1,R148-E02,Report-148,-0.4476920235274206,-0.354984888934158,Gradient boosting
Meta-grade primary,1,2,R017-E01,Report-017,-0.2554128118829953,-0.22468381022960338,Null (training mean)
Meta-grade primary,1,2,R017-E02,Report-017,-0.2876820724517809,-0.22468381022960338,Null (training mean)
Meta-grade primary,1,2,R032-E01,Report-032,-0.1923371692195453,-0.22468381022960338,Null (training mean)
Meta-grade primary,1,2,R032-E02,Report-032,-0.1307398500288784,-0.22468381022960338,Null (training mean)
Meta-grade primary,1,2,R087-E01,Report-087,-0.3654437542713961,-0.22468381022960338,Null (training mean)
Meta-grade primary,1,2,R087-E02,Report-087,-0.7250050877529992,-0.22468381022960338,Null (training mean)
Meta-grade primary,1,2,R087-E03,Report-087,-0.3654437542713961,-0.22468381022960338,Null (training mean)
Meta-grade primary,1,2,R087-E04,Report-087,-0.7752987062055836,-0.22468381022960338,Null (training mean)
Meta-grade primary,1,2,R087-E05,Report-087,-0.2447741126593529,-0.22468381022960338,Null (training mean)
Meta-grade primary,1,2,R087-E06,Report-087,-0.0400213538367682,-0.22468381022960338,Null (training mean)
Meta-grade primary,1,2,R087-E07,Report-087,-0.4598966812126785,-0.22468381022960338,Null (training mean)
Meta-grade primary,1,2,R087-E08,Report-087,0.5229842775913438,-0.22468381022960338,Null (training mean)
Meta-grade primary,1,2,R087-E09,Report-087,0.0400213538367682,-0.22468381022960338,Null (training mean)
Meta-grade primary,1,2,R087-E10,Report-087,0.0400213538367682,-0.22468381022960338,Null (training mean)
Meta-grade primary,1,2,R087-E11,Report-087,-0.1307398500288784,-0.22468381022960338,Null (training mean)
Meta-grade primary,1,2,R087-E12,Report-087,0.1307398500288784,-0.22468381022960338,Null (training mean)
Meta-grade primary,1,2,R087-E13,Report-087,-0.1003353477310756,-0.22468381022960338,Null (training mean)
Meta-grade primary,1,2,R087-E14,Report-087,0.6183813135744636,-0.22468381022960338,Null (training mean)
Meta-grade primary,1,2,R087-E15,Report-087,0.0902441878561468,-0.22468381022960338,Null (training mean)
Meta-grade primary,1,2,R087-E16,Report-087,-0.3884230997182961,-0.22468381022960338,Null (training mean)
Meta-grade primary,1,2,R087-E17,Report-087,-0.0902441878561468,-0.22468381022960338,Null (training mean)
Meta-grade primary,1,2,R087-E18,Report-087,0.2554128118829953,-0.22468381022960338,Null (training mean)
Meta-grade primary,1,2,R087-E19,Report-087,-0.6324131492978439,-0.22468381022960338,Null (training mean)
Meta-grade primary,1,2,R087-E20,Report-087,-0.6677819260385488,-0.22468381022960338,Null (training mean)
Meta-grade primary,1,2,R087-E21,Report-087,-0.3474427905134932,-0.22468381022960338,Null (training mean)
Meta-grade primary,1,2,R087-E22,Report-087,-0.5093955920515006,-0.22468381022960338,Null (training mean)
Meta-grade primary,1,2,R087-E23,Report-087,0.2881966620000231,-0.22468381022960338,Null (training mean)
Meta-grade primary,1,2,R087-E24,Report-087,0.071791446935783,-0.22468381022960338,Null (training mean)
Meta-grade primary,1,2,R087-E25,Report-087,0.0,-0.22468381022960338,Null (training mean)
Meta-grade primary,1,2,R087-E26,Report-087,0.0287372972020485,-0.22468381022960338,Null (training mean)
Meta-grade primary,1,2,R087-E27,Report-087,-0.0526679439176218,-0.22468381022960338,Null (training mean)
Meta-grade primary,1,2,R089-E01,Report-089,-0.3095196042031117,-0.22468381022960338,Null (training mean)
Meta-grade primary,1,2,R139-E01,Report-139,-0.4641361793172199,-0.22468381022960338,Null (training mean)
Meta-grade primary,1,2,R017-E01,Report-017,-0.2554128118829953,-0.22770651208184073,Ridge
Meta-grade primary,1,2,R017-E02,Report-017,-0.2876820724517809,-0.21841703630292164,Ridge
Meta-grade primary,1,2,R032-E01,Report-032,-0.1923371692195453,-0.21818662786160586,Ridge
Meta-grade primary,1,2,R032-E02,Report-032,-0.1307398500288784,-0.21818662786160586,Ridge
Meta-grade primary,1,2,R087-E01,Report-087,-0.3654437542713961,-0.30661759056610516,Ridge
Meta-grade primary,1,2,R087-E02,Report-087,-0.7250050877529992,-0.297328114787186,Ridge
Meta-grade primary,1,2,R087-E03,Report-087,-0.3654437542713961,-0.297919016057014,Ridge
Meta-grade primary,1,2,R087-E04,Report-087,-0.7752987062055836,-0.2745185040943355,Ridge
Meta-grade primary,1,2,R087-E05,Report-087,-0.2447741126593529,-0.26827813552044744,Ridge
Meta-grade primary,1,2,R087-E06,Report-087,-0.0400213538367682,-0.26827813552044744,Ridge
Meta-grade primary,1,2,R087-E07,Report-087,-0.4598966812126785,-0.2589886597415284,Ridge
Meta-grade primary,1,2,R087-E08,Report-087,0.5229842775913438,-0.2589886597415284,Ridge
Meta-grade primary,1,2,R087-E09,Report-087,0.0400213538367682,-0.2595795610113564,Ridge
Meta-grade primary,1,2,R087-E10,Report-087,0.0400213538367682,-0.30226783620079606,Ridge
Meta-grade primary,1,2,R087-E11,Report-087,-0.1307398500288784,-0.29297836042187697,Ridge
Meta-grade primary,1,2,R087-E12,Report-087,0.1307398500288784,-0.29356926169170494,Ridge
Meta-grade primary,1,2,R087-E13,Report-087,-0.1003353477310756,-0.2701687497290264,Ridge
Meta-grade primary,1,2,R087-E14,Report-087,0.6183813135744636,-0.2639283811551384,Ridge
Meta-grade primary,1,2,R087-E15,Report-087,0.0902441878561468,-0.2639283811551384,Ridge
Meta-grade primary,1,2,R087-E16,Report-087,-0.3884230997182961,-0.2546389053762193,Ridge
Meta-grade primary,1,2,R087-E17,Report-087,-0.0902441878561468,-0.2546389053762193,Ridge
Meta-grade primary,1,2,R087-E18,Report-087,0.2554128118829953,-0.2552298066460473,Ridge
Meta-grade primary,1,2,R087-E19,Report-087,-0.6324131492978439,-0.2878068920101443,Ridge
Meta-grade primary,1,2,R087-E20,Report-087,-0.6677819260385488,-0.2785174162312253,Ridge
Meta-grade primary,1,2,R087-E21,Report-087,-0.3474427905134932,-0.2791083175010532,Ridge
Meta-grade primary,1,2,R087-E22,Report-087,-0.5093955920515006,-0.2557078055383747,Ridge
Meta-grade primary,1,2,R087-E23,Report-087,0.2881966620000231,-0.24946743696448664,Ridge
Meta-grade primary,1,2,R087-E24,Report-087,0.071791446935783,-0.24946743696448664,Ridge
Meta-grade primary,1,2,R087-E25,Report-087,0.0,-0.24017796118556758,Ridge
Meta-grade primary,1,2,R087-E26,Report-087,0.0287372972020485,-0.24017796118556758,Ridge
Meta-grade primary,1,2,R087-E27,Report-087,-0.0526679439176218,-0.24076886245539553,Ridge
Meta-grade primary,1,2,R089-E01,Report-089,-0.3095196042031117,-0.23583635098881328,Ridge
Meta-grade primary,1,2,R139-E01,Report-139,-0.4641361793172199,-0.279109925707045,Ridge
Meta-grade primary,1,2,R017-E01,Report-017,-0.2554128118829953,-0.24088992497147604,Elastic net
Meta-grade primary,1,2,R017-E02,Report-017,-0.2876820724517809,-0.24088992497147604,Elastic net
Meta-grade primary,1,2,R032-E01,Report-032,-0.1923371692195453,-0.22408303194965287,Elastic net
Meta-grade primary,1,2,R032-E02,Report-032,-0.1307398500288784,-0.22408303194965287,Elastic net
Meta-grade primary,1,2,R087-E01,Report-087,-0.3654437542713961,-0.3510139791406663,Elastic net
Meta-grade primary,1,2,R087-E02,Report-087,-0.7250050877529992,-0.3510139791406663,Elastic net
Meta-grade primary,1,2,R087-E03,Report-087,-0.3654437542713961,-0.3510139791406663,Elastic net
Meta-grade primary,1,2,R087-E04,Report-087,-0.7752987062055836,-0.3051199133877071,Elastic net
Meta-grade primary,1,2,R087-E05,Report-087,-0.2447741126593529,-0.3051199133877071,Elastic net
Meta-grade primary,1,2,R087-E06,Report-087,-0.0400213538367682,-0.3051199133877071,Elastic net
Meta-grade primary,1,2,R087-E07,Report-087,-0.4598966812126785,-0.3051199133877071,Elastic net
Meta-grade primary,1,2,R087-E08,Report-087,0.5229842775913438,-0.3051199133877071,Elastic net
Meta-grade primary,1,2,R087-E09,Report-087,0.0400213538367682,-0.3051199133877071,Elastic net
Meta-grade primary,1,2,R087-E10,Report-087,0.0400213538367682,-0.34468987762721526,Elastic net
Meta-grade primary,1,2,R087-E11,Report-087,-0.1307398500288784,-0.34468987762721526,Elastic net
Meta-grade primary,1,2,R087-E12,Report-087,0.1307398500288784,-0.34468987762721526,Elastic net
Meta-grade primary,1,2,R087-E13,Report-087,-0.1003353477310756,-0.2987958118742561,Elastic net
Meta-grade primary,1,2,R087-E14,Report-087,0.6183813135744636,-0.2987958118742561,Elastic net
Meta-grade primary,1,2,R087-E15,Report-087,0.0902441878561468,-0.2987958118742561,Elastic net
Meta-grade primary,1,2,R087-E16,Report-087,-0.3884230997182961,-0.2987958118742561,Elastic net
Meta-grade primary,1,2,R087-E17,Report-087,-0.0902441878561468,-0.2987958118742561,Elastic net
Meta-grade primary,1,2,R087-E18,Report-087,0.2554128118829953,-0.2987958118742561,Elastic net
Meta-grade primary,1,2,R087-E19,Report-087,-0.6324131492978439,-0.32366513200677327,Elastic net
Meta-grade primary,1,2,R087-E20,Report-087,-0.6677819260385488,-0.32366513200677327,Elastic net
Meta-grade primary,1,2,R087-E21,Report-087,-0.3474427905134932,-0.32366513200677327,Elastic net
Meta-grade primary,1,2,R087-E22,Report-087,-0.5093955920515006,-0.2777710662538141,Elastic net
Meta-grade primary,1,2,R087-E23,Report-087,0.2881966620000231,-0.2777710662538141,Elastic net
Meta-grade primary,1,2,R087-E24,Report-087,0.071791446935783,-0.2777710662538141,Elastic net
Meta-grade primary,1,2,R087-E25,Report-087,0.0,-0.2777710662538141,Elastic net
Meta-grade primary,1,2,R087-E26,Report-087,0.0287372972020485,-0.2777710662538141,Elastic net
Meta-grade primary,1,2,R087-E27,Report-087,-0.0526679439176218,-0.2777710662538141,Elastic net
Meta-grade primary,1,2,R089-E01,Report-089,-0.3095196042031117,-0.20654669686842492,Elastic net
Meta-grade primary,1,2,R139-E01,Report-139,-0.4641361793172199,-0.30095200212480344,Elastic net
Meta-grade primary,1,2,R017-E01,Report-017,-0.2554128118829953,-0.3412181985474444,Random forest
Meta-grade primary,1,2,R017-E02,Report-017,-0.2876820724517809,-0.3356933576377023,Random forest
Meta-grade primary,1,2,R032-E01,Report-032,-0.1923371692195453,-0.22303324758625148,Random forest
Meta-grade primary,1,2,R032-E02,Report-032,-0.1307398500288784,-0.22303324758625148,Random forest
Meta-grade primary,1,2,R087-E01,Report-087,-0.3654437542713961,-0.3513926948077109,Random forest
Meta-grade primary,1,2,R087-E02,Report-087,-0.7250050877529992,-0.345521561149528,Random forest
Meta-grade primary,1,2,R087-E03,Report-087,-0.3654437542713961,-0.3485750819974767,Random forest
Meta-grade primary,1,2,R087-E04,Report-087,-0.7752987062055836,-0.2503802531546128,Random forest
Meta-grade primary,1,2,R087-E05,Report-087,-0.2447741126593529,-0.26449576885662285,Random forest
Meta-grade primary,1,2,R087-E06,Report-087,-0.0400213538367682,-0.26449576885662285,Random forest
Meta-grade primary,1,2,R087-E07,Report-087,-0.4598966812126785,-0.243762127897632,Random forest
Meta-grade primary,1,2,R087-E08,Report-087,0.5229842775913438,-0.243762127897632,Random forest
Meta-grade primary,1,2,R087-E09,Report-087,0.0400213538367682,-0.25052022340966984,Random forest
Meta-grade primary,1,2,R087-E10,Report-087,0.0400213538367682,-0.3513926948077109,Random forest
Meta-grade primary,1,2,R087-E11,Report-087,-0.1307398500288784,-0.345521561149528,Random forest
Meta-grade primary,1,2,R087-E12,Report-087,0.1307398500288784,-0.3485750819974767,Random forest
Meta-grade primary,1,2,R087-E13,Report-087,-0.1003353477310756,-0.2503802531546128,Random forest
Meta-grade primary,1,2,R087-E14,Report-087,0.6183813135744636,-0.26449576885662285,Random forest
Meta-grade primary,1,2,R087-E15,Report-087,0.0902441878561468,-0.26449576885662285,Random forest
Meta-grade primary,1,2,R087-E16,Report-087,-0.3884230997182961,-0.243762127897632,Random forest
Meta-grade primary,1,2,R087-E17,Report-087,-0.0902441878561468,-0.243762127897632,Random forest
Meta-grade primary,1,2,R087-E18,Report-087,0.2554128118829953,-0.25052022340966984,Random forest
Meta-grade primary,1,2,R087-E19,Report-087,-0.6324131492978439,-0.3513926948077109,Random forest
Meta-grade primary,1,2,R087-E20,Report-087,-0.6677819260385488,-0.345521561149528,Random forest
Meta-grade primary,1,2,R087-E21,Report-087,-0.3474427905134932,-0.3485750819974767,Random forest
Meta-grade primary,1,2,R087-E22,Report-087,-0.5093955920515006,-0.2503802531546128,Random forest
Meta-grade primary,1,2,R087-E23,Report-087,0.2881966620000231,-0.26449576885662285,Random forest
Meta-grade primary,1,2,R087-E24,Report-087,0.071791446935783,-0.26449576885662285,Random forest
Meta-grade primary,1,2,R087-E25,Report-087,0.0,-0.243762127897632,Random forest
Meta-grade primary,1,2,R087-E26,Report-087,0.0287372972020485,-0.243762127897632,Random forest
Meta-grade primary,1,2,R087-E27,Report-087,-0.0526679439176218,-0.25052022340966984,Random forest
Meta-grade primary,1,2,R089-E01,Report-089,-0.3095196042031117,-0.13372720692621964,Random forest
Meta-grade primary,1,2,R139-E01,Report-139,-0.4641361793172199,-0.251510509471106,Random forest
Meta-grade primary,1,2,R017-E01,Report-017,-0.2554128118829953,-0.46218551566954313,Gradient boosting
Meta-grade primary,1,2,R017-E02,Report-017,-0.2876820724517809,-0.4559737655224674,Gradient boosting
Meta-grade primary,1,2,R032-E01,Report-032,-0.1923371692195453,-0.3322225626154137,Gradient boosting
Meta-grade primary,1,2,R032-E02,Report-032,-0.1307398500288784,-0.3322225626154137,Gradient boosting
Meta-grade primary,1,2,R087-E01,Report-087,-0.3654437542713961,-0.430691009217005,Gradient boosting
Meta-grade primary,1,2,R087-E02,Report-087,-0.7250050877529992,-0.42547913748576155,Gradient boosting
Meta-grade primary,1,2,R087-E03,Report-087,-0.3654437542713961,-0.42121051500978796,Gradient boosting
Meta-grade primary,1,2,R087-E04,Report-087,-0.7752987062055836,-0.2912173359531975,Gradient boosting
Meta-grade primary,1,2,R087-E05,Report-087,-0.2447741126593529,-0.35382037202934147,Gradient boosting
Meta-grade primary,1,2,R087-E06,Report-087,-0.0400213538367682,-0.35382037202934147,Gradient boosting
Meta-grade primary,1,2,R087-E07,Report-087,-0.4598966812126785,-0.30268875890450014,Gradient boosting
Meta-grade primary,1,2,R087-E08,Report-087,0.5229842775913438,-0.30268875890450014,Gradient boosting
Meta-grade primary,1,2,R087-E09,Report-087,0.0400213538367682,-0.29987395219550406,Gradient boosting
Meta-grade primary,1,2,R087-E10,Report-087,0.0400213538367682,-0.430691009217005,Gradient boosting
Meta-grade primary,1,2,R087-E11,Report-087,-0.1307398500288784,-0.42547913748576155,Gradient boosting
Meta-grade primary,1,2,R087-E12,Report-087,0.1307398500288784,-0.42121051500978796,Gradient boosting
Meta-grade primary,1,2,R087-E13,Report-087,-0.1003353477310756,-0.2912173359531975,Gradient boosting
Meta-grade primary,1,2,R087-E14,Report-087,0.6183813135744636,-0.35382037202934147,Gradient boosting
Meta-grade primary,1,2,R087-E15,Report-087,0.0902441878561468,-0.35382037202934147,Gradient boosting
Meta-grade primary,1,2,R087-E16,Report-087,-0.3884230997182961,-0.30268875890450014,Gradient boosting
Meta-grade primary,1,2,R087-E17,Report-087,-0.0902441878561468,-0.30268875890450014,Gradient boosting
Meta-grade primary,1,2,R087-E18,Report-087,0.2554128118829953,-0.29987395219550406,Gradient boosting
Meta-grade primary,1,2,R087-E19,Report-087,-0.6324131492978439,-0.430691009217005,Gradient boosting
Meta-grade primary,1,2,R087-E20,Report-087,-0.6677819260385488,-0.42547913748576155,Gradient boosting
Meta-grade primary,1,2,R087-E21,Report-087,-0.3474427905134932,-0.42121051500978796,Gradient boosting
Meta-grade primary,1,2,R087-E22,Report-087,-0.5093955920515006,-0.2912173359531975,Gradient boosting
Meta-grade primary,1,2,R087-E23,Report-087,0.2881966620000231,-0.35382037202934147,Gradient boosting
Meta-grade primary,1,2,R087-E24,Report-087,0.071791446935783,-0.35382037202934147,Gradient boosting
Meta-grade primary,1,2,R087-E25,Report-087,0.0,-0.30268875890450014,Gradient boosting
Meta-grade primary,1,2,R087-E26,Report-087,0.0287372972020485,-0.30268875890450014,Gradient boosting
Meta-grade primary,1,2,R087-E27,Report-087,-0.0526679439176218,-0.29987395219550406,Gradient boosting
Meta-grade primary,1,2,R089-E01,Report-089,-0.3095196042031117,-0.07993623364877477,Gradient boosting
Meta-grade primary,1,2,R139-E01,Report-139,-0.4641361793172199,-0.31436008328710113,Gradient boosting
Meta-grade primary,1,3,R012-E01,PSKC,-0.0500417292784912,-0.237032838212137,Null (training mean)
Meta-grade primary,1,3,R012-E02,PSKC,0.1613866961315255,-0.237032838212137,Null (training mean)
Meta-grade primary,1,3,R012-E03,PSKC,-0.0400213538367682,-0.237032838212137,Null (training mean)
Meta-grade primary,1,3,R016-E01,Report-016,-0.3540925289622429,-0.237032838212137,Null (training mean)
Meta-grade primary,1,3,R026-E01,Report-026,-0.2405339244255578,-0.237032838212137,Null (training mean)
Meta-grade primary,1,3,R026-E02,Report-026,0.0310099360630968,-0.237032838212137,Null (training mean)
Meta-grade primary,1,3,R033-E01,Report-033,-0.2027325540540822,-0.237032838212137,Null (training mean)
Meta-grade primary,1,3,R033-E02,Report-033,-0.2447741126593529,-0.237032838212137,Null (training mean)
Meta-grade primary,1,3,R033-E03,Report-033,-0.120581028408444,-0.237032838212137,Null (training mean)
Meta-grade primary,1,3,R033-E04,Report-033,-0.0902441878561468,-0.237032838212137,Null (training mean)
Meta-grade primary,1,3,R033-E05,Report-033,0.120581028408444,-0.237032838212137,Null (training mean)
Meta-grade primary,1,3,R033-E06,Report-033,0.0100003333533347,-0.237032838212137,Null (training mean)
Meta-grade primary,1,3,R033-E07,Report-033,-0.2131713465648597,-0.237032838212137,Null (training mean)
Meta-grade primary,1,3,R033-E08,Report-033,-0.2447741126593529,-0.237032838212137,Null (training mean)
Meta-grade primary,1,3,R033-E09,Report-033,-0.1511404359364668,-0.237032838212137,Null (training mean)
Meta-grade primary,1,3,R033-E10,Report-033,-0.0902441878561468,-0.237032838212137,Null (training mean)
Meta-grade primary,1,3,R033-E11,Report-033,0.0902441878561468,-0.237032838212137,Null (training mean)
Meta-grade primary,1,3,R033-E12,Report-033,0.0500417292784912,-0.237032838212137,Null (training mean)
Meta-grade primary,1,3,R033-E25,Report-033,0.144496864125946,-0.237032838212137,Null (training mean)
Meta-grade primary,1,3,R033-E26,Report-033,0.1749689925367881,-0.237032838212137,Null (training mean)
Meta-grade primary,1,3,R034-E01,Report-034,-0.1819826886007058,-0.237032838212137,Null (training mean)
Meta-grade primary,1,3,R034-E02,Report-034,-0.2661084068736541,-0.237032838212137,Null (training mean)
Meta-grade primary,1,3,R034-E03,Report-034,-0.2661084068736541,-0.237032838212137,Null (training mean)
Meta-grade primary,1,3,R034-E04,Report-034,-0.2661084068736541,-0.237032838212137,Null (training mean)
Meta-grade primary,1,3,R034-E05,Report-034,-0.1613866961315255,-0.237032838212137,Null (training mean)
Meta-grade primary,1,3,R034-E06,Report-034,-0.2554128118829953,-0.237032838212137,Null (training mean)
Meta-grade primary,1,3,R034-E07,Report-034,-0.2447741126593529,-0.237032838212137,Null (training mean)
Meta-grade primary,1,3,R036-E01,Report-036,-0.4236489301936018,-0.237032838212137,Null (training mean)
Meta-grade primary,1,3,R036-E02,Report-036,-0.2907692890372516,-0.237032838212137,Null (training mean)
Meta-grade primary,1,3,R044-E01,PSKC,-0.0902441878561468,-0.237032838212137,Null (training mean)
Meta-grade primary,1,3,R125-E01,Report-125,-0.2768638226551,-0.237032838212137,Null (training mean)
Meta-grade primary,1,3,R125-E02,Report-125,-0.4000596500560566,-0.237032838212137,Null (training mean)
Meta-grade primary,1,3,R150-E01,Report-150,-0.2768638226551,-0.237032838212137,Null (training mean)
Meta-grade primary,1,3,R012-E01,PSKC,-0.0500417292784912,-0.25874843110516554,Ridge
Meta-grade primary,1,3,R012-E02,PSKC,0.1613866961315255,-0.2880683017091116,Ridge
Meta-grade primary,1,3,R012-E03,PSKC,-0.0400213538367682,-0.25874843110516554,Ridge
Meta-grade primary,1,3,R016-E01,Report-016,-0.3540925289622429,-0.6764917202370095,Ridge
Meta-grade primary,1,3,R026-E01,Report-026,-0.2405339244255578,-0.3325296540956191,Ridge
Meta-grade primary,1,3,R026-E02,Report-026,0.0310099360630968,-0.3786505265160568,Ridge
Meta-grade primary,1,3,R033-E01,Report-033,-0.2027325540540822,-0.33376493476387614,Ridge
Meta-grade primary,1,3,R033-E02,Report-033,-0.2447741126593529,-0.338772889030734,Ridge
Meta-grade primary,1,3,R033-E03,Report-033,-0.120581028408444,-0.26535286697706106,Ridge
Meta-grade primary,1,3,R033-E04,Report-033,-0.0902441878561468,-0.07987593089680114,Ridge
Meta-grade primary,1,3,R033-E05,Report-033,0.120581028408444,-0.084883885163659,Ridge
Meta-grade primary,1,3,R033-E06,Report-033,0.0100003333533347,-0.011463863109986011,Ridge
Meta-grade primary,1,3,R033-E07,Report-033,-0.2131713465648597,-0.33376493476387614,Ridge
Meta-grade primary,1,3,R033-E08,Report-033,-0.2447741126593529,-0.338772889030734,Ridge
Meta-grade primary,1,3,R033-E09,Report-033,-0.1511404359364668,-0.26535286697706106,Ridge
Meta-grade primary,1,3,R033-E10,Report-033,-0.0902441878561468,-0.07987593089680114,Ridge
Meta-grade primary,1,3,R033-E11,Report-033,0.0902441878561468,-0.084883885163659,Ridge
Meta-grade primary,1,3,R033-E12,Report-033,0.0500417292784912,-0.011463863109986011,Ridge
Meta-grade primary,1,3,R033-E25,Report-033,0.144496864125946,-0.16740302457348116,Ridge
Meta-grade primary,1,3,R033-E26,Report-033,0.1749689925367881,-0.07895467836555589,Ridge
Meta-grade primary,1,3,R034-E01,Report-034,-0.1819826886007058,-0.4611581041183903,Ridge
Meta-grade primary,1,3,R034-E02,Report-034,-0.2661084068736541,-0.4611581041183903,Ridge
Meta-grade primary,1,3,R034-E03,Report-034,-0.2661084068736541,-0.4611581041183903,Ridge
Meta-grade primary,1,3,R034-E04,Report-034,-0.2661084068736541,-0.4611581041183903,Ridge
Meta-grade primary,1,3,R034-E05,Report-034,-0.1613866961315255,-0.4611581041183903,Ridge
Meta-grade primary,1,3,R034-E06,Report-034,-0.2554128118829953,-0.4611581041183903,Ridge
Meta-grade primary,1,3,R034-E07,Report-034,-0.2447741126593529,-0.4611581041183903,Ridge
Meta-grade primary,1,3,R036-E01,Report-036,-0.4236489301936018,-0.6490379615400608,Ridge
Meta-grade primary,1,3,R036-E02,Report-036,-0.2907692890372516,-0.6010304179591114,Ridge
Meta-grade primary,1,3,R044-E01,PSKC,-0.0902441878561468,-0.5607083967786353,Ridge
Meta-grade primary,1,3,R125-E01,Report-125,-0.2768638226551,-0.09883435523543957,Ridge
Meta-grade primary,1,3,R125-E02,Report-125,-0.4000596500560566,-0.10770672137426507,Ridge
Meta-grade primary,1,3,R150-E01,Report-150,-0.2768638226551,-0.5540708863926739,Ridge
Meta-grade primary,1,3,R012-E01,PSKC,-0.0500417292784912,-0.28618318062783293,Elastic net
Meta-grade primary,1,3,R012-E02,PSKC,0.1613866961315255,-0.2913067614246802,Elastic net
Meta-grade primary,1,3,R012-E03,PSKC,-0.0400213538367682,-0.28618318062783293,Elastic net
Meta-grade primary,1,3,R016-E01,Report-016,-0.3540925289622429,-0.6039687043534377,Elastic net
Meta-grade primary,1,3,R026-E01,Report-026,-0.2405339244255578,-0.34474853036756664,Elastic net
Meta-grade primary,1,3,R026-E02,Report-026,0.0310099360630968,-0.38992000574584124,Elastic net
Meta-grade primary,1,3,R033-E01,Report-033,-0.2027325540540822,-0.30859424733298757,Elastic net
Meta-grade primary,1,3,R033-E02,Report-033,-0.2447741126593529,-0.30859424733298757,Elastic net
Meta-grade primary,1,3,R033-E03,Report-033,-0.120581028408444,-0.2581356951581167,Elastic net
Meta-grade primary,1,3,R033-E04,Report-033,-0.0902441878561468,-0.10838292175037503,Elastic net
Meta-grade primary,1,3,R033-E05,Report-033,0.120581028408444,-0.10838292175037503,Elastic net
Meta-grade primary,1,3,R033-E06,Report-033,0.0100003333533347,-0.05792436957550415,Elastic net
Meta-grade primary,1,3,R033-E07,Report-033,-0.2131713465648597,-0.30859424733298757,Elastic net
Meta-grade primary,1,3,R033-E08,Report-033,-0.2447741126593529,-0.30859424733298757,Elastic net
Meta-grade primary,1,3,R033-E09,Report-033,-0.1511404359364668,-0.2581356951581167,Elastic net
Meta-grade primary,1,3,R033-E10,Report-033,-0.0902441878561468,-0.10838292175037503,Elastic net
Meta-grade primary,1,3,R033-E11,Report-033,0.0902441878561468,-0.10838292175037503,Elastic net
Meta-grade primary,1,3,R033-E12,Report-033,0.0500417292784912,-0.05792436957550415,Elastic net
Meta-grade primary,1,3,R033-E25,Report-033,0.144496864125946,-0.18142409135501003,Elastic net
Meta-grade primary,1,3,R033-E26,Report-033,0.1749689925367881,-0.10784056397019257,Elastic net
Meta-grade primary,1,3,R034-E01,Report-034,-0.1819826886007058,-0.42183893326294347,Elastic net
Meta-grade primary,1,3,R034-E02,Report-034,-0.2661084068736541,-0.42183893326294347,Elastic net
Meta-grade primary,1,3,R034-E03,Report-034,-0.2661084068736541,-0.42183893326294347,Elastic net
Meta-grade primary,1,3,R034-E04,Report-034,-0.2661084068736541,-0.42183893326294347,Elastic net
Meta-grade primary,1,3,R034-E05,Report-034,-0.1613866961315255,-0.42183893326294347,Elastic net
Meta-grade primary,1,3,R034-E06,Report-034,-0.2554128118829953,-0.42183893326294347,Elastic net
Meta-grade primary,1,3,R034-E07,Report-034,-0.2447741126593529,-0.42183893326294347,Elastic net
Meta-grade primary,1,3,R036-E01,Report-036,-0.4236489301936018,-0.5186196589295162,Elastic net
Meta-grade primary,1,3,R036-E02,Report-036,-0.2907692890372516,-0.49411843297671276,Elastic net
Meta-grade primary,1,3,R044-E01,PSKC,-0.0902441878561468,-0.5351026125838443,Elastic net
Meta-grade primary,1,3,R125-E01,Report-125,-0.2768638226551,-0.10622224822834625,Elastic net
Meta-grade primary,1,3,R125-E02,Report-125,-0.4000596500560566,-0.1140755535896869,Elastic net
Meta-grade primary,1,3,R150-E01,Report-150,-0.2768638226551,-0.4844943868211634,Elastic net
Meta-grade primary,1,3,R012-E01,PSKC,-0.0500417292784912,-0.3023185144548683,Random forest
Meta-grade primary,1,3,R012-E02,PSKC,0.1613866961315255,-0.2840474766269783,Random forest
Meta-grade primary,1,3,R012-E03,PSKC,-0.0400213538367682,-0.3023185144548683,Random forest
Meta-grade primary,1,3,R016-E01,Report-016,-0.3540925289622429,-0.3297459385467932,Random forest
Meta-grade primary,1,3,R026-E01,Report-026,-0.2405339244255578,-0.2374016554779346,Random forest
Meta-grade primary,1,3,R026-E02,Report-026,0.0310099360630968,-0.3195150861964866,Random forest
Meta-grade primary,1,3,R033-E01,Report-033,-0.2027325540540822,-0.31010721357473703,Random forest
Meta-grade primary,1,3,R033-E02,Report-033,-0.2447741126593529,-0.31350661585268963,Random forest
Meta-grade primary,1,3,R033-E03,Report-033,-0.120581028408444,-0.316070781015022,Random forest
Meta-grade primary,1,3,R033-E04,Report-033,-0.0902441878561468,-0.18974522895513096,Random forest
Meta-grade primary,1,3,R033-E05,Report-033,0.120581028408444,-0.19928784541920577,Random forest
Meta-grade primary,1,3,R033-E06,Report-033,0.0100003333533347,-0.20199767569130997,Random forest
Meta-grade primary,1,3,R033-E07,Report-033,-0.2131713465648597,-0.31010721357473703,Random forest
Meta-grade primary,1,3,R033-E08,Report-033,-0.2447741126593529,-0.31350661585268963,Random forest
Meta-grade primary,1,3,R033-E09,Report-033,-0.1511404359364668,-0.316070781015022,Random forest
Meta-grade primary,1,3,R033-E10,Report-033,-0.0902441878561468,-0.18974522895513096,Random forest
Meta-grade primary,1,3,R033-E11,Report-033,0.0902441878561468,-0.19928784541920577,Random forest
Meta-grade primary,1,3,R033-E12,Report-033,0.0500417292784912,-0.20199767569130997,Random forest
Meta-grade primary,1,3,R033-E25,Report-033,0.144496864125946,-0.21569265350201078,Random forest
Meta-grade primary,1,3,R033-E26,Report-033,0.1749689925367881,-0.03372095051211187,Random forest
Meta-grade primary,1,3,R034-E01,Report-034,-0.1819826886007058,-0.26843685895908137,Random forest
Meta-grade primary,1,3,R034-E02,Report-034,-0.2661084068736541,-0.26843685895908137,Random forest
Meta-grade primary,1,3,R034-E03,Report-034,-0.2661084068736541,-0.26843685895908137,Random forest
Meta-grade primary,1,3,R034-E04,Report-034,-0.2661084068736541,-0.26843685895908137,Random forest
Meta-grade primary,1,3,R034-E05,Report-034,-0.1613866961315255,-0.26843685895908137,Random forest
Meta-grade primary,1,3,R034-E06,Report-034,-0.2554128118829953,-0.26843685895908137,Random forest
Meta-grade primary,1,3,R034-E07,Report-034,-0.2447741126593529,-0.26843685895908137,Random forest
Meta-grade primary,1,3,R036-E01,Report-036,-0.4236489301936018,-0.30775969929996455,Random forest
Meta-grade primary,1,3,R036-E02,Report-036,-0.2907692890372516,-0.30678008806642476,Random forest
Meta-grade primary,1,3,R044-E01,PSKC,-0.0902441878561468,-0.4003339530946295,Random forest
Meta-grade primary,1,3,R125-E01,Report-125,-0.2768638226551,-0.24114528550623548,Random forest
Meta-grade primary,1,3,R125-E02,Report-125,-0.4000596500560566,-0.24431827545767454,Random forest
Meta-grade primary,1,3,R150-E01,Report-150,-0.2768638226551,-0.29772242283733147,Random forest
Meta-grade primary,1,3,R012-E01,PSKC,-0.0500417292784912,-0.37958037939645084,Gradient boosting
Meta-grade primary,1,3,R012-E02,PSKC,0.1613866961315255,-0.3602234263670243,Gradient boosting
Meta-grade primary,1,3,R012-E03,PSKC,-0.0400213538367682,-0.37958037939645084,Gradient boosting
Meta-grade primary,1,3,R016-E01,Report-016,-0.3540925289622429,-0.4672798704016275,Gradient boosting
Meta-grade primary,1,3,R026-E01,Report-026,-0.2405339244255578,-0.18238101905867382,Gradient boosting
Meta-grade primary,1,3,R026-E02,Report-026,0.0310099360630968,-0.33100565355494105,Gradient boosting
Meta-grade primary,1,3,R033-E01,Report-033,-0.2027325540540822,-0.2679095128604224,Gradient boosting
Meta-grade primary,1,3,R033-E02,Report-033,-0.2447741126593529,-0.2969236704147347,Gradient boosting
Meta-grade primary,1,3,R033-E03,Report-033,-0.120581028408444,-0.27933660061843746,Gradient boosting
Meta-grade primary,1,3,R033-E04,Report-033,-0.0902441878561468,-0.10966361760829949,Gradient boosting
Meta-grade primary,1,3,R033-E05,Report-033,0.120581028408444,-0.09343734315171448,Gradient boosting
Meta-grade primary,1,3,R033-E06,Report-033,0.0100003333533347,-0.14111324421052748,Gradient boosting
Meta-grade primary,1,3,R033-E07,Report-033,-0.2131713465648597,-0.2679095128604224,Gradient boosting
Meta-grade primary,1,3,R033-E08,Report-033,-0.2447741126593529,-0.2969236704147347,Gradient boosting
Meta-grade primary,1,3,R033-E09,Report-033,-0.1511404359364668,-0.27933660061843746,Gradient boosting
Meta-grade primary,1,3,R033-E10,Report-033,-0.0902441878561468,-0.10966361760829949,Gradient boosting
Meta-grade primary,1,3,R033-E11,Report-033,0.0902441878561468,-0.09343734315171448,Gradient boosting
Meta-grade primary,1,3,R033-E12,Report-033,0.0500417292784912,-0.14111324421052748,Gradient boosting
Meta-grade primary,1,3,R033-E25,Report-033,0.144496864125946,-0.11233566701858229,Gradient boosting
Meta-grade primary,1,3,R033-E26,Report-033,0.1749689925367881,-0.06738453896682187,Gradient boosting
Meta-grade primary,1,3,R034-E01,Report-034,-0.1819826886007058,-0.267956739730892,Gradient boosting
Meta-grade primary,1,3,R034-E02,Report-034,-0.2661084068736541,-0.267956739730892,Gradient boosting
Meta-grade primary,1,3,R034-E03,Report-034,-0.2661084068736541,-0.267956739730892,Gradient boosting
Meta-grade primary,1,3,R034-E04,Report-034,-0.2661084068736541,-0.267956739730892,Gradient boosting
Meta-grade primary,1,3,R034-E05,Report-034,-0.1613866961315255,-0.267956739730892,Gradient boosting
Meta-grade primary,1,3,R034-E06,Report-034,-0.2554128118829953,-0.267956739730892,Gradient boosting
Meta-grade primary,1,3,R034-E07,Report-034,-0.2447741126593529,-0.267956739730892,Gradient boosting
Meta-grade primary,1,3,R036-E01,Report-036,-0.4236489301936018,-0.35494811466740056,Gradient boosting
Meta-grade primary,1,3,R036-E02,Report-036,-0.2907692890372516,-0.31109978863445986,Gradient boosting
Meta-grade primary,1,3,R044-E01,PSKC,-0.0902441878561468,-0.47610814939378987,Gradient boosting
Meta-grade primary,1,3,R125-E01,Report-125,-0.2768638226551,-0.1056645383326764,Gradient boosting
Meta-grade primary,1,3,R125-E02,Report-125,-0.4000596500560566,-0.23308370167329115,Gradient boosting
Meta-grade primary,1,3,R150-E01,Report-150,-0.2768638226551,-0.22296860649844763,Gradient boosting
Meta-grade primary,1,4,R047-E01,Report-047,-0.1793019968128792,-0.24672295222660479,Null (training mean)
Meta-grade primary,1,4,R060-E01,Report-060,-0.0347701371385076,-0.24672295222660479,Null (training mean)
Meta-grade primary,1,4,R060-E02,Report-060,0.0225633372390231,-0.24672295222660479,Null (training mean)
Meta-grade primary,1,4,R072-E01,Report-072,-0.0801713250375896,-0.24672295222660479,Null (training mean)
Meta-grade primary,1,4,R072-E02,Report-072,-0.0400213538367682,-0.24672295222660479,Null (training mean)
Meta-grade primary,1,4,R072-E03,Report-072,-0.0701146706543252,-0.24672295222660479,Null (training mean)
Meta-grade primary,1,4,R072-E04,Report-072,-0.0701146706543252,-0.24672295222660479,Null (training mean)
Meta-grade primary,1,4,R072-E05,Report-072,-0.0902441878561468,-0.24672295222660479,Null (training mean)
Meta-grade primary,1,4,R072-E06,Report-072,-0.0902441878561468,-0.24672295222660479,Null (training mean)
Meta-grade primary,1,4,R072-E07,Report-072,-0.1104469157900972,-0.24672295222660479,Null (training mean)
Meta-grade primary,1,4,R072-E08,Report-072,-0.0600721559210316,-0.24672295222660479,Null (training mean)
Meta-grade primary,1,4,R072-E09,Report-072,0.0200026673068496,-0.24672295222660479,Null (training mean)
Meta-grade primary,1,4,R072-E10,Report-072,-0.0400213538367682,-0.24672295222660479,Null (training mean)
Meta-grade primary,1,4,R072-E11,Report-072,-0.0400213538367682,-0.24672295222660479,Null (training mean)
Meta-grade primary,1,4,R072-E12,Report-072,0.0300090048631264,-0.24672295222660479,Null (training mean)
Meta-grade primary,1,4,R072-E13,Report-072,0.0,-0.24672295222660479,Null (training mean)
Meta-grade primary,1,4,R072-E14,Report-072,-0.0200026673068496,-0.24672295222660479,Null (training mean)
Meta-grade primary,1,4,R072-E15,Report-072,-0.1307398500288783,-0.24672295222660479,Null (training mean)
Meta-grade primary,1,4,R072-E16,Report-072,-0.1003353477310756,-0.24672295222660479,Null (training mean)
Meta-grade primary,1,4,R072-E17,Report-072,-0.1409255760704939,-0.24672295222660479,Null (training mean)
Meta-grade primary,1,4,R072-E18,Report-072,-0.1307398500288783,-0.24672295222660479,Null (training mean)
Meta-grade primary,1,4,R072-E19,Report-072,-0.1104469157900972,-0.24672295222660479,Null (training mean)
Meta-grade primary,1,4,R072-E20,Report-072,-0.1307398500288783,-0.24672295222660479,Null (training mean)
Meta-grade primary,1,4,R072-E21,Report-072,-0.171666663500579,-0.24672295222660479,Null (training mean)
Meta-grade primary,1,4,R072-E22,Report-072,-0.0801713250375896,-0.24672295222660479,Null (training mean)
Meta-grade primary,1,4,R072-E23,Report-072,0.0,-0.24672295222660479,Null (training mean)
Meta-grade primary,1,4,R072-E24,Report-072,-0.0500417292784913,-0.24672295222660479,Null (training mean)
Meta-grade primary,1,4,R072-E25,Report-072,-0.0600721559210316,-0.24672295222660479,Null (training mean)
Meta-grade primary,1,4,R072-E26,Report-072,-0.0300090048631265,-0.24672295222660479,Null (training mean)
Meta-grade primary,1,4,R072-E27,Report-072,-0.0400213538367682,-0.24672295222660479,Null (training mean)
Meta-grade primary,1,4,R072-E28,Report-072,-0.0600721559210316,-0.24672295222660479,Null (training mean)
Meta-grade primary,1,4,R080-E01,Report-080,-0.2528572088918466,-0.24672295222660479,Null (training mean)
Meta-grade primary,1,4,R047-E01,Report-047,-0.1793019968128792,-0.1766863478261473,Ridge
Meta-grade primary,1,4,R060-E01,Report-060,-0.0347701371385076,-0.2545419098229428,Ridge
Meta-grade primary,1,4,R060-E02,Report-060,0.0225633372390231,-0.26058811698854206,Ridge
Meta-grade primary,1,4,R072-E01,Report-072,-0.0801713250375896,-0.2249442538168146,Ridge
Meta-grade primary,1,4,R072-E02,Report-072,-0.0400213538367682,-0.2249442538168146,Ridge
Meta-grade primary,1,4,R072-E03,Report-072,-0.0701146706543252,-0.2249442538168146,Ridge
Meta-grade primary,1,4,R072-E04,Report-072,-0.0701146706543252,-0.240958943358144,Ridge
Meta-grade primary,1,4,R072-E05,Report-072,-0.0902441878561468,-0.240958943358144,Ridge
Meta-grade primary,1,4,R072-E06,Report-072,-0.0902441878561468,-0.240958943358144,Ridge
Meta-grade primary,1,4,R072-E07,Report-072,-0.1104469157900972,-0.23203108484087748,Ridge
Meta-grade primary,1,4,R072-E08,Report-072,-0.0600721559210316,-0.22620519915665355,Ridge
Meta-grade primary,1,4,R072-E09,Report-072,0.0200026673068496,-0.22620519915665355,Ridge
Meta-grade primary,1,4,R072-E10,Report-072,-0.0400213538367682,-0.22620519915665355,Ridge
Meta-grade primary,1,4,R072-E11,Report-072,-0.0400213538367682,-0.24221988869798294,Ridge
Meta-grade primary,1,4,R072-E12,Report-072,0.0300090048631264,-0.24221988869798294,Ridge
Meta-grade primary,1,4,R072-E13,Report-072,0.0,-0.24221988869798294,Ridge
Meta-grade primary,1,4,R072-E14,Report-072,-0.0200026673068496,-0.2332920301807164,Ridge
Meta-grade primary,1,4,R072-E15,Report-072,-0.1307398500288783,-0.22620519915665355,Ridge
Meta-grade primary,1,4,R072-E16,Report-072,-0.1003353477310756,-0.22620519915665355,Ridge
Meta-grade primary,1,4,R072-E17,Report-072,-0.1409255760704939,-0.22620519915665355,Ridge
Meta-grade primary,1,4,R072-E18,Report-072,-0.1307398500288783,-0.24221988869798294,Ridge
Meta-grade primary,1,4,R072-E19,Report-072,-0.1104469157900972,-0.24221988869798294,Ridge
Meta-grade primary,1,4,R072-E20,Report-072,-0.1307398500288783,-0.24221988869798294,Ridge
Meta-grade primary,1,4,R072-E21,Report-072,-0.171666663500579,-0.2332920301807164,Ridge
Meta-grade primary,1,4,R072-E22,Report-072,-0.0801713250375896,-0.21860919692586836,Ridge
Meta-grade primary,1,4,R072-E23,Report-072,0.0,-0.21860919692586836,Ridge
Meta-grade primary,1,4,R072-E24,Report-072,-0.0500417292784913,-0.21860919692586836,Ridge
Meta-grade primary,1,4,R072-E25,Report-072,-0.0600721559210316,-0.23462388646719776,Ridge
Meta-grade primary,1,4,R072-E26,Report-072,-0.0300090048631265,-0.23462388646719776,Ridge
Meta-grade primary,1,4,R072-E27,Report-072,-0.0400213538367682,-0.23462388646719776,Ridge
Meta-grade primary,1,4,R072-E28,Report-072,-0.0600721559210316,-0.22569602794993124,Ridge
Meta-grade primary,1,4,R080-E01,Report-080,-0.2528572088918466,-0.24644353434531505,Ridge
Meta-grade primary,1,4,R047-E01,Report-047,-0.1793019968128792,-0.19444285376043632,Elastic net
Meta-grade primary,1,4,R060-E01,Report-060,-0.0347701371385076,-0.2568029601466378,Elastic net
Meta-grade primary,1,4,R060-E02,Report-060,0.0225633372390231,-0.2568029601466378,Elastic net
Meta-grade primary,1,4,R072-E01,Report-072,-0.0801713250375896,-0.2568029601466378,Elastic net
Meta-grade primary,1,4,R072-E02,Report-072,-0.0400213538367682,-0.2568029601466378,Elastic net
Meta-grade primary,1,4,R072-E03,Report-072,-0.0701146706543252,-0.2568029601466378,Elastic net
Meta-grade primary,1,4,R072-E04,Report-072,-0.0701146706543252,-0.2568029601466378,Elastic net
Meta-grade primary,1,4,R072-E05,Report-072,-0.0902441878561468,-0.2568029601466378,Elastic net
Meta-grade primary,1,4,R072-E06,Report-072,-0.0902441878561468,-0.2568029601466378,Elastic net
Meta-grade primary,1,4,R072-E07,Report-072,-0.1104469157900972,-0.2568029601466378,Elastic net
Meta-grade primary,1,4,R072-E08,Report-072,-0.0600721559210316,-0.2568029601466378,Elastic net
Meta-grade primary,1,4,R072-E09,Report-072,0.0200026673068496,-0.2568029601466378,Elastic net
Meta-grade primary,1,4,R072-E10,Report-072,-0.0400213538367682,-0.2568029601466378,Elastic net
Meta-grade primary,1,4,R072-E11,Report-072,-0.0400213538367682,-0.2568029601466378,Elastic net
Meta-grade primary,1,4,R072-E12,Report-072,0.0300090048631264,-0.2568029601466378,Elastic net
Meta-grade primary,1,4,R072-E13,Report-072,0.0,-0.2568029601466378,Elastic net
Meta-grade primary,1,4,R072-E14,Report-072,-0.0200026673068496,-0.2568029601466378,Elastic net
Meta-grade primary,1,4,R072-E15,Report-072,-0.1307398500288783,-0.2568029601466378,Elastic net
Meta-grade primary,1,4,R072-E16,Report-072,-0.1003353477310756,-0.2568029601466378,Elastic net
Meta-grade primary,1,4,R072-E17,Report-072,-0.1409255760704939,-0.2568029601466378,Elastic net
Meta-grade primary,1,4,R072-E18,Report-072,-0.1307398500288783,-0.2568029601466378,Elastic net
Meta-grade primary,1,4,R072-E19,Report-072,-0.1104469157900972,-0.2568029601466378,Elastic net
Meta-grade primary,1,4,R072-E20,Report-072,-0.1307398500288783,-0.2568029601466378,Elastic net
Meta-grade primary,1,4,R072-E21,Report-072,-0.171666663500579,-0.2568029601466378,Elastic net
Meta-grade primary,1,4,R072-E22,Report-072,-0.0801713250375896,-0.2568029601466378,Elastic net
Meta-grade primary,1,4,R072-E23,Report-072,0.0,-0.2568029601466378,Elastic net
Meta-grade primary,1,4,R072-E24,Report-072,-0.0500417292784913,-0.2568029601466378,Elastic net
Meta-grade primary,1,4,R072-E25,Report-072,-0.0600721559210316,-0.2568029601466378,Elastic net
Meta-grade primary,1,4,R072-E26,Report-072,-0.0300090048631265,-0.2568029601466378,Elastic net
Meta-grade primary,1,4,R072-E27,Report-072,-0.0400213538367682,-0.2568029601466378,Elastic net
Meta-grade primary,1,4,R072-E28,Report-072,-0.0600721559210316,-0.2568029601466378,Elastic net
Meta-grade primary,1,4,R080-E01,Report-080,-0.2528572088918466,-0.2568029601466378,Elastic net
Meta-grade primary,1,4,R047-E01,Report-047,-0.1793019968128792,-0.10677406302191786,Random forest
Meta-grade primary,1,4,R060-E01,Report-060,-0.0347701371385076,-0.2620089446077793,Random forest
Meta-grade primary,1,4,R060-E02,Report-060,0.0225633372390231,-0.2829732788955544,Random forest
Meta-grade primary,1,4,R072-E01,Report-072,-0.0801713250375896,-0.18895251900504556,Random forest
Meta-grade primary,1,4,R072-E02,Report-072,-0.0400213538367682,-0.18895251900504556,Random forest
Meta-grade primary,1,4,R072-E03,Report-072,-0.0701146706543252,-0.18895251900504556,Random forest
Meta-grade primary,1,4,R072-E04,Report-072,-0.0701146706543252,-0.18645031874116103,Random forest
Meta-grade primary,1,4,R072-E05,Report-072,-0.0902441878561468,-0.18645031874116103,Random forest
Meta-grade primary,1,4,R072-E06,Report-072,-0.0902441878561468,-0.18645031874116103,Random forest
Meta-grade primary,1,4,R072-E07,Report-072,-0.1104469157900972,-0.21439981137530487,Random forest
Meta-grade primary,1,4,R072-E08,Report-072,-0.0600721559210316,-0.18893019956104629,Random forest
Meta-grade primary,1,4,R072-E09,Report-072,0.0200026673068496,-0.18893019956104629,Random forest
Meta-grade primary,1,4,R072-E10,Report-072,-0.0400213538367682,-0.18893019956104629,Random forest
Meta-grade primary,1,4,R072-E11,Report-072,-0.0400213538367682,-0.18616419200213052,Random forest
Meta-grade primary,1,4,R072-E12,Report-072,0.0300090048631264,-0.18616419200213052,Random forest
Meta-grade primary,1,4,R072-E13,Report-072,0.0,-0.18616419200213052,Random forest
Meta-grade primary,1,4,R072-E14,Report-072,-0.0200026673068496,-0.21440684684510014,Random forest
Meta-grade primary,1,4,R072-E15,Report-072,-0.1307398500288783,-0.18893019956104629,Random forest
Meta-grade primary,1,4,R072-E16,Report-072,-0.1003353477310756,-0.18893019956104629,Random forest
Meta-grade primary,1,4,R072-E17,Report-072,-0.1409255760704939,-0.18893019956104629,Random forest
Meta-grade primary,1,4,R072-E18,Report-072,-0.1307398500288783,-0.18616419200213052,Random forest
Meta-grade primary,1,4,R072-E19,Report-072,-0.1104469157900972,-0.18616419200213052,Random forest
Meta-grade primary,1,4,R072-E20,Report-072,-0.1307398500288783,-0.18616419200213052,Random forest
Meta-grade primary,1,4,R072-E21,Report-072,-0.171666663500579,-0.21440684684510014,Random forest
Meta-grade primary,1,4,R072-E22,Report-072,-0.0801713250375896,-0.18829505782412634,Random forest
Meta-grade primary,1,4,R072-E23,Report-072,0.0,-0.18829505782412634,Random forest
Meta-grade primary,1,4,R072-E24,Report-072,-0.0500417292784913,-0.18829505782412634,Random forest
Meta-grade primary,1,4,R072-E25,Report-072,-0.0600721559210316,-0.18489227426692842,Random forest
Meta-grade primary,1,4,R072-E26,Report-072,-0.0300090048631265,-0.18489227426692842,Random forest
Meta-grade primary,1,4,R072-E27,Report-072,-0.0400213538367682,-0.18489227426692842,Random forest
Meta-grade primary,1,4,R072-E28,Report-072,-0.0600721559210316,-0.21430697401522164,Random forest
Meta-grade primary,1,4,R080-E01,Report-080,-0.2528572088918466,-0.3180720168348645,Random forest
Meta-grade primary,1,4,R047-E01,Report-047,-0.1793019968128792,-0.05542205903071567,Gradient boosting
Meta-grade primary,1,4,R060-E01,Report-060,-0.0347701371385076,-0.23293589619614835,Gradient boosting
Meta-grade primary,1,4,R060-E02,Report-060,0.0225633372390231,-0.2171419154350591,Gradient boosting
Meta-grade primary,1,4,R072-E01,Report-072,-0.0801713250375896,-0.18294928843921834,Gradient boosting
Meta-grade primary,1,4,R072-E02,Report-072,-0.0400213538367682,-0.18294928843921834,Gradient boosting
Meta-grade primary,1,4,R072-E03,Report-072,-0.0701146706543252,-0.18294928843921834,Gradient boosting
Meta-grade primary,1,4,R072-E04,Report-072,-0.0701146706543252,-0.07456914792491648,Gradient boosting
Meta-grade primary,1,4,R072-E05,Report-072,-0.0902441878561468,-0.07456914792491648,Gradient boosting
Meta-grade primary,1,4,R072-E06,Report-072,-0.0902441878561468,-0.07456914792491648,Gradient boosting
Meta-grade primary,1,4,R072-E07,Report-072,-0.1104469157900972,-0.25442781442128853,Gradient boosting
Meta-grade primary,1,4,R072-E08,Report-072,-0.0600721559210316,-0.1650864085595691,Gradient boosting
Meta-grade primary,1,4,R072-E09,Report-072,0.0200026673068496,-0.1650864085595691,Gradient boosting
Meta-grade primary,1,4,R072-E10,Report-072,-0.0400213538367682,-0.1650864085595691,Gradient boosting
Meta-grade primary,1,4,R072-E11,Report-072,-0.0400213538367682,-0.07010039387017414,Gradient boosting
Meta-grade primary,1,4,R072-E12,Report-072,0.0300090048631264,-0.07010039387017414,Gradient boosting
Meta-grade primary,1,4,R072-E13,Report-072,0.0,-0.07010039387017414,Gradient boosting
Meta-grade primary,1,4,R072-E14,Report-072,-0.0200026673068496,-0.23479734134296268,Gradient boosting
Meta-grade primary,1,4,R072-E15,Report-072,-0.1307398500288783,-0.1650864085595691,Gradient boosting
Meta-grade primary,1,4,R072-E16,Report-072,-0.1003353477310756,-0.1650864085595691,Gradient boosting
Meta-grade primary,1,4,R072-E17,Report-072,-0.1409255760704939,-0.1650864085595691,Gradient boosting
Meta-grade primary,1,4,R072-E18,Report-072,-0.1307398500288783,-0.07010039387017414,Gradient boosting
Meta-grade primary,1,4,R072-E19,Report-072,-0.1104469157900972,-0.07010039387017414,Gradient boosting
Meta-grade primary,1,4,R072-E20,Report-072,-0.1307398500288783,-0.07010039387017414,Gradient boosting
Meta-grade primary,1,4,R072-E21,Report-072,-0.171666663500579,-0.23479734134296268,Gradient boosting
Meta-grade primary,1,4,R072-E22,Report-072,-0.0801713250375896,-0.1945707631182969,Gradient boosting
Meta-grade primary,1,4,R072-E23,Report-072,0.0,-0.1945707631182969,Gradient boosting
Meta-grade primary,1,4,R072-E24,Report-072,-0.0500417292784913,-0.1945707631182969,Gradient boosting
Meta-grade primary,1,4,R072-E25,Report-072,-0.0600721559210316,-0.004044127512805967,Gradient boosting
Meta-grade primary,1,4,R072-E26,Report-072,-0.0300090048631265,-0.004044127512805967,Gradient boosting
Meta-grade primary,1,4,R072-E27,Report-072,-0.0400213538367682,-0.004044127512805967,Gradient boosting
Meta-grade primary,1,4,R072-E28,Report-072,-0.0600721559210316,-0.2694923388249585,Gradient boosting
Meta-grade primary,1,4,R080-E01,Report-080,-0.2528572088918466,-0.3206274431735131,Gradient boosting
Meta-grade primary,1,5,R004-E01,Report-004,-0.3205454093019461,-0.2218332043511115,Null (training mean)
Meta-grade primary,1,5,R004-E02,Report-004,-0.2447741126593529,-0.2218332043511115,Null (training mean)
Meta-grade primary,1,5,R013-E01,Report-013,-0.2236561090218323,-0.2218332043511115,Null (training mean)
Meta-grade primary,1,5,R013-E02,Report-013,-0.2236561090218323,-0.2218332043511115,Null (training mean)
Meta-grade primary,1,5,R013-E03,Report-013,-0.3205454093019461,-0.2218332043511115,Null (training mean)
Meta-grade primary,1,5,R040-E01,Report-040,-0.3205454093019461,-0.2218332043511115,Null (training mean)
Meta-grade primary,1,5,R040-E02,Report-040,-0.2985662636601783,-0.2218332043511115,Null (training mean)
Meta-grade primary,1,5,R054-E01,ABCD,0.0193634892783448,-0.2218332043511115,Null (training mean)
Meta-grade primary,1,5,R054-E02,ABCD,0.2397551747487654,-0.2218332043511115,Null (training mean)
Meta-grade primary,1,5,R054-E03,ABCD,0.07289783189626,-0.2218332043511115,Null (training mean)
Meta-grade primary,1,5,R054-E04,ABCD,0.07289783189626,-0.2218332043511115,Null (training mean)
Meta-grade primary,1,5,R079-E01,Report-079,-0.7752987062055835,-0.2218332043511115,Null (training mean)
Meta-grade primary,1,5,R146-E01,ABCD,0.042331853503913,-0.2218332043511115,Null (training mean)
Meta-grade primary,1,5,R146-E02,ABCD,0.0428847693265876,-0.2218332043511115,Null (training mean)
Meta-grade primary,1,5,R146-E03,ABCD,0.0435557950576516,-0.2218332043511115,Null (training mean)
Meta-grade primary,1,5,R146-E04,ABCD,0.044667269272793,-0.2218332043511115,Null (training mean)
Meta-grade primary,1,5,R146-E05,ABCD,0.06973403309124,-0.2218332043511115,Null (training mean)
Meta-grade primary,1,5,R146-E06,ABCD,0.0788945153409791,-0.2218332043511115,Null (training mean)
Meta-grade primary,1,5,R146-E07,ABCD,0.0609555888092744,-0.2218332043511115,Null (training mean)
Meta-grade primary,1,5,R146-E08,ABCD,0.0663784704358779,-0.2218332043511115,Null (training mean)
Meta-grade primary,1,5,R146-E09,ABCD,0.0677611969331547,-0.2218332043511115,Null (training mean)
Meta-grade primary,1,5,R146-E10,ABCD,0.0803465762235214,-0.2218332043511115,Null (training mean)
Meta-grade primary,1,5,R146-E11,ABCD,0.0492903581043352,-0.2218332043511115,Null (training mean)
Meta-grade primary,1,5,R146-E12,ABCD,0.0548953988142855,-0.2218332043511115,Null (training mean)
Meta-grade primary,1,5,R146-E13,ABCD,0.0640763352129479,-0.2218332043511115,Null (training mean)
Meta-grade primary,1,5,R146-E14,ABCD,0.0911381831856409,-0.2218332043511115,Null (training mean)
Meta-grade primary,1,5,R146-E15,ABCD,0.0779265404379476,-0.2218332043511115,Null (training mean)
Meta-grade primary,1,5,R151-E01,All Our Families,-0.0805913395179724,-0.2218332043511115,Null (training mean)
Meta-grade primary,1,5,R151-E02,All Our Families,-0.1187477867055022,-0.2218332043511115,Null (training mean)
Meta-grade primary,1,5,R151-E03,All Our Families,-0.1441492679971068,-0.2218332043511115,Null (training mean)
Meta-grade primary,1,5,R151-E04,All Our Families,-0.0361119842872121,-0.2218332043511115,Null (training mean)
Meta-grade primary,1,5,R151-E05,All Our Families,-0.0886707286544282,-0.2218332043511115,Null (training mean)
Meta-grade primary,1,5,R004-E01,Report-004,-0.3205454093019461,-0.25384330460777615,Ridge
Meta-grade primary,1,5,R004-E02,Report-004,-0.2447741126593529,-0.262185328939381,Ridge
Meta-grade primary,1,5,R013-E01,Report-013,-0.2236561090218323,-0.251091908955277,Ridge
Meta-grade primary,1,5,R013-E02,Report-013,-0.2236561090218323,-0.2343040171478505,Ridge
Meta-grade primary,1,5,R013-E03,Report-013,-0.3205454093019461,-0.27684258275067075,Ridge
Meta-grade primary,1,5,R040-E01,Report-040,-0.3205454093019461,-0.2623132503249221,Ridge
Meta-grade primary,1,5,R040-E02,Report-040,-0.2985662636601783,-0.2623132503249221,Ridge
Meta-grade primary,1,5,R054-E01,ABCD,0.0193634892783448,-0.08898589675328566,Ridge
Meta-grade primary,1,5,R054-E02,ABCD,0.2397551747487654,-0.08898589675328566,Ridge
Meta-grade primary,1,5,R054-E03,ABCD,0.07289783189626,-0.0948765972120893,Ridge
Meta-grade primary,1,5,R054-E04,ABCD,0.07289783189626,-0.0948765972120893,Ridge
Meta-grade primary,1,5,R079-E01,Report-079,-0.7752987062055835,-0.22103191867757646,Ridge
Meta-grade primary,1,5,R146-E01,ABCD,0.042331853503913,-0.07772398289931179,Ridge
Meta-grade primary,1,5,R146-E02,ABCD,0.0428847693265876,-0.08914833632350513,Ridge
Meta-grade primary,1,5,R146-E03,ABCD,0.0435557950576516,-0.09580697368388746,Ridge
Meta-grade primary,1,5,R146-E04,ABCD,0.044667269272793,-0.06902487988401942,Ridge
Meta-grade primary,1,5,R146-E05,ABCD,0.06973403309124,-0.08044923330821277,Ridge
Meta-grade primary,1,5,R146-E06,ABCD,0.0788945153409791,-0.08710787066859507,Ridge
Meta-grade primary,1,5,R146-E07,ABCD,0.0609555888092744,-0.08636778875042095,Ridge
Meta-grade primary,1,5,R146-E08,ABCD,0.0663784704358779,-0.0791922989920959,Ridge
Meta-grade primary,1,5,R146-E09,ABCD,0.0677611969331547,-0.09073026864070538,Ridge
Meta-grade primary,1,5,R146-E10,ABCD,0.0803465762235214,-0.09744921456133335,Ridge
Meta-grade primary,1,5,R146-E11,ABCD,0.0492903581043352,-0.09711220368437695,Ridge
Meta-grade primary,1,5,R146-E12,ABCD,0.0548953988142855,-0.0791922989920959,Ridge
Meta-grade primary,1,5,R146-E13,ABCD,0.0640763352129479,-0.09073026864070538,Ridge
Meta-grade primary,1,5,R146-E14,ABCD,0.0911381831856409,-0.09744921456133335,Ridge
Meta-grade primary,1,5,R146-E15,ABCD,0.0779265404379476,-0.09711220368437695,Ridge
Meta-grade primary,1,5,R151-E01,All Our Families,-0.0805913395179724,-0.10966037461307132,Ridge
Meta-grade primary,1,5,R151-E02,All Our Families,-0.1187477867055022,-0.08874869134974872,Ridge
Meta-grade primary,1,5,R151-E03,All Our Families,-0.1441492679971068,-0.08874869134974872,Ridge
Meta-grade primary,1,5,R151-E04,All Our Families,-0.0361119842872121,-0.08874869134974872,Ridge
Meta-grade primary,1,5,R151-E05,All Our Families,-0.0886707286544282,-0.08874869134974872,Ridge
Meta-grade primary,1,5,R004-E01,Report-004,-0.3205454093019461,-0.30395751742772087,Elastic net
Meta-grade primary,1,5,R004-E02,Report-004,-0.2447741126593529,-0.3041260766288256,Elastic net
Meta-grade primary,1,5,R013-E01,Report-013,-0.2236561090218323,-0.29641595661361264,Elastic net
Meta-grade primary,1,5,R013-E02,Report-013,-0.2236561090218323,-0.26233580770480786,Elastic net
Meta-grade primary,1,5,R013-E03,Report-013,-0.3205454093019461,-0.3590544520073722,Elastic net
Meta-grade primary,1,5,R040-E01,Report-040,-0.3205454093019461,-0.27814595928997754,Elastic net
Meta-grade primary,1,5,R040-E02,Report-040,-0.2985662636601783,-0.27814595928997754,Elastic net
Meta-grade primary,1,5,R054-E01,ABCD,0.0193634892783448,0.05632752871536667,Elastic net
Meta-grade primary,1,5,R054-E02,ABCD,0.2397551747487654,0.05632752871536667,Elastic net
Meta-grade primary,1,5,R054-E03,ABCD,0.07289783189626,0.06218721336077446,Elastic net
Meta-grade primary,1,5,R054-E04,ABCD,0.07289783189626,0.06218721336077446,Elastic net
Meta-grade primary,1,5,R079-E01,Report-079,-0.7752987062055835,-0.2323255411682396,Elastic net
Meta-grade primary,1,5,R146-E01,ABCD,0.042331853503913,0.10976329696861703,Elastic net
Meta-grade primary,1,5,R146-E02,ABCD,0.0428847693265876,0.08154467678301108,Elastic net
Meta-grade primary,1,5,R146-E03,ABCD,0.0435557950576516,0.06510737083042892,Elastic net
Meta-grade primary,1,5,R146-E04,ABCD,0.044667269272793,0.10993185616972173,Elastic net
Meta-grade primary,1,5,R146-E05,ABCD,0.06973403309124,0.08171323598411581,Elastic net
Meta-grade primary,1,5,R146-E06,ABCD,0.0788945153409791,0.06527593003153362,Elastic net
Meta-grade primary,1,5,R146-E07,ABCD,0.0609555888092744,0.06709557544047384,Elastic net
Meta-grade primary,1,5,R146-E08,ABCD,0.0663784704358779,0.10525505272445362,Elastic net
Meta-grade primary,1,5,R146-E09,ABCD,0.0677611969331547,0.07675583039383779,Elastic net
Meta-grade primary,1,5,R146-E10,ABCD,0.0803465762235214,0.060169578184201655,Elastic net
Meta-grade primary,1,5,R146-E11,ABCD,0.0492903581043352,0.060993744300125,Elastic net
Meta-grade primary,1,5,R146-E12,ABCD,0.0548953988142855,0.10525505272445362,Elastic net
Meta-grade primary,1,5,R146-E13,ABCD,0.0640763352129479,0.07675583039383779,Elastic net
Meta-grade primary,1,5,R146-E14,ABCD,0.0911381831856409,0.060169578184201655,Elastic net
Meta-grade primary,1,5,R146-E15,ABCD,0.0779265404379476,0.060993744300125,Elastic net
Meta-grade primary,1,5,R151-E01,All Our Families,-0.0805913395179724,0.021500382282811703,Elastic net
Meta-grade primary,1,5,R151-E02,All Our Families,-0.1187477867055022,0.06516215197983685,Elastic net
Meta-grade primary,1,5,R151-E03,All Our Families,-0.1441492679971068,0.06516215197983685,Elastic net
Meta-grade primary,1,5,R151-E04,All Our Families,-0.0361119842872121,0.06516215197983685,Elastic net
Meta-grade primary,1,5,R151-E05,All Our Families,-0.0886707286544282,0.06516215197983685,Elastic net
Meta-grade primary,1,5,R004-E01,Report-004,-0.3205454093019461,-0.20923913933841967,Random forest
Meta-grade primary,1,5,R004-E02,Report-004,-0.2447741126593529,-0.2098758064096933,Random forest
Meta-grade primary,1,5,R013-E01,Report-013,-0.2236561090218323,-0.25204913038882854,Random forest
Meta-grade primary,1,5,R013-E02,Report-013,-0.2236561090218323,-0.20625936192663644,Random forest
Meta-grade primary,1,5,R013-E03,Report-013,-0.3205454093019461,-0.36706048083783366,Random forest
Meta-grade primary,1,5,R040-E01,Report-040,-0.3205454093019461,-0.1720504134136099,Random forest
Meta-grade primary,1,5,R040-E02,Report-040,-0.2985662636601783,-0.1720504134136099,Random forest
Meta-grade primary,1,5,R054-E01,ABCD,0.0193634892783448,-0.035049506755033676,Random forest
Meta-grade primary,1,5,R054-E02,ABCD,0.2397551747487654,-0.035049506755033676,Random forest
Meta-grade primary,1,5,R054-E03,ABCD,0.07289783189626,-0.05596943821380844,Random forest
Meta-grade primary,1,5,R054-E04,ABCD,0.07289783189626,-0.05596943821380844,Random forest
Meta-grade primary,1,5,R079-E01,Report-079,-0.7752987062055835,-0.19616380688302026,Random forest
Meta-grade primary,1,5,R146-E01,ABCD,0.042331853503913,-0.08480078120591548,Random forest
Meta-grade primary,1,5,R146-E02,ABCD,0.0428847693265876,-0.08480078120591548,Random forest
Meta-grade primary,1,5,R146-E03,ABCD,0.0435557950576516,-0.08480078120591548,Random forest
Meta-grade primary,1,5,R146-E04,ABCD,0.044667269272793,-0.06945106326633857,Random forest
Meta-grade primary,1,5,R146-E05,ABCD,0.06973403309124,-0.06945106326633857,Random forest
Meta-grade primary,1,5,R146-E06,ABCD,0.0788945153409791,-0.06945106326633857,Random forest
Meta-grade primary,1,5,R146-E07,ABCD,0.0609555888092744,-0.06945106326633857,Random forest
Meta-grade primary,1,5,R146-E08,ABCD,0.0663784704358779,-0.08875672264892012,Random forest
Meta-grade primary,1,5,R146-E09,ABCD,0.0677611969331547,-0.08875672264892012,Random forest
Meta-grade primary,1,5,R146-E10,ABCD,0.0803465762235214,-0.08875672264892012,Random forest
Meta-grade primary,1,5,R146-E11,ABCD,0.0492903581043352,-0.08875672264892012,Random forest
Meta-grade primary,1,5,R146-E12,ABCD,0.0548953988142855,-0.08875672264892012,Random forest
Meta-grade primary,1,5,R146-E13,ABCD,0.0640763352129479,-0.08875672264892012,Random forest
Meta-grade primary,1,5,R146-E14,ABCD,0.0911381831856409,-0.08875672264892012,Random forest
Meta-grade primary,1,5,R146-E15,ABCD,0.0779265404379476,-0.08875672264892012,Random forest
Meta-grade primary,1,5,R151-E01,All Our Families,-0.0805913395179724,-0.10658596942783698,Random forest
Meta-grade primary,1,5,R151-E02,All Our Families,-0.1187477867055022,-0.09027478907035438,Random forest
Meta-grade primary,1,5,R151-E03,All Our Families,-0.1441492679971068,-0.09027478907035438,Random forest
Meta-grade primary,1,5,R151-E04,All Our Families,-0.0361119842872121,-0.09027478907035438,Random forest
Meta-grade primary,1,5,R151-E05,All Our Families,-0.0886707286544282,-0.09027478907035438,Random forest
Meta-grade primary,1,5,R004-E01,Report-004,-0.3205454093019461,-0.20818402927787863,Gradient boosting
Meta-grade primary,1,5,R004-E02,Report-004,-0.2447741126593529,-0.24864166789566164,Gradient boosting
Meta-grade primary,1,5,R013-E01,Report-013,-0.2236561090218323,-0.3019977662176889,Gradient boosting
Meta-grade primary,1,5,R013-E02,Report-013,-0.2236561090218323,-0.2611734298805028,Gradient boosting
Meta-grade primary,1,5,R013-E03,Report-013,-0.3205454093019461,-0.303325483054392,Gradient boosting
Meta-grade primary,1,5,R040-E01,Report-040,-0.3205454093019461,-0.1364120676562662,Gradient boosting
Meta-grade primary,1,5,R040-E02,Report-040,-0.2985662636601783,-0.1364120676562662,Gradient boosting
Meta-grade primary,1,5,R054-E01,ABCD,0.0193634892783448,0.01654326989022524,Gradient boosting
Meta-grade primary,1,5,R054-E02,ABCD,0.2397551747487654,0.01654326989022524,Gradient boosting
Meta-grade primary,1,5,R054-E03,ABCD,0.07289783189626,-0.004371746682481807,Gradient boosting
Meta-grade primary,1,5,R054-E04,ABCD,0.07289783189626,-0.004371746682481807,Gradient boosting
Meta-grade primary,1,5,R079-E01,Report-079,-0.7752987062055835,-0.15752586209634617,Gradient boosting
Meta-grade primary,1,5,R146-E01,ABCD,0.042331853503913,-0.1307519696349473,Gradient boosting
Meta-grade primary,1,5,R146-E02,ABCD,0.0428847693265876,-0.1307519696349473,Gradient boosting
Meta-grade primary,1,5,R146-E03,ABCD,0.0435557950576516,-0.1307519696349473,Gradient boosting
Meta-grade primary,1,5,R146-E04,ABCD,0.044667269272793,-0.10525892657998641,Gradient boosting
Meta-grade primary,1,5,R146-E05,ABCD,0.06973403309124,-0.10525892657998641,Gradient boosting
Meta-grade primary,1,5,R146-E06,ABCD,0.0788945153409791,-0.10525892657998641,Gradient boosting
Meta-grade primary,1,5,R146-E07,ABCD,0.0609555888092744,-0.10525892657998641,Gradient boosting
Meta-grade primary,1,5,R146-E08,ABCD,0.0663784704358779,-0.12664715938855856,Gradient boosting
Meta-grade primary,1,5,R146-E09,ABCD,0.0677611969331547,-0.12664715938855856,Gradient boosting
Meta-grade primary,1,5,R146-E10,ABCD,0.0803465762235214,-0.12664715938855856,Gradient boosting
Meta-grade primary,1,5,R146-E11,ABCD,0.0492903581043352,-0.12664715938855856,Gradient boosting
Meta-grade primary,1,5,R146-E12,ABCD,0.0548953988142855,-0.12664715938855856,Gradient boosting
Meta-grade primary,1,5,R146-E13,ABCD,0.0640763352129479,-0.12664715938855856,Gradient boosting
Meta-grade primary,1,5,R146-E14,ABCD,0.0911381831856409,-0.12664715938855856,Gradient boosting
Meta-grade primary,1,5,R146-E15,ABCD,0.0779265404379476,-0.12664715938855856,Gradient boosting
Meta-grade primary,1,5,R151-E01,All Our Families,-0.0805913395179724,-0.03695654667052095,Gradient boosting
Meta-grade primary,1,5,R151-E02,All Our Families,-0.1187477867055022,-0.00898196969794937,Gradient boosting
Meta-grade primary,1,5,R151-E03,All Our Families,-0.1441492679971068,-0.00898196969794937,Gradient boosting
Meta-grade primary,1,5,R151-E04,All Our Families,-0.0361119842872121,-0.00898196969794937,Gradient boosting
Meta-grade primary,1,5,R151-E05,All Our Families,-0.0886707286544282,-0.00898196969794937,Gradient boosting
Meta-grade primary,2,1,R013-E01,Report-013,-0.2236561090218323,-0.22491856858345105,Null (training mean)
Meta-grade primary,2,1,R013-E02,Report-013,-0.2236561090218323,-0.22491856858345105,Null (training mean)
Meta-grade primary,2,1,R013-E03,Report-013,-0.3205454093019461,-0.22491856858345105,Null (training mean)
Meta-grade primary,2,1,R040-E01,Report-040,-0.3205454093019461,-0.22491856858345105,Null (training mean)
Meta-grade primary,2,1,R040-E02,Report-040,-0.2985662636601783,-0.22491856858345105,Null (training mean)
Meta-grade primary,2,1,R054-E01,ABCD,0.0193634892783448,-0.22491856858345105,Null (training mean)
Meta-grade primary,2,1,R054-E02,ABCD,0.2397551747487654,-0.22491856858345105,Null (training mean)
Meta-grade primary,2,1,R054-E03,ABCD,0.07289783189626,-0.22491856858345105,Null (training mean)
Meta-grade primary,2,1,R054-E04,ABCD,0.07289783189626,-0.22491856858345105,Null (training mean)
Meta-grade primary,2,1,R077-E01,Report-077,-0.4000596500560565,-0.22491856858345105,Null (training mean)
Meta-grade primary,2,1,R125-E01,Report-125,-0.2768638226551,-0.22491856858345105,Null (training mean)
Meta-grade primary,2,1,R125-E02,Report-125,-0.4000596500560566,-0.22491856858345105,Null (training mean)
Meta-grade primary,2,1,R139-E01,Report-139,-0.4641361793172199,-0.22491856858345105,Null (training mean)
Meta-grade primary,2,1,R146-E01,ABCD,0.042331853503913,-0.22491856858345105,Null (training mean)
Meta-grade primary,2,1,R146-E02,ABCD,0.0428847693265876,-0.22491856858345105,Null (training mean)
Meta-grade primary,2,1,R146-E03,ABCD,0.0435557950576516,-0.22491856858345105,Null (training mean)
Meta-grade primary,2,1,R146-E04,ABCD,0.044667269272793,-0.22491856858345105,Null (training mean)
Meta-grade primary,2,1,R146-E05,ABCD,0.06973403309124,-0.22491856858345105,Null (training mean)
Meta-grade primary,2,1,R146-E06,ABCD,0.0788945153409791,-0.22491856858345105,Null (training mean)
Meta-grade primary,2,1,R146-E07,ABCD,0.0609555888092744,-0.22491856858345105,Null (training mean)
Meta-grade primary,2,1,R146-E08,ABCD,0.0663784704358779,-0.22491856858345105,Null (training mean)
Meta-grade primary,2,1,R146-E09,ABCD,0.0677611969331547,-0.22491856858345105,Null (training mean)
Meta-grade primary,2,1,R146-E10,ABCD,0.0803465762235214,-0.22491856858345105,Null (training mean)
Meta-grade primary,2,1,R146-E11,ABCD,0.0492903581043352,-0.22491856858345105,Null (training mean)
Meta-grade primary,2,1,R146-E12,ABCD,0.0548953988142855,-0.22491856858345105,Null (training mean)
Meta-grade primary,2,1,R146-E13,ABCD,0.0640763352129479,-0.22491856858345105,Null (training mean)
Meta-grade primary,2,1,R146-E14,ABCD,0.0911381831856409,-0.22491856858345105,Null (training mean)
Meta-grade primary,2,1,R146-E15,ABCD,0.0779265404379476,-0.22491856858345105,Null (training mean)
Meta-grade primary,2,1,R151-E01,All Our Families,-0.0805913395179724,-0.22491856858345105,Null (training mean)
Meta-grade primary,2,1,R151-E02,All Our Families,-0.1187477867055022,-0.22491856858345105,Null (training mean)
Meta-grade primary,2,1,R151-E03,All Our Families,-0.1441492679971068,-0.22491856858345105,Null (training mean)
Meta-grade primary,2,1,R151-E04,All Our Families,-0.0361119842872121,-0.22491856858345105,Null (training mean)
Meta-grade primary,2,1,R151-E05,All Our Families,-0.0886707286544282,-0.22491856858345105,Null (training mean)
Meta-grade primary,2,1,R013-E01,Report-013,-0.2236561090218323,-0.23416692438802209,Ridge
Meta-grade primary,2,1,R013-E02,Report-013,-0.2236561090218323,-0.23609116104879055,Ridge
Meta-grade primary,2,1,R013-E03,Report-013,-0.3205454093019461,-0.24816922450932927,Ridge
Meta-grade primary,2,1,R040-E01,Report-040,-0.3205454093019461,-0.2880328756387585,Ridge
Meta-grade primary,2,1,R040-E02,Report-040,-0.2985662636601783,-0.2880328756387585,Ridge
Meta-grade primary,2,1,R054-E01,ABCD,0.0193634892783448,-0.12322085412934056,Ridge
Meta-grade primary,2,1,R054-E02,ABCD,0.2397551747487654,-0.12322085412934056,Ridge
Meta-grade primary,2,1,R054-E03,ABCD,0.07289783189626,-0.12445156679985281,Ridge
Meta-grade primary,2,1,R054-E04,ABCD,0.07289783189626,-0.12445156679985281,Ridge
Meta-grade primary,2,1,R077-E01,Report-077,-0.4000596500560565,-0.2503353693563508,Ridge
Meta-grade primary,2,1,R125-E01,Report-125,-0.2768638226551,-0.18617616975571374,Ridge
Meta-grade primary,2,1,R125-E02,Report-125,-0.4000596500560566,-0.1879185541662643,Ridge
Meta-grade primary,2,1,R139-E01,Report-139,-0.4641361793172199,-0.24817068262705919,Ridge
Meta-grade primary,2,1,R146-E01,ABCD,0.042331853503913,-0.11478331273067197,Ridge
Meta-grade primary,2,1,R146-E02,ABCD,0.0428847693265876,-0.12126517337049957,Ridge
Meta-grade primary,2,1,R146-E03,ABCD,0.0435557950576516,-0.1250369360876616,Ridge
Meta-grade primary,2,1,R146-E04,ABCD,0.044667269272793,-0.12055869464498292,Ridge
Meta-grade primary,2,1,R146-E05,ABCD,0.06973403309124,-0.1270405552848105,Ridge
Meta-grade primary,2,1,R146-E06,ABCD,0.0788945153409791,-0.13081231800197254,Ridge
Meta-grade primary,2,1,R146-E07,ABCD,0.0609555888092744,-0.1303976903205022,Ridge
Meta-grade primary,2,1,R146-E08,ABCD,0.0663784704358779,-0.12419880548302403,Ridge
Meta-grade primary,2,1,R146-E09,ABCD,0.0677611969331547,-0.13074510706825587,Ridge
Meta-grade primary,2,1,R146-E10,ABCD,0.0803465762235214,-0.1345510756451722,Ridge
Meta-grade primary,2,1,R146-E11,ABCD,0.0492903581043352,-0.13436506213473776,Ridge
Meta-grade primary,2,1,R146-E12,ABCD,0.0548953988142855,-0.12419880548302403,Ridge
Meta-grade primary,2,1,R146-E13,ABCD,0.0640763352129479,-0.13074510706825587,Ridge
Meta-grade primary,2,1,R146-E14,ABCD,0.0911381831856409,-0.1345510756451722,Ridge
Meta-grade primary,2,1,R146-E15,ABCD,0.0779265404379476,-0.13436506213473776,Ridge
Meta-grade primary,2,1,R151-E01,All Our Families,-0.0805913395179724,-0.15883460993057527,Ridge
Meta-grade primary,2,1,R151-E02,All Our Families,-0.1187477867055022,-0.1076016485356065,Ridge
Meta-grade primary,2,1,R151-E03,All Our Families,-0.1441492679971068,-0.1076016485356065,Ridge
Meta-grade primary,2,1,R151-E04,All Our Families,-0.0361119842872121,-0.1076016485356065,Ridge
Meta-grade primary,2,1,R151-E05,All Our Families,-0.0886707286544282,-0.1076016485356065,Ridge
Meta-grade primary,2,1,R013-E01,Report-013,-0.2236561090218323,-0.2419336551713485,Elastic net
Meta-grade primary,2,1,R013-E02,Report-013,-0.2236561090218323,-0.2419336551713485,Elastic net
Meta-grade primary,2,1,R013-E03,Report-013,-0.3205454093019461,-0.2608062391094576,Elastic net
Meta-grade primary,2,1,R040-E01,Report-040,-0.3205454093019461,-0.2884833565555701,Elastic net
Meta-grade primary,2,1,R040-E02,Report-040,-0.2985662636601783,-0.2884833565555701,Elastic net
Meta-grade primary,2,1,R054-E01,ABCD,0.0193634892783448,-0.0694876753007228,Elastic net
Meta-grade primary,2,1,R054-E02,ABCD,0.2397551747487654,-0.0694876753007228,Elastic net
Meta-grade primary,2,1,R054-E03,ABCD,0.07289783189626,-0.06760167996316546,Elastic net
Meta-grade primary,2,1,R054-E04,ABCD,0.07289783189626,-0.06760167996316546,Elastic net
Meta-grade primary,2,1,R077-E01,Report-077,-0.4000596500560565,-0.23746662616426223,Elastic net
Meta-grade primary,2,1,R125-E01,Report-125,-0.2768638226551,-0.17439002752051316,Elastic net
Meta-grade primary,2,1,R125-E02,Report-125,-0.4000596500560566,-0.1767979135161487,Elastic net
Meta-grade primary,2,1,R139-E01,Report-139,-0.4641361793172199,-0.25621745433513865,Elastic net
Meta-grade primary,2,1,R146-E01,ABCD,0.042331853503913,-0.05644660505904342,Elastic net
Meta-grade primary,2,1,R146-E02,ABCD,0.0428847693265876,-0.06540593707332734,Elastic net
Meta-grade primary,2,1,R146-E03,ABCD,0.0435557950576516,-0.07061444547748164,Elastic net
Meta-grade primary,2,1,R146-E04,ABCD,0.044667269272793,-0.05644660505904342,Elastic net
Meta-grade primary,2,1,R146-E05,ABCD,0.06973403309124,-0.06540593707332734,Elastic net
Meta-grade primary,2,1,R146-E06,ABCD,0.0788945153409791,-0.07061444547748164,Elastic net
Meta-grade primary,2,1,R146-E07,ABCD,0.0609555888092744,-0.0700455189257658,Elastic net
Meta-grade primary,2,1,R146-E08,ABCD,0.0663784704358779,-0.05787737661504369,Elastic net
Meta-grade primary,2,1,R146-E09,ABCD,0.0677611969331547,-0.06692576271466302,Elastic net
Meta-grade primary,2,1,R146-E10,ABCD,0.0803465762235214,-0.07218154186468284,Elastic net
Meta-grade primary,2,1,R146-E11,ABCD,0.0492903581043352,-0.07192854838577684,Elastic net
Meta-grade primary,2,1,R146-E12,ABCD,0.0548953988142855,-0.05787737661504369,Elastic net
Meta-grade primary,2,1,R146-E13,ABCD,0.0640763352129479,-0.06692576271466302,Elastic net
Meta-grade primary,2,1,R146-E14,ABCD,0.0911381831856409,-0.07218154186468284,Elastic net
Meta-grade primary,2,1,R146-E15,ABCD,0.0779265404379476,-0.07192854838577684,Elastic net
Meta-grade primary,2,1,R151-E01,All Our Families,-0.0805913395179724,-0.14602636832176558,Elastic net
Meta-grade primary,2,1,R151-E02,All Our Families,-0.1187477867055022,-0.06851769446901501,Elastic net
Meta-grade primary,2,1,R151-E03,All Our Families,-0.1441492679971068,-0.06851769446901501,Elastic net
Meta-grade primary,2,1,R151-E04,All Our Families,-0.0361119842872121,-0.06851769446901501,Elastic net
Meta-grade primary,2,1,R151-E05,All Our Families,-0.0886707286544282,-0.06851769446901501,Elastic net
Meta-grade primary,2,1,R013-E01,Report-013,-0.2236561090218323,-0.2697685213741252,Random forest
Meta-grade primary,2,1,R013-E02,Report-013,-0.2236561090218323,-0.2574933968724873,Random forest
Meta-grade primary,2,1,R013-E03,Report-013,-0.3205454093019461,-0.30084585671858766,Random forest
Meta-grade primary,2,1,R040-E01,Report-040,-0.3205454093019461,-0.2980905978163207,Random forest
Meta-grade primary,2,1,R040-E02,Report-040,-0.2985662636601783,-0.2980905978163207,Random forest
Meta-grade primary,2,1,R054-E01,ABCD,0.0193634892783448,-0.04437522393502468,Random forest
Meta-grade primary,2,1,R054-E02,ABCD,0.2397551747487654,-0.04437522393502468,Random forest
Meta-grade primary,2,1,R054-E03,ABCD,0.07289783189626,-0.043979940356323376,Random forest
Meta-grade primary,2,1,R054-E04,ABCD,0.07289783189626,-0.043979940356323376,Random forest
Meta-grade primary,2,1,R077-E01,Report-077,-0.4000596500560565,-0.29095738948612204,Random forest
Meta-grade primary,2,1,R125-E01,Report-125,-0.2768638226551,-0.07170729623108409,Random forest
Meta-grade primary,2,1,R125-E02,Report-125,-0.4000596500560566,-0.0744390467194139,Random forest
Meta-grade primary,2,1,R139-E01,Report-139,-0.4641361793172199,-0.1187118247657983,Random forest
Meta-grade primary,2,1,R146-E01,ABCD,0.042331853503913,-0.13120120058763107,Random forest
Meta-grade primary,2,1,R146-E02,ABCD,0.0428847693265876,-0.13120120058763107,Random forest
Meta-grade primary,2,1,R146-E03,ABCD,0.0435557950576516,-0.13120120058763107,Random forest
Meta-grade primary,2,1,R146-E04,ABCD,0.044667269272793,-0.13293270035331137,Random forest
Meta-grade primary,2,1,R146-E05,ABCD,0.06973403309124,-0.13293270035331137,Random forest
Meta-grade primary,2,1,R146-E06,ABCD,0.0788945153409791,-0.13293270035331137,Random forest
Meta-grade primary,2,1,R146-E07,ABCD,0.0609555888092744,-0.13293270035331137,Random forest
Meta-grade primary,2,1,R146-E08,ABCD,0.0663784704358779,-0.12752381497054263,Random forest
Meta-grade primary,2,1,R146-E09,ABCD,0.0677611969331547,-0.12752381497054263,Random forest
Meta-grade primary,2,1,R146-E10,ABCD,0.0803465762235214,-0.12752381497054263,Random forest
Meta-grade primary,2,1,R146-E11,ABCD,0.0492903581043352,-0.12752381497054263,Random forest
Meta-grade primary,2,1,R146-E12,ABCD,0.0548953988142855,-0.12752381497054263,Random forest
Meta-grade primary,2,1,R146-E13,ABCD,0.0640763352129479,-0.12752381497054263,Random forest
Meta-grade primary,2,1,R146-E14,ABCD,0.0911381831856409,-0.12752381497054263,Random forest
Meta-grade primary,2,1,R146-E15,ABCD,0.0779265404379476,-0.12752381497054263,Random forest
Meta-grade primary,2,1,R151-E01,All Our Families,-0.0805913395179724,-0.22925567338711275,Random forest
Meta-grade primary,2,1,R151-E02,All Our Families,-0.1187477867055022,-0.13030417157938895,Random forest
Meta-grade primary,2,1,R151-E03,All Our Families,-0.1441492679971068,-0.13030417157938895,Random forest
Meta-grade primary,2,1,R151-E04,All Our Families,-0.0361119842872121,-0.13030417157938895,Random forest
Meta-grade primary,2,1,R151-E05,All Our Families,-0.0886707286544282,-0.13030417157938895,Random forest
Meta-grade primary,2,1,R013-E01,Report-013,-0.2236561090218323,-0.26007115066403474,Gradient boosting
Meta-grade primary,2,1,R013-E02,Report-013,-0.2236561090218323,-0.26007115066403474,Gradient boosting
Meta-grade primary,2,1,R013-E03,Report-013,-0.3205454093019461,-0.3193561861409526,Gradient boosting
Meta-grade primary,2,1,R040-E01,Report-040,-0.3205454093019461,-0.17259360961448006,Gradient boosting
Meta-grade primary,2,1,R040-E02,Report-040,-0.2985662636601783,-0.17259360961448006,Gradient boosting
Meta-grade primary,2,1,R054-E01,ABCD,0.0193634892783448,0.04502197977978008,Gradient boosting
Meta-grade primary,2,1,R054-E02,ABCD,0.2397551747487654,0.04502197977978008,Gradient boosting
Meta-grade primary,2,1,R054-E03,ABCD,0.07289783189626,0.03888034626856285,Gradient boosting
Meta-grade primary,2,1,R054-E04,ABCD,0.07289783189626,0.03888034626856285,Gradient boosting
Meta-grade primary,2,1,R077-E01,Report-077,-0.4000596500560565,-0.3882853585449049,Gradient boosting
Meta-grade primary,2,1,R125-E01,Report-125,-0.2768638226551,0.01913688019576758,Gradient boosting
Meta-grade primary,2,1,R125-E02,Report-125,-0.4000596500560566,0.010619523579496706,Gradient boosting
Meta-grade primary,2,1,R139-E01,Report-139,-0.4641361793172199,-0.06544919491717838,Gradient boosting
Meta-grade primary,2,1,R146-E01,ABCD,0.042331853503913,-0.08971883992023945,Gradient boosting
Meta-grade primary,2,1,R146-E02,ABCD,0.0428847693265876,-0.08971883992023945,Gradient boosting
Meta-grade primary,2,1,R146-E03,ABCD,0.0435557950576516,-0.08971883992023945,Gradient boosting
Meta-grade primary,2,1,R146-E04,ABCD,0.044667269272793,-0.09019892210720555,Gradient boosting
Meta-grade primary,2,1,R146-E05,ABCD,0.06973403309124,-0.09019892210720555,Gradient boosting
Meta-grade primary,2,1,R146-E06,ABCD,0.0788945153409791,-0.09019892210720555,Gradient boosting
Meta-grade primary,2,1,R146-E07,ABCD,0.0609555888092744,-0.09019892210720555,Gradient boosting
Meta-grade primary,2,1,R146-E08,ABCD,0.0663784704358779,-0.09676970579917475,Gradient boosting
Meta-grade primary,2,1,R146-E09,ABCD,0.0677611969331547,-0.09676970579917475,Gradient boosting
Meta-grade primary,2,1,R146-E10,ABCD,0.0803465762235214,-0.09676970579917475,Gradient boosting
Meta-grade primary,2,1,R146-E11,ABCD,0.0492903581043352,-0.09676970579917475,Gradient boosting
Meta-grade primary,2,1,R146-E12,ABCD,0.0548953988142855,-0.09676970579917475,Gradient boosting
Meta-grade primary,2,1,R146-E13,ABCD,0.0640763352129479,-0.09676970579917475,Gradient boosting
Meta-grade primary,2,1,R146-E14,ABCD,0.0911381831856409,-0.09676970579917475,Gradient boosting
Meta-grade primary,2,1,R146-E15,ABCD,0.0779265404379476,-0.09676970579917475,Gradient boosting
Meta-grade primary,2,1,R151-E01,All Our Families,-0.0805913395179724,-0.12333894601200292,Gradient boosting
Meta-grade primary,2,1,R151-E02,All Our Families,-0.1187477867055022,-0.10701029493212329,Gradient boosting
Meta-grade primary,2,1,R151-E03,All Our Families,-0.1441492679971068,-0.10701029493212329,Gradient boosting
Meta-grade primary,2,1,R151-E04,All Our Families,-0.0361119842872121,-0.10701029493212329,Gradient boosting
Meta-grade primary,2,1,R151-E05,All Our Families,-0.0886707286544282,-0.10701029493212329,Gradient boosting
Meta-grade primary,2,2,R012-E01,PSKC,-0.0500417292784912,-0.2522186216093174,Null (training mean)
Meta-grade primary,2,2,R012-E02,PSKC,0.1613866961315255,-0.2522186216093174,Null (training mean)
Meta-grade primary,2,2,R012-E03,PSKC,-0.0400213538367682,-0.2522186216093174,Null (training mean)
Meta-grade primary,2,2,R017-E01,Report-017,-0.2554128118829953,-0.2522186216093174,Null (training mean)
Meta-grade primary,2,2,R017-E02,Report-017,-0.2876820724517809,-0.2522186216093174,Null (training mean)
Meta-grade primary,2,2,R026-E01,Report-026,-0.2405339244255578,-0.2522186216093174,Null (training mean)
Meta-grade primary,2,2,R026-E02,Report-026,0.0310099360630968,-0.2522186216093174,Null (training mean)
Meta-grade primary,2,2,R032-E01,Report-032,-0.1923371692195453,-0.2522186216093174,Null (training mean)
Meta-grade primary,2,2,R032-E02,Report-032,-0.1307398500288784,-0.2522186216093174,Null (training mean)
Meta-grade primary,2,2,R033-E01,Report-033,-0.2027325540540822,-0.2522186216093174,Null (training mean)
Meta-grade primary,2,2,R033-E02,Report-033,-0.2447741126593529,-0.2522186216093174,Null (training mean)
Meta-grade primary,2,2,R033-E03,Report-033,-0.120581028408444,-0.2522186216093174,Null (training mean)
Meta-grade primary,2,2,R033-E04,Report-033,-0.0902441878561468,-0.2522186216093174,Null (training mean)
Meta-grade primary,2,2,R033-E05,Report-033,0.120581028408444,-0.2522186216093174,Null (training mean)
Meta-grade primary,2,2,R033-E06,Report-033,0.0100003333533347,-0.2522186216093174,Null (training mean)
Meta-grade primary,2,2,R033-E07,Report-033,-0.2131713465648597,-0.2522186216093174,Null (training mean)
Meta-grade primary,2,2,R033-E08,Report-033,-0.2447741126593529,-0.2522186216093174,Null (training mean)
Meta-grade primary,2,2,R033-E09,Report-033,-0.1511404359364668,-0.2522186216093174,Null (training mean)
Meta-grade primary,2,2,R033-E10,Report-033,-0.0902441878561468,-0.2522186216093174,Null (training mean)
Meta-grade primary,2,2,R033-E11,Report-033,0.0902441878561468,-0.2522186216093174,Null (training mean)
Meta-grade primary,2,2,R033-E12,Report-033,0.0500417292784912,-0.2522186216093174,Null (training mean)
Meta-grade primary,2,2,R033-E25,Report-033,0.144496864125946,-0.2522186216093174,Null (training mean)
Meta-grade primary,2,2,R033-E26,Report-033,0.1749689925367881,-0.2522186216093174,Null (training mean)
Meta-grade primary,2,2,R034-E01,Report-034,-0.1819826886007058,-0.2522186216093174,Null (training mean)
Meta-grade primary,2,2,R034-E02,Report-034,-0.2661084068736541,-0.2522186216093174,Null (training mean)
Meta-grade primary,2,2,R034-E03,Report-034,-0.2661084068736541,-0.2522186216093174,Null (training mean)
Meta-grade primary,2,2,R034-E04,Report-034,-0.2661084068736541,-0.2522186216093174,Null (training mean)
Meta-grade primary,2,2,R034-E05,Report-034,-0.1613866961315255,-0.2522186216093174,Null (training mean)
Meta-grade primary,2,2,R034-E06,Report-034,-0.2554128118829953,-0.2522186216093174,Null (training mean)
Meta-grade primary,2,2,R034-E07,Report-034,-0.2447741126593529,-0.2522186216093174,Null (training mean)
Meta-grade primary,2,2,R044-E01,PSKC,-0.0902441878561468,-0.2522186216093174,Null (training mean)
Meta-grade primary,2,2,R150-E01,Report-150,-0.2768638226551,-0.2522186216093174,Null (training mean)
Meta-grade primary,2,2,R012-E01,PSKC,-0.0500417292784912,-0.321595008366957,Ridge
Meta-grade primary,2,2,R012-E02,PSKC,0.1613866961315255,-0.32129424143413216,Ridge
Meta-grade primary,2,2,R012-E03,PSKC,-0.0400213538367682,-0.321595008366957,Ridge
Meta-grade primary,2,2,R017-E01,Report-017,-0.2554128118829953,-0.26868028171797437,Ridge
Meta-grade primary,2,2,R017-E02,Report-017,-0.2876820724517809,-0.26317266442469783,Ridge
Meta-grade primary,2,2,R026-E01,Report-026,-0.2405339244255578,-0.3237927093586166,Ridge
Meta-grade primary,2,2,R026-E02,Report-026,0.0310099360630968,-0.34921676569147775,Ridge
Meta-grade primary,2,2,R032-E01,Report-032,-0.1923371692195453,-0.30753929709875116,Ridge
Meta-grade primary,2,2,R032-E02,Report-032,-0.1307398500288784,-0.30753929709875116,Ridge
Meta-grade primary,2,2,R033-E01,Report-033,-0.2027325540540822,-0.30044971676537613,Ridge
Meta-grade primary,2,2,R033-E02,Report-033,-0.2447741126593529,-0.2949420994720996,Ridge
Meta-grade primary,2,2,R033-E03,Report-033,-0.120581028408444,-0.3020656622965444,Ridge
Meta-grade primary,2,2,R033-E04,Report-033,-0.0902441878561468,-0.2617978592703573,Ridge
Meta-grade primary,2,2,R033-E05,Report-033,0.120581028408444,-0.2562902419770808,Ridge
Meta-grade primary,2,2,R033-E06,Report-033,0.0100003333533347,-0.2634138048015256,Ridge
Meta-grade primary,2,2,R033-E07,Report-033,-0.2131713465648597,-0.30044971676537613,Ridge
Meta-grade primary,2,2,R033-E08,Report-033,-0.2447741126593529,-0.2949420994720996,Ridge
Meta-grade primary,2,2,R033-E09,Report-033,-0.1511404359364668,-0.3020656622965444,Ridge
Meta-grade primary,2,2,R033-E10,Report-033,-0.0902441878561468,-0.2617978592703573,Ridge
Meta-grade primary,2,2,R033-E11,Report-033,0.0902441878561468,-0.2562902419770808,Ridge
Meta-grade primary,2,2,R033-E12,Report-033,0.0500417292784912,-0.2634138048015256,Ridge
Meta-grade primary,2,2,R033-E25,Report-033,0.144496864125946,-0.269745537700883,Ridge
Meta-grade primary,2,2,R033-E26,Report-033,0.1749689925367881,-0.17317842517633059,Ridge
Meta-grade primary,2,2,R034-E01,Report-034,-0.1819826886007058,-0.3476160741137919,Ridge
Meta-grade primary,2,2,R034-E02,Report-034,-0.2661084068736541,-0.3476160741137919,Ridge
Meta-grade primary,2,2,R034-E03,Report-034,-0.2661084068736541,-0.3476160741137919,Ridge
Meta-grade primary,2,2,R034-E04,Report-034,-0.2661084068736541,-0.3476160741137919,Ridge
Meta-grade primary,2,2,R034-E05,Report-034,-0.1613866961315255,-0.3476160741137919,Ridge
Meta-grade primary,2,2,R034-E06,Report-034,-0.2554128118829953,-0.3476160741137919,Ridge
Meta-grade primary,2,2,R034-E07,Report-034,-0.2447741126593529,-0.3476160741137919,Ridge
Meta-grade primary,2,2,R044-E01,PSKC,-0.0902441878561468,-0.372606810907299,Ridge
Meta-grade primary,2,2,R150-E01,Report-150,-0.2768638226551,-0.31475757007597316,Ridge
Meta-grade primary,2,2,R012-E01,PSKC,-0.0500417292784912,-0.278635952132241,Elastic net
Meta-grade primary,2,2,R012-E02,PSKC,0.1613866961315255,-0.278635952132241,Elastic net
Meta-grade primary,2,2,R012-E03,PSKC,-0.0400213538367682,-0.278635952132241,Elastic net
Meta-grade primary,2,2,R017-E01,Report-017,-0.2554128118829953,-0.27582803472820316,Elastic net
Meta-grade primary,2,2,R017-E02,Report-017,-0.2876820724517809,-0.27582803472820316,Elastic net
Meta-grade primary,2,2,R026-E01,Report-026,-0.2405339244255578,-0.278635952132241,Elastic net
Meta-grade primary,2,2,R026-E02,Report-026,0.0310099360630968,-0.278635952132241,Elastic net
Meta-grade primary,2,2,R032-E01,Report-032,-0.1923371692195453,-0.278635952132241,Elastic net
Meta-grade primary,2,2,R032-E02,Report-032,-0.1307398500288784,-0.278635952132241,Elastic net
Meta-grade primary,2,2,R033-E01,Report-033,-0.2027325540540822,-0.27582803472820316,Elastic net
Meta-grade primary,2,2,R033-E02,Report-033,-0.2447741126593529,-0.27582803472820316,Elastic net
Meta-grade primary,2,2,R033-E03,Report-033,-0.120581028408444,-0.27582803472820316,Elastic net
Meta-grade primary,2,2,R033-E04,Report-033,-0.0902441878561468,-0.27582803472820316,Elastic net
Meta-grade primary,2,2,R033-E05,Report-033,0.120581028408444,-0.27582803472820316,Elastic net
Meta-grade primary,2,2,R033-E06,Report-033,0.0100003333533347,-0.27582803472820316,Elastic net
Meta-grade primary,2,2,R033-E07,Report-033,-0.2131713465648597,-0.27582803472820316,Elastic net
Meta-grade primary,2,2,R033-E08,Report-033,-0.2447741126593529,-0.27582803472820316,Elastic net
Meta-grade primary,2,2,R033-E09,Report-033,-0.1511404359364668,-0.27582803472820316,Elastic net
Meta-grade primary,2,2,R033-E10,Report-033,-0.0902441878561468,-0.27582803472820316,Elastic net
Meta-grade primary,2,2,R033-E11,Report-033,0.0902441878561468,-0.27582803472820316,Elastic net
Meta-grade primary,2,2,R033-E12,Report-033,0.0500417292784912,-0.27582803472820316,Elastic net
Meta-grade primary,2,2,R033-E25,Report-033,0.144496864125946,-0.27582803472820316,Elastic net
Meta-grade primary,2,2,R033-E26,Report-033,0.1749689925367881,-0.184447215915873,Elastic net
Meta-grade primary,2,2,R034-E01,Report-034,-0.1819826886007058,-0.278635952132241,Elastic net
Meta-grade primary,2,2,R034-E02,Report-034,-0.2661084068736541,-0.278635952132241,Elastic net
Meta-grade primary,2,2,R034-E03,Report-034,-0.2661084068736541,-0.278635952132241,Elastic net
Meta-grade primary,2,2,R034-E04,Report-034,-0.2661084068736541,-0.278635952132241,Elastic net
Meta-grade primary,2,2,R034-E05,Report-034,-0.1613866961315255,-0.278635952132241,Elastic net
Meta-grade primary,2,2,R034-E06,Report-034,-0.2554128118829953,-0.278635952132241,Elastic net
Meta-grade primary,2,2,R034-E07,Report-034,-0.2447741126593529,-0.278635952132241,Elastic net
Meta-grade primary,2,2,R044-E01,PSKC,-0.0902441878561468,-0.278635952132241,Elastic net
Meta-grade primary,2,2,R150-E01,Report-150,-0.2768638226551,-0.278635952132241,Elastic net
Meta-grade primary,2,2,R012-E01,PSKC,-0.0500417292784912,-0.3226139051858392,Random forest
Meta-grade primary,2,2,R012-E02,PSKC,0.1613866961315255,-0.32098420646470127,Random forest
Meta-grade primary,2,2,R012-E03,PSKC,-0.0400213538367682,-0.3226139051858392,Random forest
Meta-grade primary,2,2,R017-E01,Report-017,-0.2554128118829953,-0.373738480711921,Random forest
Meta-grade primary,2,2,R017-E02,Report-017,-0.2876820724517809,-0.3734630490374766,Random forest
Meta-grade primary,2,2,R026-E01,Report-026,-0.2405339244255578,-0.2270258797854544,Random forest
Meta-grade primary,2,2,R026-E02,Report-026,0.0310099360630968,-0.23301750546996183,Random forest
Meta-grade primary,2,2,R032-E01,Report-032,-0.1923371692195453,-0.212013482581849,Random forest
Meta-grade primary,2,2,R032-E02,Report-032,-0.1307398500288784,-0.212013482581849,Random forest
Meta-grade primary,2,2,R033-E01,Report-033,-0.2027325540540822,-0.36374090085086047,Random forest
Meta-grade primary,2,2,R033-E02,Report-033,-0.2447741126593529,-0.36372187405054596,Random forest
Meta-grade primary,2,2,R033-E03,Report-033,-0.120581028408444,-0.3658425832559113,Random forest
Meta-grade primary,2,2,R033-E04,Report-033,-0.0902441878561468,-0.20656191163011114,Random forest
Meta-grade primary,2,2,R033-E05,Report-033,0.120581028408444,-0.2062497394219908,Random forest
Meta-grade primary,2,2,R033-E06,Report-033,0.0100003333533347,-0.20924791742831142,Random forest
Meta-grade primary,2,2,R033-E07,Report-033,-0.2131713465648597,-0.36374090085086047,Random forest
Meta-grade primary,2,2,R033-E08,Report-033,-0.2447741126593529,-0.36372187405054596,Random forest
Meta-grade primary,2,2,R033-E09,Report-033,-0.1511404359364668,-0.3658425832559113,Random forest
Meta-grade primary,2,2,R033-E10,Report-033,-0.0902441878561468,-0.20656191163011114,Random forest
Meta-grade primary,2,2,R033-E11,Report-033,0.0902441878561468,-0.2062497394219908,Random forest
Meta-grade primary,2,2,R033-E12,Report-033,0.0500417292784912,-0.20924791742831142,Random forest
Meta-grade primary,2,2,R033-E25,Report-033,0.144496864125946,-0.24000985527635163,Random forest
Meta-grade primary,2,2,R033-E26,Report-033,0.1749689925367881,-0.07412565225544501,Random forest
Meta-grade primary,2,2,R034-E01,Report-034,-0.1819826886007058,-0.2867709403659518,Random forest
Meta-grade primary,2,2,R034-E02,Report-034,-0.2661084068736541,-0.2867709403659518,Random forest
Meta-grade primary,2,2,R034-E03,Report-034,-0.2661084068736541,-0.2867709403659518,Random forest
Meta-grade primary,2,2,R034-E04,Report-034,-0.2661084068736541,-0.2867709403659518,Random forest
Meta-grade primary,2,2,R034-E05,Report-034,-0.1613866961315255,-0.2867709403659518,Random forest
Meta-grade primary,2,2,R034-E06,Report-034,-0.2554128118829953,-0.2867709403659518,Random forest
Meta-grade primary,2,2,R034-E07,Report-034,-0.2447741126593529,-0.2867709403659518,Random forest
Meta-grade primary,2,2,R044-E01,PSKC,-0.0902441878561468,-0.3991916764421647,Random forest
Meta-grade primary,2,2,R150-E01,Report-150,-0.2768638226551,-0.2924844638336084,Random forest
Meta-grade primary,2,2,R012-E01,PSKC,-0.0500417292784912,-0.33125073967341473,Gradient boosting
Meta-grade primary,2,2,R012-E02,PSKC,0.1613866961315255,-0.33125073967341473,Gradient boosting
Meta-grade primary,2,2,R012-E03,PSKC,-0.0400213538367682,-0.33125073967341473,Gradient boosting
Meta-grade primary,2,2,R017-E01,Report-017,-0.2554128118829953,-0.37510390024563806,Gradient boosting
Meta-grade primary,2,2,R017-E02,Report-017,-0.2876820724517809,-0.3881951465541165,Gradient boosting
Meta-grade primary,2,2,R026-E01,Report-026,-0.2405339244255578,-0.2849436031397869,Gradient boosting
Meta-grade primary,2,2,R026-E02,Report-026,0.0310099360630968,-0.31588330010773774,Gradient boosting
Meta-grade primary,2,2,R032-E01,Report-032,-0.1923371692195453,-0.34000860843016595,Gradient boosting
Meta-grade primary,2,2,R032-E02,Report-032,-0.1307398500288784,-0.34000860843016595,Gradient boosting
Meta-grade primary,2,2,R033-E01,Report-033,-0.2027325540540822,-0.37510390024563806,Gradient boosting
Meta-grade primary,2,2,R033-E02,Report-033,-0.2447741126593529,-0.3881951465541165,Gradient boosting
Meta-grade primary,2,2,R033-E03,Report-033,-0.120581028408444,-0.3802503015076674,Gradient boosting
Meta-grade primary,2,2,R033-E04,Report-033,-0.0902441878561468,-0.20662061599363743,Gradient boosting
Meta-grade primary,2,2,R033-E05,Report-033,0.120581028408444,-0.20662061599363743,Gradient boosting
Meta-grade primary,2,2,R033-E06,Report-033,0.0100003333533347,-0.20662061599363743,Gradient boosting
Meta-grade primary,2,2,R033-E07,Report-033,-0.2131713465648597,-0.37510390024563806,Gradient boosting
Meta-grade primary,2,2,R033-E08,Report-033,-0.2447741126593529,-0.3881951465541165,Gradient boosting
Meta-grade primary,2,2,R033-E09,Report-033,-0.1511404359364668,-0.3802503015076674,Gradient boosting
Meta-grade primary,2,2,R033-E10,Report-033,-0.0902441878561468,-0.20662061599363743,Gradient boosting
Meta-grade primary,2,2,R033-E11,Report-033,0.0902441878561468,-0.20662061599363743,Gradient boosting
Meta-grade primary,2,2,R033-E12,Report-033,0.0500417292784912,-0.20662061599363743,Gradient boosting
Meta-grade primary,2,2,R033-E25,Report-033,0.144496864125946,-0.20789240368864528,Gradient boosting
Meta-grade primary,2,2,R033-E26,Report-033,0.1749689925367881,-0.0894057314943042,Gradient boosting
Meta-grade primary,2,2,R034-E01,Report-034,-0.1819826886007058,-0.34164113039445837,Gradient boosting
Meta-grade primary,2,2,R034-E02,Report-034,-0.2661084068736541,-0.34164113039445837,Gradient boosting
Meta-grade primary,2,2,R034-E03,Report-034,-0.2661084068736541,-0.34164113039445837,Gradient boosting
Meta-grade primary,2,2,R034-E04,Report-034,-0.2661084068736541,-0.34164113039445837,Gradient boosting
Meta-grade primary,2,2,R034-E05,Report-034,-0.1613866961315255,-0.34164113039445837,Gradient boosting
Meta-grade primary,2,2,R034-E06,Report-034,-0.2554128118829953,-0.34164113039445837,Gradient boosting
Meta-grade primary,2,2,R034-E07,Report-034,-0.2447741126593529,-0.34164113039445837,Gradient boosting
Meta-grade primary,2,2,R044-E01,PSKC,-0.0902441878561468,-0.4868940167738641,Gradient boosting
Meta-grade primary,2,2,R150-E01,Report-150,-0.2768638226551,-0.17896034466004582,Gradient boosting
Meta-grade primary,2,3,R005-E01,Report-005,-0.3394653523437398,-0.23905703606381173,Null (training mean)
Meta-grade primary,2,3,R005-E02,Report-005,-0.3073232466191121,-0.23905703606381173,Null (training mean)
Meta-grade primary,2,3,R005-E03,Report-005,-0.2985662636601783,-0.23905703606381173,Null (training mean)
Meta-grade primary,2,3,R005-E04,Report-005,-0.2226054898207927,-0.23905703606381173,Null (training mean)
Meta-grade primary,2,3,R005-E05,Report-005,-0.1881906067775652,-0.23905703606381173,Null (training mean)
Meta-grade primary,2,3,R006-E01,Report-006,-0.3185781374429814,-0.23905703606381173,Null (training mean)
Meta-grade primary,2,3,R006-E02,Report-006,-0.3149780475421737,-0.23905703606381173,Null (training mean)
Meta-grade primary,2,3,R006-E04,Report-006,-0.2830017377730096,-0.23905703606381173,Null (training mean)
Meta-grade primary,2,3,R006-E05,Report-006,-0.2710215474437309,-0.23905703606381173,Null (training mean)
Meta-grade primary,2,3,R006-E06,Report-006,-0.2367028032650126,-0.23905703606381173,Null (training mean)
Meta-grade primary,2,3,R006-E07,Report-006,-0.0776151463689917,-0.23905703606381173,Null (training mean)
Meta-grade primary,2,3,R006-E09,Report-006,-0.2585963813858514,-0.23905703606381173,Null (training mean)
Meta-grade primary,2,3,R006-E10,Report-006,0.0520469455213166,-0.23905703606381173,Null (training mean)
Meta-grade primary,2,3,R006-E11,Report-006,-0.2865973321469467,-0.23905703606381173,Null (training mean)
Meta-grade primary,2,3,R006-E12,Report-006,-0.3540925289622429,-0.23905703606381173,Null (training mean)
Meta-grade primary,2,3,R006-E13,Report-006,-0.120581028408444,-0.23905703606381173,Null (training mean)
Meta-grade primary,2,3,R022-E01,PACE,-0.1079291954253917,-0.23905703606381173,Null (training mean)
Meta-grade primary,2,3,R022-E02,PACE,-0.0716712828013512,-0.23905703606381173,Null (training mean)
Meta-grade primary,2,3,R022-E03,PACE,0.099027503509446,-0.23905703606381173,Null (training mean)
Meta-grade primary,2,3,R022-E04,PACE,-0.0004516500561274,-0.23905703606381173,Null (training mean)
Meta-grade primary,2,3,R022-E05,PACE,0.0109578515321072,-0.23905703606381173,Null (training mean)
Meta-grade primary,2,3,R022-E06,PACE,-0.1014471687907363,-0.23905703606381173,Null (training mean)
Meta-grade primary,2,3,R022-E07,PACE,-0.0410812093992726,-0.23905703606381173,Null (training mean)
Meta-grade primary,2,3,R022-E08,PACE,0.0676957937234428,-0.23905703606381173,Null (training mean)
Meta-grade primary,2,3,R060-E01,Report-060,-0.0347701371385076,-0.23905703606381173,Null (training mean)
Meta-grade primary,2,3,R060-E02,Report-060,0.0225633372390231,-0.23905703606381173,Null (training mean)
Meta-grade primary,2,3,R107-E01,Report-107,-0.3202138706966537,-0.23905703606381173,Null (training mean)
Meta-grade primary,2,3,R107-E02,Report-107,-0.1479107917177318,-0.23905703606381173,Null (training mean)
Meta-grade primary,2,3,R107-E03,Report-107,-0.1479107917177318,-0.23905703606381173,Null (training mean)
Meta-grade primary,2,3,R144-E01,Report-144,-0.2768638226551,-0.23905703606381173,Null (training mean)
Meta-grade primary,2,3,R148-E01,Report-148,-0.4236489301936018,-0.23905703606381173,Null (training mean)
Meta-grade primary,2,3,R148-E02,Report-148,-0.4476920235274206,-0.23905703606381173,Null (training mean)
Meta-grade primary,2,3,R005-E01,Report-005,-0.3394653523437398,-0.2459247070752524,Ridge
Meta-grade primary,2,3,R005-E02,Report-005,-0.3073232466191121,-0.24872748311109785,Ridge
Meta-grade primary,2,3,R005-E03,Report-005,-0.2985662636601783,-0.2496549581605133,Ridge
Meta-grade primary,2,3,R005-E04,Report-005,-0.2226054898207927,-0.24643413461567032,Ridge
Meta-grade primary,2,3,R005-E05,Report-005,-0.1881906067775652,-0.24643413461567032,Ridge
Meta-grade primary,2,3,R006-E01,Report-006,-0.3185781374429814,-0.25534480458495884,Ridge
Meta-grade primary,2,3,R006-E02,Report-006,-0.3149780475421737,-0.23943608667389862,Ridge
Meta-grade primary,2,3,R006-E04,Report-006,-0.2830017377730096,-0.17350875596623544,Ridge
Meta-grade primary,2,3,R006-E05,Report-006,-0.2710215474437309,-0.17350875596623544,Ridge
Meta-grade primary,2,3,R006-E06,Report-006,-0.2367028032650126,-0.15760003805517525,Ridge
Meta-grade primary,2,3,R006-E07,Report-006,-0.0776151463689917,-0.15760003805517525,Ridge
Meta-grade primary,2,3,R006-E09,Report-006,-0.2585963813858514,-0.1570906105147573,Ridge
Meta-grade primary,2,3,R006-E10,Report-006,0.0520469455213166,-0.26528707114556305,Ridge
Meta-grade primary,2,3,R006-E11,Report-006,-0.2865973321469467,-0.26579649868598093,Ridge
Meta-grade primary,2,3,R006-E12,Report-006,-0.3540925289622429,-0.23669487846414056,Ridge
Meta-grade primary,2,3,R006-E13,Report-006,-0.120581028408444,-0.23669487846414056,Ridge
Meta-grade primary,2,3,R022-E01,PACE,-0.1079291954253917,-0.1302815836852336,Ridge
Meta-grade primary,2,3,R022-E02,PACE,-0.0716712828013512,-0.1304096429112701,Ridge
Meta-grade primary,2,3,R022-E03,PACE,0.099027503509446,-0.1610358683387617,Ridge
Meta-grade primary,2,3,R022-E04,PACE,-0.0004516500561274,-0.16116392756479822,Ridge
Meta-grade primary,2,3,R022-E05,PACE,0.0109578515321072,-0.1460796458116778,Ridge
Meta-grade primary,2,3,R022-E06,PACE,-0.1014471687907363,-0.14620770503771427,Ridge
Meta-grade primary,2,3,R022-E07,PACE,-0.0410812093992726,-0.1460796458116778,Ridge
Meta-grade primary,2,3,R022-E08,PACE,0.0676957937234428,-0.14620770503771427,Ridge
Meta-grade primary,2,3,R060-E01,Report-060,-0.0347701371385076,-0.2626861739178615,Ridge
Meta-grade primary,2,3,R060-E02,Report-060,0.0225633372390231,-0.2796730647062859,Ridge
Meta-grade primary,2,3,R107-E01,Report-107,-0.3202138706966537,-0.2700145990514449,Ridge
Meta-grade primary,2,3,R107-E02,Report-107,-0.1479107917177318,-0.2897057242482638,Ridge
Meta-grade primary,2,3,R107-E03,Report-107,-0.1479107917177318,-0.2897057242482638,Ridge
Meta-grade primary,2,3,R144-E01,Report-144,-0.2768638226551,-0.2951610906726256,Ridge
Meta-grade primary,2,3,R148-E01,Report-148,-0.4236489301936018,-0.26527903777253564,Ridge
Meta-grade primary,2,3,R148-E02,Report-148,-0.4476920235274206,-0.24948097564609145,Ridge
Meta-grade primary,2,3,R005-E01,Report-005,-0.3394653523437398,-0.23905703606381173,Elastic net
Meta-grade primary,2,3,R005-E02,Report-005,-0.3073232466191121,-0.23905703606381173,Elastic net
Meta-grade primary,2,3,R005-E03,Report-005,-0.2985662636601783,-0.23905703606381173,Elastic net
Meta-grade primary,2,3,R005-E04,Report-005,-0.2226054898207927,-0.23905703606381173,Elastic net
Meta-grade primary,2,3,R005-E05,Report-005,-0.1881906067775652,-0.23905703606381173,Elastic net
Meta-grade primary,2,3,R006-E01,Report-006,-0.3185781374429814,-0.23905703606381173,Elastic net
Meta-grade primary,2,3,R006-E02,Report-006,-0.3149780475421737,-0.23905703606381173,Elastic net
Meta-grade primary,2,3,R006-E04,Report-006,-0.2830017377730096,-0.23905703606381173,Elastic net
Meta-grade primary,2,3,R006-E05,Report-006,-0.2710215474437309,-0.23905703606381173,Elastic net
Meta-grade primary,2,3,R006-E06,Report-006,-0.2367028032650126,-0.23905703606381173,Elastic net
Meta-grade primary,2,3,R006-E07,Report-006,-0.0776151463689917,-0.23905703606381173,Elastic net
Meta-grade primary,2,3,R006-E09,Report-006,-0.2585963813858514,-0.23905703606381173,Elastic net
Meta-grade primary,2,3,R006-E10,Report-006,0.0520469455213166,-0.23905703606381173,Elastic net
Meta-grade primary,2,3,R006-E11,Report-006,-0.2865973321469467,-0.23905703606381173,Elastic net
Meta-grade primary,2,3,R006-E12,Report-006,-0.3540925289622429,-0.23905703606381173,Elastic net
Meta-grade primary,2,3,R006-E13,Report-006,-0.120581028408444,-0.23905703606381173,Elastic net
Meta-grade primary,2,3,R022-E01,PACE,-0.1079291954253917,-0.23905703606381173,Elastic net
Meta-grade primary,2,3,R022-E02,PACE,-0.0716712828013512,-0.23905703606381173,Elastic net
Meta-grade primary,2,3,R022-E03,PACE,0.099027503509446,-0.23905703606381173,Elastic net
Meta-grade primary,2,3,R022-E04,PACE,-0.0004516500561274,-0.23905703606381173,Elastic net
Meta-grade primary,2,3,R022-E05,PACE,0.0109578515321072,-0.23905703606381173,Elastic net
Meta-grade primary,2,3,R022-E06,PACE,-0.1014471687907363,-0.23905703606381173,Elastic net
Meta-grade primary,2,3,R022-E07,PACE,-0.0410812093992726,-0.23905703606381173,Elastic net
Meta-grade primary,2,3,R022-E08,PACE,0.0676957937234428,-0.23905703606381173,Elastic net
Meta-grade primary,2,3,R060-E01,Report-060,-0.0347701371385076,-0.23905703606381173,Elastic net
Meta-grade primary,2,3,R060-E02,Report-060,0.0225633372390231,-0.23905703606381173,Elastic net
Meta-grade primary,2,3,R107-E01,Report-107,-0.3202138706966537,-0.23905703606381173,Elastic net
Meta-grade primary,2,3,R107-E02,Report-107,-0.1479107917177318,-0.23905703606381173,Elastic net
Meta-grade primary,2,3,R107-E03,Report-107,-0.1479107917177318,-0.23905703606381173,Elastic net
Meta-grade primary,2,3,R144-E01,Report-144,-0.2768638226551,-0.23905703606381173,Elastic net
Meta-grade primary,2,3,R148-E01,Report-148,-0.4236489301936018,-0.23905703606381173,Elastic net
Meta-grade primary,2,3,R148-E02,Report-148,-0.4476920235274206,-0.23905703606381173,Elastic net
Meta-grade primary,2,3,R005-E01,Report-005,-0.3394653523437398,-0.3468573160798285,Random forest
Meta-grade primary,2,3,R005-E02,Report-005,-0.3073232466191121,-0.34808419516025607,Random forest
Meta-grade primary,2,3,R005-E03,Report-005,-0.2985662636601783,-0.3491428943031254,Random forest
Meta-grade primary,2,3,R005-E04,Report-005,-0.2226054898207927,-0.3489434252921925,Random forest
Meta-grade primary,2,3,R005-E05,Report-005,-0.1881906067775652,-0.3489434252921925,Random forest
Meta-grade primary,2,3,R006-E01,Report-006,-0.3185781374429814,-0.30184447298340733,Random forest
Meta-grade primary,2,3,R006-E02,Report-006,-0.3149780475421737,-0.29208478052486714,Random forest
Meta-grade primary,2,3,R006-E04,Report-006,-0.2830017377730096,-0.2641046625145869,Random forest
Meta-grade primary,2,3,R006-E05,Report-006,-0.2710215474437309,-0.2641046625145869,Random forest
Meta-grade primary,2,3,R006-E06,Report-006,-0.2367028032650126,-0.2554172725732232,Random forest
Meta-grade primary,2,3,R006-E07,Report-006,-0.0776151463689917,-0.2554172725732232,Random forest
Meta-grade primary,2,3,R006-E09,Report-006,-0.2585963813858514,-0.25075160141411196,Random forest
Meta-grade primary,2,3,R006-E10,Report-006,0.0520469455213166,-0.323437350546349,Random forest
Meta-grade primary,2,3,R006-E11,Report-006,-0.2865973321469467,-0.32675174510649313,Random forest
Meta-grade primary,2,3,R006-E12,Report-006,-0.3540925289622429,-0.2667723856638833,Random forest
Meta-grade primary,2,3,R006-E13,Report-006,-0.120581028408444,-0.2667723856638833,Random forest
Meta-grade primary,2,3,R022-E01,PACE,-0.1079291954253917,-0.16174082770430626,Random forest
Meta-grade primary,2,3,R022-E02,PACE,-0.0716712828013512,-0.161596405450941,Random forest
Meta-grade primary,2,3,R022-E03,PACE,0.099027503509446,-0.18412382668941854,Random forest
Meta-grade primary,2,3,R022-E04,PACE,-0.0004516500561274,-0.18330707123634601,Random forest
Meta-grade primary,2,3,R022-E05,PACE,0.0109578515321072,-0.19188082865093353,Random forest
Meta-grade primary,2,3,R022-E06,PACE,-0.1014471687907363,-0.19071056482092205,Random forest
Meta-grade primary,2,3,R022-E07,PACE,-0.0410812093992726,-0.19188082865093353,Random forest
Meta-grade primary,2,3,R022-E08,PACE,0.0676957937234428,-0.19071056482092205,Random forest
Meta-grade primary,2,3,R060-E01,Report-060,-0.0347701371385076,-0.25804248566199056,Random forest
Meta-grade primary,2,3,R060-E02,Report-060,0.0225633372390231,-0.3226065784266841,Random forest
Meta-grade primary,2,3,R107-E01,Report-107,-0.3202138706966537,-0.2861054108472662,Random forest
Meta-grade primary,2,3,R107-E02,Report-107,-0.1479107917177318,-0.26025629858016036,Random forest
Meta-grade primary,2,3,R107-E03,Report-107,-0.1479107917177318,-0.26025629858016036,Random forest
Meta-grade primary,2,3,R144-E01,Report-144,-0.2768638226551,-0.35699731547360575,Random forest
Meta-grade primary,2,3,R148-E01,Report-148,-0.4236489301936018,-0.29815262475498083,Random forest
Meta-grade primary,2,3,R148-E02,Report-148,-0.4476920235274206,-0.2560169785566469,Random forest
Meta-grade primary,2,3,R005-E01,Report-005,-0.3394653523437398,-0.28377998209522065,Gradient boosting
Meta-grade primary,2,3,R005-E02,Report-005,-0.3073232466191121,-0.2670769527046615,Gradient boosting
Meta-grade primary,2,3,R005-E03,Report-005,-0.2985662636601783,-0.287535216678354,Gradient boosting
Meta-grade primary,2,3,R005-E04,Report-005,-0.2226054898207927,-0.2863585522039381,Gradient boosting
Meta-grade primary,2,3,R005-E05,Report-005,-0.1881906067775652,-0.2863585522039381,Gradient boosting
Meta-grade primary,2,3,R006-E01,Report-006,-0.3185781374429814,-0.40826085626728825,Gradient boosting
Meta-grade primary,2,3,R006-E02,Report-006,-0.3149780475421737,-0.3499728573384152,Gradient boosting
Meta-grade primary,2,3,R006-E04,Report-006,-0.2830017377730096,-0.31038874210962225,Gradient boosting
Meta-grade primary,2,3,R006-E05,Report-006,-0.2710215474437309,-0.31038874210962225,Gradient boosting
Meta-grade primary,2,3,R006-E06,Report-006,-0.2367028032650126,-0.26038863635496384,Gradient boosting
Meta-grade primary,2,3,R006-E07,Report-006,-0.0776151463689917,-0.26038863635496384,Gradient boosting
Meta-grade primary,2,3,R006-E09,Report-006,-0.2585963813858514,-0.23253431999473184,Gradient boosting
Meta-grade primary,2,3,R006-E10,Report-006,0.0520469455213166,-0.3481054256500224,Gradient boosting
Meta-grade primary,2,3,R006-E11,Report-006,-0.2865973321469467,-0.379492473940166,Gradient boosting
Meta-grade primary,2,3,R006-E12,Report-006,-0.3540925289622429,-0.2936408106065196,Gradient boosting
Meta-grade primary,2,3,R006-E13,Report-006,-0.120581028408444,-0.2936408106065196,Gradient boosting
Meta-grade primary,2,3,R022-E01,PACE,-0.1079291954253917,-0.10422586828511134,Gradient boosting
Meta-grade primary,2,3,R022-E02,PACE,-0.0716712828013512,-0.11347599630040682,Gradient boosting
Meta-grade primary,2,3,R022-E03,PACE,0.099027503509446,-0.06862975999812747,Gradient boosting
Meta-grade primary,2,3,R022-E04,PACE,-0.0004516500561274,-0.0972161362121921,Gradient boosting
Meta-grade primary,2,3,R022-E05,PACE,0.0109578515321072,-0.15881701549099408,Gradient boosting
Meta-grade primary,2,3,R022-E06,PACE,-0.1014471687907363,-0.16993867077117641,Gradient boosting
Meta-grade primary,2,3,R022-E07,PACE,-0.0410812093992726,-0.15881701549099408,Gradient boosting
Meta-grade primary,2,3,R022-E08,PACE,0.0676957937234428,-0.16993867077117641,Gradient boosting
Meta-grade primary,2,3,R060-E01,Report-060,-0.0347701371385076,-0.3520122550756391,Gradient boosting
Meta-grade primary,2,3,R060-E02,Report-060,0.0225633372390231,-0.35398388939374126,Gradient boosting
Meta-grade primary,2,3,R107-E01,Report-107,-0.3202138706966537,-0.341282803348596,Gradient boosting
Meta-grade primary,2,3,R107-E02,Report-107,-0.1479107917177318,-0.2773561210149801,Gradient boosting
Meta-grade primary,2,3,R107-E03,Report-107,-0.1479107917177318,-0.2773561210149801,Gradient boosting
Meta-grade primary,2,3,R144-E01,Report-144,-0.2768638226551,-0.3086174870330681,Gradient boosting
Meta-grade primary,2,3,R148-E01,Report-148,-0.4236489301936018,-0.3468512441160816,Gradient boosting
Meta-grade primary,2,3,R148-E02,Report-148,-0.4476920235274206,-0.3228141958336059,Gradient boosting
Meta-grade primary,2,4,R010-E01,Report-010,-0.2661084068736541,-0.2267631301745954,Null (training mean)
Meta-grade primary,2,4,R016-E01,Report-016,-0.3540925289622429,-0.2267631301745954,Null (training mean)
Meta-grade primary,2,4,R020-E01,Report-020,-0.0904335773173084,-0.2267631301745954,Null (training mean)
Meta-grade primary,2,4,R036-E01,Report-036,-0.4236489301936018,-0.2267631301745954,Null (training mean)
Meta-grade primary,2,4,R036-E02,Report-036,-0.2907692890372516,-0.2267631301745954,Null (training mean)
Meta-grade primary,2,4,R087-E01,Report-087,-0.3654437542713961,-0.2267631301745954,Null (training mean)
Meta-grade primary,2,4,R087-E02,Report-087,-0.7250050877529992,-0.2267631301745954,Null (training mean)
Meta-grade primary,2,4,R087-E03,Report-087,-0.3654437542713961,-0.2267631301745954,Null (training mean)
Meta-grade primary,2,4,R087-E04,Report-087,-0.7752987062055836,-0.2267631301745954,Null (training mean)
Meta-grade primary,2,4,R087-E05,Report-087,-0.2447741126593529,-0.2267631301745954,Null (training mean)
Meta-grade primary,2,4,R087-E06,Report-087,-0.0400213538367682,-0.2267631301745954,Null (training mean)
Meta-grade primary,2,4,R087-E07,Report-087,-0.4598966812126785,-0.2267631301745954,Null (training mean)
Meta-grade primary,2,4,R087-E08,Report-087,0.5229842775913438,-0.2267631301745954,Null (training mean)
Meta-grade primary,2,4,R087-E09,Report-087,0.0400213538367682,-0.2267631301745954,Null (training mean)
Meta-grade primary,2,4,R087-E10,Report-087,0.0400213538367682,-0.2267631301745954,Null (training mean)
Meta-grade primary,2,4,R087-E11,Report-087,-0.1307398500288784,-0.2267631301745954,Null (training mean)
Meta-grade primary,2,4,R087-E12,Report-087,0.1307398500288784,-0.2267631301745954,Null (training mean)
Meta-grade primary,2,4,R087-E13,Report-087,-0.1003353477310756,-0.2267631301745954,Null (training mean)
Meta-grade primary,2,4,R087-E14,Report-087,0.6183813135744636,-0.2267631301745954,Null (training mean)
Meta-grade primary,2,4,R087-E15,Report-087,0.0902441878561468,-0.2267631301745954,Null (training mean)
Meta-grade primary,2,4,R087-E16,Report-087,-0.3884230997182961,-0.2267631301745954,Null (training mean)
Meta-grade primary,2,4,R087-E17,Report-087,-0.0902441878561468,-0.2267631301745954,Null (training mean)
Meta-grade primary,2,4,R087-E18,Report-087,0.2554128118829953,-0.2267631301745954,Null (training mean)
Meta-grade primary,2,4,R087-E19,Report-087,-0.6324131492978439,-0.2267631301745954,Null (training mean)
Meta-grade primary,2,4,R087-E20,Report-087,-0.6677819260385488,-0.2267631301745954,Null (training mean)
Meta-grade primary,2,4,R087-E21,Report-087,-0.3474427905134932,-0.2267631301745954,Null (training mean)
Meta-grade primary,2,4,R087-E22,Report-087,-0.5093955920515006,-0.2267631301745954,Null (training mean)
Meta-grade primary,2,4,R087-E23,Report-087,0.2881966620000231,-0.2267631301745954,Null (training mean)
Meta-grade primary,2,4,R087-E24,Report-087,0.071791446935783,-0.2267631301745954,Null (training mean)
Meta-grade primary,2,4,R087-E25,Report-087,0.0,-0.2267631301745954,Null (training mean)
Meta-grade primary,2,4,R087-E26,Report-087,0.0287372972020485,-0.2267631301745954,Null (training mean)
Meta-grade primary,2,4,R087-E27,Report-087,-0.0526679439176218,-0.2267631301745954,Null (training mean)
Meta-grade primary,2,4,R089-E01,Report-089,-0.3095196042031117,-0.2267631301745954,Null (training mean)
Meta-grade primary,2,4,R010-E01,Report-010,-0.2661084068736541,-0.31142823555298305,Ridge
Meta-grade primary,2,4,R016-E01,Report-016,-0.3540925289622429,-0.3457449223141717,Ridge
Meta-grade primary,2,4,R020-E01,Report-020,-0.0904335773173084,-0.18155711779287897,Ridge
Meta-grade primary,2,4,R036-E01,Report-036,-0.4236489301936018,-0.2431691204000664,Ridge
Meta-grade primary,2,4,R036-E02,Report-036,-0.2907692890372516,-0.2294400500842571,Ridge
Meta-grade primary,2,4,R087-E01,Report-087,-0.3654437542713961,-0.338499373732729,Ridge
Meta-grade primary,2,4,R087-E02,Report-087,-0.7250050877529992,-0.3294372927059707,Ridge
Meta-grade primary,2,4,R087-E03,Report-087,-0.3654437542713961,-0.34090891432931736,Ridge
Meta-grade primary,2,4,R087-E04,Report-087,-0.7752987062055836,-0.3117928128321806,Ridge
Meta-grade primary,2,4,R087-E05,Report-087,-0.2447741126593529,-0.30712582354312956,Ridge
Meta-grade primary,2,4,R087-E06,Report-087,-0.0400213538367682,-0.30712582354312956,Ridge
Meta-grade primary,2,4,R087-E07,Report-087,-0.4598966812126785,-0.2980637425163713,Ridge
Meta-grade primary,2,4,R087-E08,Report-087,0.5229842775913438,-0.2980637425163713,Ridge
Meta-grade primary,2,4,R087-E09,Report-087,0.0400213538367682,-0.30953536413971794,Ridge
Meta-grade primary,2,4,R087-E10,Report-087,0.0400213538367682,-0.3332117755806633,Ridge
Meta-grade primary,2,4,R087-E11,Report-087,-0.1307398500288784,-0.32414969455390497,Ridge
Meta-grade primary,2,4,R087-E12,Report-087,0.1307398500288784,-0.33562131617725166,Ridge
Meta-grade primary,2,4,R087-E13,Report-087,-0.1003353477310756,-0.3065052146801149,Ridge
Meta-grade primary,2,4,R087-E14,Report-087,0.6183813135744636,-0.30183822539106386,Ridge
Meta-grade primary,2,4,R087-E15,Report-087,0.0902441878561468,-0.30183822539106386,Ridge
Meta-grade primary,2,4,R087-E16,Report-087,-0.3884230997182961,-0.29277614436430555,Ridge
Meta-grade primary,2,4,R087-E17,Report-087,-0.0902441878561468,-0.29277614436430555,Ridge
Meta-grade primary,2,4,R087-E18,Report-087,0.2554128118829953,-0.30424776598765224,Ridge
Meta-grade primary,2,4,R087-E19,Report-087,-0.6324131492978439,-0.3156329296602034,Ridge
Meta-grade primary,2,4,R087-E20,Report-087,-0.6677819260385488,-0.30657084863344514,Ridge
Meta-grade primary,2,4,R087-E21,Report-087,-0.3474427905134932,-0.3180424702567918,Ridge
Meta-grade primary,2,4,R087-E22,Report-087,-0.5093955920515006,-0.28892636875965505,Ridge
Meta-grade primary,2,4,R087-E23,Report-087,0.2881966620000231,-0.28425937947060403,Ridge
Meta-grade primary,2,4,R087-E24,Report-087,0.071791446935783,-0.28425937947060403,Ridge
Meta-grade primary,2,4,R087-E25,Report-087,0.0,-0.2751972984438458,Ridge
Meta-grade primary,2,4,R087-E26,Report-087,0.0287372972020485,-0.2751972984438458,Ridge
Meta-grade primary,2,4,R087-E27,Report-087,-0.0526679439176218,-0.2866689200671924,Ridge
Meta-grade primary,2,4,R089-E01,Report-089,-0.3095196042031117,-0.22703546233692865,Ridge
Meta-grade primary,2,4,R010-E01,Report-010,-0.2661084068736541,-0.4112268010065975,Elastic net
Meta-grade primary,2,4,R016-E01,Report-016,-0.3540925289622429,-0.4968426415838807,Elastic net
Meta-grade primary,2,4,R020-E01,Report-020,-0.0904335773173084,-0.22048494249820297,Elastic net
Meta-grade primary,2,4,R036-E01,Report-036,-0.4236489301936018,-0.2600197382134858,Elastic net
Meta-grade primary,2,4,R036-E02,Report-036,-0.2907692890372516,-0.2600197382134858,Elastic net
Meta-grade primary,2,4,R087-E01,Report-087,-0.3654437542713961,-0.467276992295988,Elastic net
Meta-grade primary,2,4,R087-E02,Report-087,-0.7250050877529992,-0.467276992295988,Elastic net
Meta-grade primary,2,4,R087-E03,Report-087,-0.3654437542713961,-0.467276992295988,Elastic net
Meta-grade primary,2,4,R087-E04,Report-087,-0.7752987062055836,-0.3670081273101158,Elastic net
Meta-grade primary,2,4,R087-E05,Report-087,-0.2447741126593529,-0.3670081273101158,Elastic net
Meta-grade primary,2,4,R087-E06,Report-087,-0.0400213538367682,-0.3670081273101158,Elastic net
Meta-grade primary,2,4,R087-E07,Report-087,-0.4598966812126785,-0.3670081273101158,Elastic net
Meta-grade primary,2,4,R087-E08,Report-087,0.5229842775913438,-0.3670081273101158,Elastic net
Meta-grade primary,2,4,R087-E09,Report-087,0.0400213538367682,-0.3670081273101158,Elastic net
Meta-grade primary,2,4,R087-E10,Report-087,0.0400213538367682,-0.4543326560003005,Elastic net
Meta-grade primary,2,4,R087-E11,Report-087,-0.1307398500288784,-0.4543326560003005,Elastic net
Meta-grade primary,2,4,R087-E12,Report-087,0.1307398500288784,-0.4543326560003005,Elastic net
Meta-grade primary,2,4,R087-E13,Report-087,-0.1003353477310756,-0.35406379101442825,Elastic net
Meta-grade primary,2,4,R087-E14,Report-087,0.6183813135744636,-0.35406379101442825,Elastic net
Meta-grade primary,2,4,R087-E15,Report-087,0.0902441878561468,-0.35406379101442825,Elastic net
Meta-grade primary,2,4,R087-E16,Report-087,-0.3884230997182961,-0.35406379101442825,Elastic net
Meta-grade primary,2,4,R087-E17,Report-087,-0.0902441878561468,-0.35406379101442825,Elastic net
Meta-grade primary,2,4,R087-E18,Report-087,0.2554128118829953,-0.35406379101442825,Elastic net
Meta-grade primary,2,4,R087-E19,Report-087,-0.6324131492978439,-0.411298657057773,Elastic net
Meta-grade primary,2,4,R087-E20,Report-087,-0.6677819260385488,-0.411298657057773,Elastic net
Meta-grade primary,2,4,R087-E21,Report-087,-0.3474427905134932,-0.411298657057773,Elastic net
Meta-grade primary,2,4,R087-E22,Report-087,-0.5093955920515006,-0.3110297920719008,Elastic net
Meta-grade primary,2,4,R087-E23,Report-087,0.2881966620000231,-0.3110297920719008,Elastic net
Meta-grade primary,2,4,R087-E24,Report-087,0.071791446935783,-0.3110297920719008,Elastic net
Meta-grade primary,2,4,R087-E25,Report-087,0.0,-0.3110297920719008,Elastic net
Meta-grade primary,2,4,R087-E26,Report-087,0.0287372972020485,-0.3110297920719008,Elastic net
Meta-grade primary,2,4,R087-E27,Report-087,-0.0526679439176218,-0.3110297920719008,Elastic net
Meta-grade primary,2,4,R089-E01,Report-089,-0.3095196042031117,-0.2019403488273913,Elastic net
Meta-grade primary,2,4,R010-E01,Report-010,-0.2661084068736541,-0.3487959169541465,Random forest
Meta-grade primary,2,4,R016-E01,Report-016,-0.3540925289622429,-0.3535868018142842,Random forest
Meta-grade primary,2,4,R020-E01,Report-020,-0.0904335773173084,-0.18124493599829047,Random forest
Meta-grade primary,2,4,R036-E01,Report-036,-0.4236489301936018,-0.2399451572388074,Random forest
Meta-grade primary,2,4,R036-E02,Report-036,-0.2907692890372516,-0.2344633126848096,Random forest
Meta-grade primary,2,4,R087-E01,Report-087,-0.3654437542713961,-0.36866080263139195,Random forest
Meta-grade primary,2,4,R087-E02,Report-087,-0.7250050877529992,-0.36597196251971104,Random forest
Meta-grade primary,2,4,R087-E03,Report-087,-0.3654437542713961,-0.3712854050733983,Random forest
Meta-grade primary,2,4,R087-E04,Report-087,-0.7752987062055836,-0.3694522222119505,Random forest
Meta-grade primary,2,4,R087-E05,Report-087,-0.2447741126593529,-0.3632373835418655,Random forest
Meta-grade primary,2,4,R087-E06,Report-087,-0.0400213538367682,-0.3632373835418655,Random forest
Meta-grade primary,2,4,R087-E07,Report-087,-0.4598966812126785,-0.3561334524323513,Random forest
Meta-grade primary,2,4,R087-E08,Report-087,0.5229842775913438,-0.3561334524323513,Random forest
Meta-grade primary,2,4,R087-E09,Report-087,0.0400213538367682,-0.36274875995642036,Random forest
Meta-grade primary,2,4,R087-E10,Report-087,0.0400213538367682,-0.36866080263139195,Random forest
Meta-grade primary,2,4,R087-E11,Report-087,-0.1307398500288784,-0.36597196251971104,Random forest
Meta-grade primary,2,4,R087-E12,Report-087,0.1307398500288784,-0.3712854050733983,Random forest
Meta-grade primary,2,4,R087-E13,Report-087,-0.1003353477310756,-0.3694522222119505,Random forest
Meta-grade primary,2,4,R087-E14,Report-087,0.6183813135744636,-0.3632373835418655,Random forest
Meta-grade primary,2,4,R087-E15,Report-087,0.0902441878561468,-0.3632373835418655,Random forest
Meta-grade primary,2,4,R087-E16,Report-087,-0.3884230997182961,-0.3561334524323513,Random forest
Meta-grade primary,2,4,R087-E17,Report-087,-0.0902441878561468,-0.3561334524323513,Random forest
Meta-grade primary,2,4,R087-E18,Report-087,0.2554128118829953,-0.36274875995642036,Random forest
Meta-grade primary,2,4,R087-E19,Report-087,-0.6324131492978439,-0.36866080263139195,Random forest
Meta-grade primary,2,4,R087-E20,Report-087,-0.6677819260385488,-0.36597196251971104,Random forest
Meta-grade primary,2,4,R087-E21,Report-087,-0.3474427905134932,-0.3712854050733983,Random forest
Meta-grade primary,2,4,R087-E22,Report-087,-0.5093955920515006,-0.3694522222119505,Random forest
Meta-grade primary,2,4,R087-E23,Report-087,0.2881966620000231,-0.3632373835418655,Random forest
Meta-grade primary,2,4,R087-E24,Report-087,0.071791446935783,-0.3632373835418655,Random forest
Meta-grade primary,2,4,R087-E25,Report-087,0.0,-0.3561334524323513,Random forest
Meta-grade primary,2,4,R087-E26,Report-087,0.0287372972020485,-0.3561334524323513,Random forest
Meta-grade primary,2,4,R087-E27,Report-087,-0.0526679439176218,-0.36274875995642036,Random forest
Meta-grade primary,2,4,R089-E01,Report-089,-0.3095196042031117,-0.1255881330735215,Random forest
Meta-grade primary,2,4,R010-E01,Report-010,-0.2661084068736541,-0.5134774512431595,Gradient boosting
Meta-grade primary,2,4,R016-E01,Report-016,-0.3540925289622429,-0.4248765386803115,Gradient boosting
Meta-grade primary,2,4,R020-E01,Report-020,-0.0904335773173084,-0.17440013247462757,Gradient boosting
Meta-grade primary,2,4,R036-E01,Report-036,-0.4236489301936018,-0.2877808397958793,Gradient boosting
Meta-grade primary,2,4,R036-E02,Report-036,-0.2907692890372516,-0.2793184794174726,Gradient boosting
Meta-grade primary,2,4,R087-E01,Report-087,-0.3654437542713961,-0.3992943874267233,Gradient boosting
Meta-grade primary,2,4,R087-E02,Report-087,-0.7250050877529992,-0.38159320303805894,Gradient boosting
Meta-grade primary,2,4,R087-E03,Report-087,-0.3654437542713961,-0.4010540976616948,Gradient boosting
Meta-grade primary,2,4,R087-E04,Report-087,-0.7752987062055836,-0.4036049824995474,Gradient boosting
Meta-grade primary,2,4,R087-E05,Report-087,-0.2447741126593529,-0.3828072207992647,Gradient boosting
Meta-grade primary,2,4,R087-E06,Report-087,-0.0400213538367682,-0.3828072207992647,Gradient boosting
Meta-grade primary,2,4,R087-E07,Report-087,-0.4598966812126785,-0.3348623523478158,Gradient boosting
Meta-grade primary,2,4,R087-E08,Report-087,0.5229842775913438,-0.3348623523478158,Gradient boosting
Meta-grade primary,2,4,R087-E09,Report-087,0.0400213538367682,-0.374242302433302,Gradient boosting
Meta-grade primary,2,4,R087-E10,Report-087,0.0400213538367682,-0.3992943874267233,Gradient boosting
Meta-grade primary,2,4,R087-E11,Report-087,-0.1307398500288784,-0.38159320303805894,Gradient boosting
Meta-grade primary,2,4,R087-E12,Report-087,0.1307398500288784,-0.4010540976616948,Gradient boosting
Meta-grade primary,2,4,R087-E13,Report-087,-0.1003353477310756,-0.4036049824995474,Gradient boosting
Meta-grade primary,2,4,R087-E14,Report-087,0.6183813135744636,-0.3828072207992647,Gradient boosting
Meta-grade primary,2,4,R087-E15,Report-087,0.0902441878561468,-0.3828072207992647,Gradient boosting
Meta-grade primary,2,4,R087-E16,Report-087,-0.3884230997182961,-0.3348623523478158,Gradient boosting
Meta-grade primary,2,4,R087-E17,Report-087,-0.0902441878561468,-0.3348623523478158,Gradient boosting
Meta-grade primary,2,4,R087-E18,Report-087,0.2554128118829953,-0.374242302433302,Gradient boosting
Meta-grade primary,2,4,R087-E19,Report-087,-0.6324131492978439,-0.3992943874267233,Gradient boosting
Meta-grade primary,2,4,R087-E20,Report-087,-0.6677819260385488,-0.38159320303805894,Gradient boosting
Meta-grade primary,2,4,R087-E21,Report-087,-0.3474427905134932,-0.4010540976616948,Gradient boosting
Meta-grade primary,2,4,R087-E22,Report-087,-0.5093955920515006,-0.4036049824995474,Gradient boosting
Meta-grade primary,2,4,R087-E23,Report-087,0.2881966620000231,-0.3828072207992647,Gradient boosting
Meta-grade primary,2,4,R087-E24,Report-087,0.071791446935783,-0.3828072207992647,Gradient boosting
Meta-grade primary,2,4,R087-E25,Report-087,0.0,-0.3348623523478158,Gradient boosting
Meta-grade primary,2,4,R087-E26,Report-087,0.0287372972020485,-0.3348623523478158,Gradient boosting
Meta-grade primary,2,4,R087-E27,Report-087,-0.0526679439176218,-0.374242302433302,Gradient boosting
Meta-grade primary,2,4,R089-E01,Report-089,-0.3095196042031117,-0.13346147279923878,Gradient boosting
Meta-grade primary,2,5,R004-E01,Report-004,-0.3205454093019461,-0.21690324426327562,Null (training mean)
Meta-grade primary,2,5,R004-E02,Report-004,-0.2447741126593529,-0.21690324426327562,Null (training mean)
Meta-grade primary,2,5,R047-E01,Report-047,-0.1793019968128792,-0.21690324426327562,Null (training mean)
Meta-grade primary,2,5,R072-E01,Report-072,-0.0801713250375896,-0.21690324426327562,Null (training mean)
Meta-grade primary,2,5,R072-E02,Report-072,-0.0400213538367682,-0.21690324426327562,Null (training mean)
Meta-grade primary,2,5,R072-E03,Report-072,-0.0701146706543252,-0.21690324426327562,Null (training mean)
Meta-grade primary,2,5,R072-E04,Report-072,-0.0701146706543252,-0.21690324426327562,Null (training mean)
Meta-grade primary,2,5,R072-E05,Report-072,-0.0902441878561468,-0.21690324426327562,Null (training mean)
Meta-grade primary,2,5,R072-E06,Report-072,-0.0902441878561468,-0.21690324426327562,Null (training mean)
Meta-grade primary,2,5,R072-E07,Report-072,-0.1104469157900972,-0.21690324426327562,Null (training mean)
Meta-grade primary,2,5,R072-E08,Report-072,-0.0600721559210316,-0.21690324426327562,Null (training mean)
Meta-grade primary,2,5,R072-E09,Report-072,0.0200026673068496,-0.21690324426327562,Null (training mean)
Meta-grade primary,2,5,R072-E10,Report-072,-0.0400213538367682,-0.21690324426327562,Null (training mean)
Meta-grade primary,2,5,R072-E11,Report-072,-0.0400213538367682,-0.21690324426327562,Null (training mean)
Meta-grade primary,2,5,R072-E12,Report-072,0.0300090048631264,-0.21690324426327562,Null (training mean)
Meta-grade primary,2,5,R072-E13,Report-072,0.0,-0.21690324426327562,Null (training mean)
Meta-grade primary,2,5,R072-E14,Report-072,-0.0200026673068496,-0.21690324426327562,Null (training mean)
Meta-grade primary,2,5,R072-E15,Report-072,-0.1307398500288783,-0.21690324426327562,Null (training mean)
Meta-grade primary,2,5,R072-E16,Report-072,-0.1003353477310756,-0.21690324426327562,Null (training mean)
Meta-grade primary,2,5,R072-E17,Report-072,-0.1409255760704939,-0.21690324426327562,Null (training mean)
Meta-grade primary,2,5,R072-E18,Report-072,-0.1307398500288783,-0.21690324426327562,Null (training mean)
Meta-grade primary,2,5,R072-E19,Report-072,-0.1104469157900972,-0.21690324426327562,Null (training mean)
Meta-grade primary,2,5,R072-E20,Report-072,-0.1307398500288783,-0.21690324426327562,Null (training mean)
Meta-grade primary,2,5,R072-E21,Report-072,-0.171666663500579,-0.21690324426327562,Null (training mean)
Meta-grade primary,2,5,R072-E22,Report-072,-0.0801713250375896,-0.21690324426327562,Null (training mean)
Meta-grade primary,2,5,R072-E23,Report-072,0.0,-0.21690324426327562,Null (training mean)
Meta-grade primary,2,5,R072-E24,Report-072,-0.0500417292784913,-0.21690324426327562,Null (training mean)
Meta-grade primary,2,5,R072-E25,Report-072,-0.0600721559210316,-0.21690324426327562,Null (training mean)
Meta-grade primary,2,5,R072-E26,Report-072,-0.0300090048631265,-0.21690324426327562,Null (training mean)
Meta-grade primary,2,5,R072-E27,Report-072,-0.0400213538367682,-0.21690324426327562,Null (training mean)
Meta-grade primary,2,5,R072-E28,Report-072,-0.0600721559210316,-0.21690324426327562,Null (training mean)
Meta-grade primary,2,5,R079-E01,Report-079,-0.7752987062055835,-0.21690324426327562,Null (training mean)
Meta-grade primary,2,5,R080-E01,Report-080,-0.2528572088918466,-0.21690324426327562,Null (training mean)
Meta-grade primary,2,5,R004-E01,Report-004,-0.3205454093019461,-0.266505912669173,Ridge
Meta-grade primary,2,5,R004-E02,Report-004,-0.2447741126593529,-0.27568142682436375,Ridge
Meta-grade primary,2,5,R047-E01,Report-047,-0.1793019968128792,-0.1955849883314093,Ridge
Meta-grade primary,2,5,R072-E01,Report-072,-0.0801713250375896,-0.22719747963091153,Ridge
Meta-grade primary,2,5,R072-E02,Report-072,-0.0400213538367682,-0.22719747963091153,Ridge
Meta-grade primary,2,5,R072-E03,Report-072,-0.0701146706543252,-0.22719747963091153,Ridge
Meta-grade primary,2,5,R072-E04,Report-072,-0.0701146706543252,-0.21329264473463871,Ridge
Meta-grade primary,2,5,R072-E05,Report-072,-0.0902441878561468,-0.21329264473463871,Ridge
Meta-grade primary,2,5,R072-E06,Report-072,-0.0902441878561468,-0.21329264473463871,Ridge
Meta-grade primary,2,5,R072-E07,Report-072,-0.1104469157900972,-0.24392519927975675,Ridge
Meta-grade primary,2,5,R072-E08,Report-072,-0.0600721559210316,-0.2264523223356146,Ridge
Meta-grade primary,2,5,R072-E09,Report-072,0.0200026673068496,-0.2264523223356146,Ridge
Meta-grade primary,2,5,R072-E10,Report-072,-0.0400213538367682,-0.2264523223356146,Ridge
Meta-grade primary,2,5,R072-E11,Report-072,-0.0400213538367682,-0.21254748743934182,Ridge
Meta-grade primary,2,5,R072-E12,Report-072,0.0300090048631264,-0.21254748743934182,Ridge
Meta-grade primary,2,5,R072-E13,Report-072,0.0,-0.21254748743934182,Ridge
Meta-grade primary,2,5,R072-E14,Report-072,-0.0200026673068496,-0.24318004198445986,Ridge
Meta-grade primary,2,5,R072-E15,Report-072,-0.1307398500288783,-0.2264523223356146,Ridge
Meta-grade primary,2,5,R072-E16,Report-072,-0.1003353477310756,-0.2264523223356146,Ridge
Meta-grade primary,2,5,R072-E17,Report-072,-0.1409255760704939,-0.2264523223356146,Ridge
Meta-grade primary,2,5,R072-E18,Report-072,-0.1307398500288783,-0.21254748743934182,Ridge
Meta-grade primary,2,5,R072-E19,Report-072,-0.1104469157900972,-0.21254748743934182,Ridge
Meta-grade primary,2,5,R072-E20,Report-072,-0.1307398500288783,-0.21254748743934182,Ridge
Meta-grade primary,2,5,R072-E21,Report-072,-0.171666663500579,-0.24318004198445986,Ridge
Meta-grade primary,2,5,R072-E22,Report-072,-0.0801713250375896,-0.21727680818042389,Ridge
Meta-grade primary,2,5,R072-E23,Report-072,0.0,-0.21727680818042389,Ridge
Meta-grade primary,2,5,R072-E24,Report-072,-0.0500417292784913,-0.21727680818042389,Ridge
Meta-grade primary,2,5,R072-E25,Report-072,-0.0600721559210316,-0.20337197328415108,Ridge
Meta-grade primary,2,5,R072-E26,Report-072,-0.0300090048631265,-0.20337197328415108,Ridge
Meta-grade primary,2,5,R072-E27,Report-072,-0.0400213538367682,-0.20337197328415108,Ridge
Meta-grade primary,2,5,R072-E28,Report-072,-0.0600721559210316,-0.23400452782926914,Ridge
Meta-grade primary,2,5,R079-E01,Report-079,-0.7752987062055835,-0.21455069726843848,Ridge
Meta-grade primary,2,5,R080-E01,Report-080,-0.2528572088918466,-0.24813384355304113,Ridge
Meta-grade primary,2,5,R004-E01,Report-004,-0.3205454093019461,-0.2880355310940982,Elastic net
Meta-grade primary,2,5,R004-E02,Report-004,-0.2447741126593529,-0.2880355310940982,Elastic net
Meta-grade primary,2,5,R047-E01,Report-047,-0.1793019968128792,-0.15068060339371017,Elastic net
Meta-grade primary,2,5,R072-E01,Report-072,-0.0801713250375896,-0.2264057201644341,Elastic net
Meta-grade primary,2,5,R072-E02,Report-072,-0.0400213538367682,-0.2264057201644341,Elastic net
Meta-grade primary,2,5,R072-E03,Report-072,-0.0701146706543252,-0.2264057201644341,Elastic net
Meta-grade primary,2,5,R072-E04,Report-072,-0.0701146706543252,-0.2264057201644341,Elastic net
Meta-grade primary,2,5,R072-E05,Report-072,-0.0902441878561468,-0.2264057201644341,Elastic net
Meta-grade primary,2,5,R072-E06,Report-072,-0.0902441878561468,-0.2264057201644341,Elastic net
Meta-grade primary,2,5,R072-E07,Report-072,-0.1104469157900972,-0.24955313646408994,Elastic net
Meta-grade primary,2,5,R072-E08,Report-072,-0.0600721559210316,-0.2264057201644341,Elastic net
Meta-grade primary,2,5,R072-E09,Report-072,0.0200026673068496,-0.2264057201644341,Elastic net
Meta-grade primary,2,5,R072-E10,Report-072,-0.0400213538367682,-0.2264057201644341,Elastic net
Meta-grade primary,2,5,R072-E11,Report-072,-0.0400213538367682,-0.2264057201644341,Elastic net
Meta-grade primary,2,5,R072-E12,Report-072,0.0300090048631264,-0.2264057201644341,Elastic net
Meta-grade primary,2,5,R072-E13,Report-072,0.0,-0.2264057201644341,Elastic net
Meta-grade primary,2,5,R072-E14,Report-072,-0.0200026673068496,-0.24955313646408994,Elastic net
Meta-grade primary,2,5,R072-E15,Report-072,-0.1307398500288783,-0.2264057201644341,Elastic net
Meta-grade primary,2,5,R072-E16,Report-072,-0.1003353477310756,-0.2264057201644341,Elastic net
Meta-grade primary,2,5,R072-E17,Report-072,-0.1409255760704939,-0.2264057201644341,Elastic net
Meta-grade primary,2,5,R072-E18,Report-072,-0.1307398500288783,-0.2264057201644341,Elastic net
Meta-grade primary,2,5,R072-E19,Report-072,-0.1104469157900972,-0.2264057201644341,Elastic net
Meta-grade primary,2,5,R072-E20,Report-072,-0.1307398500288783,-0.2264057201644341,Elastic net
Meta-grade primary,2,5,R072-E21,Report-072,-0.171666663500579,-0.24955313646408994,Elastic net
Meta-grade primary,2,5,R072-E22,Report-072,-0.0801713250375896,-0.2264057201644341,Elastic net
Meta-grade primary,2,5,R072-E23,Report-072,0.0,-0.2264057201644341,Elastic net
Meta-grade primary,2,5,R072-E24,Report-072,-0.0500417292784913,-0.2264057201644341,Elastic net
Meta-grade primary,2,5,R072-E25,Report-072,-0.0600721559210316,-0.2264057201644341,Elastic net
Meta-grade primary,2,5,R072-E26,Report-072,-0.0300090048631265,-0.2264057201644341,Elastic net
Meta-grade primary,2,5,R072-E27,Report-072,-0.0400213538367682,-0.2264057201644341,Elastic net
Meta-grade primary,2,5,R072-E28,Report-072,-0.0600721559210316,-0.24955313646408994,Elastic net
Meta-grade primary,2,5,R079-E01,Report-079,-0.7752987062055835,-0.21123185599049724,Elastic net
Meta-grade primary,2,5,R080-E01,Report-080,-0.2528572088918466,-0.27698102433263544,Elastic net
Meta-grade primary,2,5,R004-E01,Report-004,-0.3205454093019461,-0.28337280137823373,Random forest
Meta-grade primary,2,5,R004-E02,Report-004,-0.2447741126593529,-0.28835041083684576,Random forest
Meta-grade primary,2,5,R047-E01,Report-047,-0.1793019968128792,-0.0954744766075488,Random forest
Meta-grade primary,2,5,R072-E01,Report-072,-0.0801713250375896,-0.23429181542592192,Random forest
Meta-grade primary,2,5,R072-E02,Report-072,-0.0400213538367682,-0.23429181542592192,Random forest
Meta-grade primary,2,5,R072-E03,Report-072,-0.0701146706543252,-0.23429181542592192,Random forest
Meta-grade primary,2,5,R072-E04,Report-072,-0.0701146706543252,-0.20389765181944922,Random forest
Meta-grade primary,2,5,R072-E05,Report-072,-0.0902441878561468,-0.20389765181944922,Random forest
Meta-grade primary,2,5,R072-E06,Report-072,-0.0902441878561468,-0.20389765181944922,Random forest
Meta-grade primary,2,5,R072-E07,Report-072,-0.1104469157900972,-0.25858331718415084,Random forest
Meta-grade primary,2,5,R072-E08,Report-072,-0.0600721559210316,-0.23446401467582936,Random forest
Meta-grade primary,2,5,R072-E09,Report-072,0.0200026673068496,-0.23446401467582936,Random forest
Meta-grade primary,2,5,R072-E10,Report-072,-0.0400213538367682,-0.23446401467582936,Random forest
Meta-grade primary,2,5,R072-E11,Report-072,-0.0400213538367682,-0.20240106163117366,Random forest
Meta-grade primary,2,5,R072-E12,Report-072,0.0300090048631264,-0.20240106163117366,Random forest
Meta-grade primary,2,5,R072-E13,Report-072,0.0,-0.20240106163117366,Random forest
Meta-grade primary,2,5,R072-E14,Report-072,-0.0200026673068496,-0.2585651978383171,Random forest
Meta-grade primary,2,5,R072-E15,Report-072,-0.1307398500288783,-0.23446401467582936,Random forest
Meta-grade primary,2,5,R072-E16,Report-072,-0.1003353477310756,-0.23446401467582936,Random forest
Meta-grade primary,2,5,R072-E17,Report-072,-0.1409255760704939,-0.23446401467582936,Random forest
Meta-grade primary,2,5,R072-E18,Report-072,-0.1307398500288783,-0.20240106163117366,Random forest
Meta-grade primary,2,5,R072-E19,Report-072,-0.1104469157900972,-0.20240106163117366,Random forest
Meta-grade primary,2,5,R072-E20,Report-072,-0.1307398500288783,-0.20240106163117366,Random forest
Meta-grade primary,2,5,R072-E21,Report-072,-0.171666663500579,-0.2585651978383171,Random forest
Meta-grade primary,2,5,R072-E22,Report-072,-0.0801713250375896,-0.23013768359431672,Random forest
Meta-grade primary,2,5,R072-E23,Report-072,0.0,-0.23013768359431672,Random forest
Meta-grade primary,2,5,R072-E24,Report-072,-0.0500417292784913,-0.23013768359431672,Random forest
Meta-grade primary,2,5,R072-E25,Report-072,-0.0600721559210316,-0.1966412115760373,Random forest
Meta-grade primary,2,5,R072-E26,Report-072,-0.0300090048631265,-0.1966412115760373,Random forest
Meta-grade primary,2,5,R072-E27,Report-072,-0.0400213538367682,-0.1966412115760373,Random forest
Meta-grade primary,2,5,R072-E28,Report-072,-0.0600721559210316,-0.2536176979493776,Random forest
Meta-grade primary,2,5,R079-E01,Report-079,-0.7752987062055835,-0.19699006107129663,Random forest
Meta-grade primary,2,5,R080-E01,Report-080,-0.2528572088918466,-0.3065784521960367,Random forest
Meta-grade primary,2,5,R004-E01,Report-004,-0.3205454093019461,-0.288089380164579,Gradient boosting
Meta-grade primary,2,5,R004-E02,Report-004,-0.2447741126593529,-0.25523568307469185,Gradient boosting
Meta-grade primary,2,5,R047-E01,Report-047,-0.1793019968128792,-0.10891149346995235,Gradient boosting
Meta-grade primary,2,5,R072-E01,Report-072,-0.0801713250375896,-0.18938353061647922,Gradient boosting
Meta-grade primary,2,5,R072-E02,Report-072,-0.0400213538367682,-0.18938353061647922,Gradient boosting
Meta-grade primary,2,5,R072-E03,Report-072,-0.0701146706543252,-0.18938353061647922,Gradient boosting
Meta-grade primary,2,5,R072-E04,Report-072,-0.0701146706543252,-0.12106668518748678,Gradient boosting
Meta-grade primary,2,5,R072-E05,Report-072,-0.0902441878561468,-0.12106668518748678,Gradient boosting
Meta-grade primary,2,5,R072-E06,Report-072,-0.0902441878561468,-0.12106668518748678,Gradient boosting
Meta-grade primary,2,5,R072-E07,Report-072,-0.1104469157900972,-0.26435862332730947,Gradient boosting
Meta-grade primary,2,5,R072-E08,Report-072,-0.0600721559210316,-0.11882038132657054,Gradient boosting
Meta-grade primary,2,5,R072-E09,Report-072,0.0200026673068496,-0.11882038132657054,Gradient boosting
Meta-grade primary,2,5,R072-E10,Report-072,-0.0400213538367682,-0.11882038132657054,Gradient boosting
Meta-grade primary,2,5,R072-E11,Report-072,-0.0400213538367682,-0.06254752641166433,Gradient boosting
Meta-grade primary,2,5,R072-E12,Report-072,0.0300090048631264,-0.06254752641166433,Gradient boosting
Meta-grade primary,2,5,R072-E13,Report-072,0.0,-0.06254752641166433,Gradient boosting
Meta-grade primary,2,5,R072-E14,Report-072,-0.0200026673068496,-0.1900650786699411,Gradient boosting
Meta-grade primary,2,5,R072-E15,Report-072,-0.1307398500288783,-0.11882038132657054,Gradient boosting
Meta-grade primary,2,5,R072-E16,Report-072,-0.1003353477310756,-0.11882038132657054,Gradient boosting
Meta-grade primary,2,5,R072-E17,Report-072,-0.1409255760704939,-0.11882038132657054,Gradient boosting
Meta-grade primary,2,5,R072-E18,Report-072,-0.1307398500288783,-0.06254752641166433,Gradient boosting
Meta-grade primary,2,5,R072-E19,Report-072,-0.1104469157900972,-0.06254752641166433,Gradient boosting
Meta-grade primary,2,5,R072-E20,Report-072,-0.1307398500288783,-0.06254752641166433,Gradient boosting
Meta-grade primary,2,5,R072-E21,Report-072,-0.171666663500579,-0.1900650786699411,Gradient boosting
Meta-grade primary,2,5,R072-E22,Report-072,-0.0801713250375896,-0.16797032932513384,Gradient boosting
Meta-grade primary,2,5,R072-E23,Report-072,0.0,-0.16797032932513384,Gradient boosting
Meta-grade primary,2,5,R072-E24,Report-072,-0.0500417292784913,-0.16797032932513384,Gradient boosting
Meta-grade primary,2,5,R072-E25,Report-072,-0.0600721559210316,-0.0053998899897580235,Gradient boosting
Meta-grade primary,2,5,R072-E26,Report-072,-0.0300090048631265,-0.0053998899897580235,Gradient boosting
Meta-grade primary,2,5,R072-E27,Report-072,-0.0400213538367682,-0.0053998899897580235,Gradient boosting
Meta-grade primary,2,5,R072-E28,Report-072,-0.0600721559210316,-0.22885269262238667,Gradient boosting
Meta-grade primary,2,5,R079-E01,Report-079,-0.7752987062055835,-0.1654860110580122,Gradient boosting
Meta-grade primary,2,5,R080-E01,Report-080,-0.2528572088918466,-0.28509552359210033,Gradient boosting
Meta-grade primary,3,1,R005-E01,Report-005,-0.3394653523437398,-0.2571199878039888,Null (training mean)
Meta-grade primary,3,1,R005-E02,Report-005,-0.3073232466191121,-0.2571199878039888,Null (training mean)
Meta-grade primary,3,1,R005-E03,Report-005,-0.2985662636601783,-0.2571199878039888,Null (training mean)
Meta-grade primary,3,1,R005-E04,Report-005,-0.2226054898207927,-0.2571199878039888,Null (training mean)
Meta-grade primary,3,1,R005-E05,Report-005,-0.1881906067775652,-0.2571199878039888,Null (training mean)
Meta-grade primary,3,1,R006-E01,Report-006,-0.3185781374429814,-0.2571199878039888,Null (training mean)
Meta-grade primary,3,1,R006-E02,Report-006,-0.3149780475421737,-0.2571199878039888,Null (training mean)
Meta-grade primary,3,1,R006-E04,Report-006,-0.2830017377730096,-0.2571199878039888,Null (training mean)
Meta-grade primary,3,1,R006-E05,Report-006,-0.2710215474437309,-0.2571199878039888,Null (training mean)
Meta-grade primary,3,1,R006-E06,Report-006,-0.2367028032650126,-0.2571199878039888,Null (training mean)
Meta-grade primary,3,1,R006-E07,Report-006,-0.0776151463689917,-0.2571199878039888,Null (training mean)
Meta-grade primary,3,1,R006-E09,Report-006,-0.2585963813858514,-0.2571199878039888,Null (training mean)
Meta-grade primary,3,1,R006-E10,Report-006,0.0520469455213166,-0.2571199878039888,Null (training mean)
Meta-grade primary,3,1,R006-E11,Report-006,-0.2865973321469467,-0.2571199878039888,Null (training mean)
Meta-grade primary,3,1,R006-E12,Report-006,-0.3540925289622429,-0.2571199878039888,Null (training mean)
Meta-grade primary,3,1,R006-E13,Report-006,-0.120581028408444,-0.2571199878039888,Null (training mean)
Meta-grade primary,3,1,R010-E01,Report-010,-0.2661084068736541,-0.2571199878039888,Null (training mean)
Meta-grade primary,3,1,R020-E01,Report-020,-0.0904335773173084,-0.2571199878039888,Null (training mean)
Meta-grade primary,3,1,R022-E01,PACE,-0.1079291954253917,-0.2571199878039888,Null (training mean)
Meta-grade primary,3,1,R022-E02,PACE,-0.0716712828013512,-0.2571199878039888,Null (training mean)
Meta-grade primary,3,1,R022-E03,PACE,0.099027503509446,-0.2571199878039888,Null (training mean)
Meta-grade primary,3,1,R022-E04,PACE,-0.0004516500561274,-0.2571199878039888,Null (training mean)
Meta-grade primary,3,1,R022-E05,PACE,0.0109578515321072,-0.2571199878039888,Null (training mean)
Meta-grade primary,3,1,R022-E06,PACE,-0.1014471687907363,-0.2571199878039888,Null (training mean)
Meta-grade primary,3,1,R022-E07,PACE,-0.0410812093992726,-0.2571199878039888,Null (training mean)
Meta-grade primary,3,1,R022-E08,PACE,0.0676957937234428,-0.2571199878039888,Null (training mean)
Meta-grade primary,3,1,R032-E01,Report-032,-0.1923371692195453,-0.2571199878039888,Null (training mean)
Meta-grade primary,3,1,R032-E02,Report-032,-0.1307398500288784,-0.2571199878039888,Null (training mean)
Meta-grade primary,3,1,R060-E01,Report-060,-0.0347701371385076,-0.2571199878039888,Null (training mean)
Meta-grade primary,3,1,R060-E02,Report-060,0.0225633372390231,-0.2571199878039888,Null (training mean)
Meta-grade primary,3,1,R107-E01,Report-107,-0.3202138706966537,-0.2571199878039888,Null (training mean)
Meta-grade primary,3,1,R107-E02,Report-107,-0.1479107917177318,-0.2571199878039888,Null (training mean)
Meta-grade primary,3,1,R107-E03,Report-107,-0.1479107917177318,-0.2571199878039888,Null (training mean)
Meta-grade primary,3,1,R005-E01,Report-005,-0.3394653523437398,-0.24561017331505944,Ridge
Meta-grade primary,3,1,R005-E02,Report-005,-0.3073232466191121,-0.251620031234801,Ridge
Meta-grade primary,3,1,R005-E03,Report-005,-0.2985662636601783,-0.25140609021410626,Ridge
Meta-grade primary,3,1,R005-E04,Report-005,-0.2226054898207927,-0.25213812831151716,Ridge
Meta-grade primary,3,1,R005-E05,Report-005,-0.1881906067775652,-0.25213812831151716,Ridge
Meta-grade primary,3,1,R006-E01,Report-006,-0.3185781374429814,-0.2797243114061497,Ridge
Meta-grade primary,3,1,R006-E02,Report-006,-0.3149780475421737,-0.2672073480714777,Ridge
Meta-grade primary,3,1,R006-E04,Report-006,-0.2830017377730096,-0.19688221902742428,Ridge
Meta-grade primary,3,1,R006-E05,Report-006,-0.2710215474437309,-0.19688221902742428,Ridge
Meta-grade primary,3,1,R006-E06,Report-006,-0.2367028032650126,-0.1843652556927523,Ridge
Meta-grade primary,3,1,R006-E07,Report-006,-0.0776151463689917,-0.1843652556927523,Ridge
Meta-grade primary,3,1,R006-E09,Report-006,-0.2585963813858514,-0.17783730069629458,Ridge
Meta-grade primary,3,1,R006-E10,Report-006,0.0520469455213166,-0.2794080660119041,Ridge
Meta-grade primary,3,1,R006-E11,Report-006,-0.2865973321469467,-0.2859360210083618,Ridge
Meta-grade primary,3,1,R006-E12,Report-006,-0.3540925289622429,-0.26657880024274844,Ridge
Meta-grade primary,3,1,R006-E13,Report-006,-0.120581028408444,-0.26657880024274844,Ridge
Meta-grade primary,3,1,R010-E01,Report-010,-0.2661084068736541,-0.3168882148629888,Ridge
Meta-grade primary,3,1,R020-E01,Report-020,-0.0904335773173084,-0.19077108496439993,Ridge
Meta-grade primary,3,1,R022-E01,PACE,-0.1079291954253917,-0.16496920970306855,Ridge
Meta-grade primary,3,1,R022-E02,PACE,-0.0716712828013512,-0.1710648408127402,Ridge
Meta-grade primary,3,1,R022-E03,PACE,0.099027503509446,-0.18024944994944536,Ridge
Meta-grade primary,3,1,R022-E04,PACE,-0.0004516500561274,-0.18634508105911698,Ridge
Meta-grade primary,3,1,R022-E05,PACE,0.0109578515321072,-0.16546260083364409,Ridge
Meta-grade primary,3,1,R022-E06,PACE,-0.1014471687907363,-0.17155823194331574,Ridge
Meta-grade primary,3,1,R022-E07,PACE,-0.0410812093992726,-0.16546260083364409,Ridge
Meta-grade primary,3,1,R022-E08,PACE,0.0676957937234428,-0.17155823194331574,Ridge
Meta-grade primary,3,1,R032-E01,Report-032,-0.1923371692195453,-0.24705403006833934,Ridge
Meta-grade primary,3,1,R032-E02,Report-032,-0.1307398500288784,-0.24705403006833934,Ridge
Meta-grade primary,3,1,R060-E01,Report-060,-0.0347701371385076,-0.2880613024950278,Ridge
Meta-grade primary,3,1,R060-E02,Report-060,0.0225633372390231,-0.2887802574709008,Ridge
Meta-grade primary,3,1,R107-E01,Report-107,-0.3202138706966537,-0.2953446871023666,Ridge
Meta-grade primary,3,1,R107-E02,Report-107,-0.1479107917177318,-0.3176667926870642,Ridge
Meta-grade primary,3,1,R107-E03,Report-107,-0.1479107917177318,-0.3176667926870642,Ridge
Meta-grade primary,3,1,R005-E01,Report-005,-0.3394653523437398,-0.26081684089270923,Elastic net
Meta-grade primary,3,1,R005-E02,Report-005,-0.3073232466191121,-0.26081684089270923,Elastic net
Meta-grade primary,3,1,R005-E03,Report-005,-0.2985662636601783,-0.26081684089270923,Elastic net
Meta-grade primary,3,1,R005-E04,Report-005,-0.2226054898207927,-0.26081684089270923,Elastic net
Meta-grade primary,3,1,R005-E05,Report-005,-0.1881906067775652,-0.26081684089270923,Elastic net
Meta-grade primary,3,1,R006-E01,Report-006,-0.3185781374429814,-0.30757266819679385,Elastic net
Meta-grade primary,3,1,R006-E02,Report-006,-0.3149780475421737,-0.30757266819679385,Elastic net
Meta-grade primary,3,1,R006-E04,Report-006,-0.2830017377730096,-0.20215613299433985,Elastic net
Meta-grade primary,3,1,R006-E05,Report-006,-0.2710215474437309,-0.20215613299433985,Elastic net
Meta-grade primary,3,1,R006-E06,Report-006,-0.2367028032650126,-0.20215613299433985,Elastic net
Meta-grade primary,3,1,R006-E07,Report-006,-0.0776151463689917,-0.20215613299433985,Elastic net
Meta-grade primary,3,1,R006-E09,Report-006,-0.2585963813858514,-0.20215613299433985,Elastic net
Meta-grade primary,3,1,R006-E10,Report-006,0.0520469455213166,-0.31437873016792733,Elastic net
Meta-grade primary,3,1,R006-E11,Report-006,-0.2865973321469467,-0.31437873016792733,Elastic net
Meta-grade primary,3,1,R006-E12,Report-006,-0.3540925289622429,-0.31307411374920746,Elastic net
Meta-grade primary,3,1,R006-E13,Report-006,-0.120581028408444,-0.31307411374920746,Elastic net
Meta-grade primary,3,1,R010-E01,Report-010,-0.2661084068736541,-0.3283784835340875,Elastic net
Meta-grade primary,3,1,R020-E01,Report-020,-0.0904335773173084,-0.17567260586387384,Elastic net
Meta-grade primary,3,1,R022-E01,PACE,-0.1079291954253917,-0.16254790566289878,Elastic net
Meta-grade primary,3,1,R022-E02,PACE,-0.0716712828013512,-0.16183881536684575,Elastic net
Meta-grade primary,3,1,R022-E03,PACE,0.099027503509446,-0.16787256878917228,Elastic net
Meta-grade primary,3,1,R022-E04,PACE,-0.0004516500561274,-0.16716347849311922,Elastic net
Meta-grade primary,3,1,R022-E05,PACE,0.0109578515321072,-0.16254790566289878,Elastic net
Meta-grade primary,3,1,R022-E06,PACE,-0.1014471687907363,-0.16183881536684575,Elastic net
Meta-grade primary,3,1,R022-E07,PACE,-0.0410812093992726,-0.16254790566289878,Elastic net
Meta-grade primary,3,1,R022-E08,PACE,0.0676957937234428,-0.16183881536684575,Elastic net
Meta-grade primary,3,1,R032-E01,Report-032,-0.1923371692195453,-0.26159584575403183,Elastic net
Meta-grade primary,3,1,R032-E02,Report-032,-0.1307398500288784,-0.26159584575403183,Elastic net
Meta-grade primary,3,1,R060-E01,Report-060,-0.0347701371385076,-0.30624434200507356,Elastic net
Meta-grade primary,3,1,R060-E02,Report-060,0.0225633372390231,-0.303406374023374,Elastic net
Meta-grade primary,3,1,R107-E01,Report-107,-0.3202138706966537,-0.31975686677448667,Elastic net
Meta-grade primary,3,1,R107-E02,Report-107,-0.1479107917177318,-0.35636920521187754,Elastic net
Meta-grade primary,3,1,R107-E03,Report-107,-0.1479107917177318,-0.35636920521187754,Elastic net
Meta-grade primary,3,1,R005-E01,Report-005,-0.3394653523437398,-0.2835063271305583,Random forest
Meta-grade primary,3,1,R005-E02,Report-005,-0.3073232466191121,-0.2943027414852662,Random forest
Meta-grade primary,3,1,R005-E03,Report-005,-0.2985662636601783,-0.2939849842508503,Random forest
Meta-grade primary,3,1,R005-E04,Report-005,-0.2226054898207927,-0.29111144599095007,Random forest
Meta-grade primary,3,1,R005-E05,Report-005,-0.1881906067775652,-0.29111144599095007,Random forest
Meta-grade primary,3,1,R006-E01,Report-006,-0.3185781374429814,-0.36382515718382724,Random forest
Meta-grade primary,3,1,R006-E02,Report-006,-0.3149780475421737,-0.3452505765258197,Random forest
Meta-grade primary,3,1,R006-E04,Report-006,-0.2830017377730096,-0.2920921625220719,Random forest
Meta-grade primary,3,1,R006-E05,Report-006,-0.2710215474437309,-0.2920921625220719,Random forest
Meta-grade primary,3,1,R006-E06,Report-006,-0.2367028032650126,-0.27367924221849893,Random forest
Meta-grade primary,3,1,R006-E07,Report-006,-0.0776151463689917,-0.27367924221849893,Random forest
Meta-grade primary,3,1,R006-E09,Report-006,-0.2585963813858514,-0.2652199264345317,Random forest
Meta-grade primary,3,1,R006-E10,Report-006,0.0520469455213166,-0.3478245422783618,Random forest
Meta-grade primary,3,1,R006-E11,Report-006,-0.2865973321469467,-0.3562376966199952,Random forest
Meta-grade primary,3,1,R006-E12,Report-006,-0.3540925289622429,-0.34077153872871385,Random forest
Meta-grade primary,3,1,R006-E13,Report-006,-0.120581028408444,-0.34077153872871385,Random forest
Meta-grade primary,3,1,R010-E01,Report-010,-0.2661084068736541,-0.3511842511954798,Random forest
Meta-grade primary,3,1,R020-E01,Report-020,-0.0904335773173084,-0.22682391920776956,Random forest
Meta-grade primary,3,1,R022-E01,PACE,-0.1079291954253917,-0.22046581373873006,Random forest
Meta-grade primary,3,1,R022-E02,PACE,-0.0716712828013512,-0.22431965778367105,Random forest
Meta-grade primary,3,1,R022-E03,PACE,0.099027503509446,-0.22072142192978766,Random forest
Meta-grade primary,3,1,R022-E04,PACE,-0.0004516500561274,-0.2261484085289415,Random forest
Meta-grade primary,3,1,R022-E05,PACE,0.0109578515321072,-0.21574122527075895,Random forest
Meta-grade primary,3,1,R022-E06,PACE,-0.1014471687907363,-0.21931962842002883,Random forest
Meta-grade primary,3,1,R022-E07,PACE,-0.0410812093992726,-0.21574122527075895,Random forest
Meta-grade primary,3,1,R022-E08,PACE,0.0676957937234428,-0.21931962842002883,Random forest
Meta-grade primary,3,1,R032-E01,Report-032,-0.1923371692195453,-0.3165201599538026,Random forest
Meta-grade primary,3,1,R032-E02,Report-032,-0.1307398500288784,-0.3165201599538026,Random forest
Meta-grade primary,3,1,R060-E01,Report-060,-0.0347701371385076,-0.35302170255101534,Random forest
Meta-grade primary,3,1,R060-E02,Report-060,0.0225633372390231,-0.3587715786607533,Random forest
Meta-grade primary,3,1,R107-E01,Report-107,-0.3202138706966537,-0.3558689980118031,Random forest
Meta-grade primary,3,1,R107-E02,Report-107,-0.1479107917177318,-0.3424734613724495,Random forest
Meta-grade primary,3,1,R107-E03,Report-107,-0.1479107917177318,-0.3424734613724495,Random forest
Meta-grade primary,3,1,R005-E01,Report-005,-0.3394653523437398,-0.24730904179835952,Gradient boosting
Meta-grade primary,3,1,R005-E02,Report-005,-0.3073232466191121,-0.2378966289430135,Gradient boosting
Meta-grade primary,3,1,R005-E03,Report-005,-0.2985662636601783,-0.2474614943299291,Gradient boosting
Meta-grade primary,3,1,R005-E04,Report-005,-0.2226054898207927,-0.2474614943299291,Gradient boosting
Meta-grade primary,3,1,R005-E05,Report-005,-0.1881906067775652,-0.2474614943299291,Gradient boosting
Meta-grade primary,3,1,R006-E01,Report-006,-0.3185781374429814,-0.4139418310386736,Gradient boosting
Meta-grade primary,3,1,R006-E02,Report-006,-0.3149780475421737,-0.3619859254939533,Gradient boosting
Meta-grade primary,3,1,R006-E04,Report-006,-0.2830017377730096,-0.38740537747912934,Gradient boosting
Meta-grade primary,3,1,R006-E05,Report-006,-0.2710215474437309,-0.38740537747912934,Gradient boosting
Meta-grade primary,3,1,R006-E06,Report-006,-0.2367028032650126,-0.33588817964851836,Gradient boosting
Meta-grade primary,3,1,R006-E07,Report-006,-0.0776151463689917,-0.33588817964851836,Gradient boosting
Meta-grade primary,3,1,R006-E09,Report-006,-0.2585963813858514,-0.3314829631926394,Gradient boosting
Meta-grade primary,3,1,R006-E10,Report-006,0.0520469455213166,-0.41076412090628467,Gradient boosting
Meta-grade primary,3,1,R006-E11,Report-006,-0.2865973321469467,-0.43025780262370106,Gradient boosting
Meta-grade primary,3,1,R006-E12,Report-006,-0.3540925289622429,-0.37381801314595225,Gradient boosting
Meta-grade primary,3,1,R006-E13,Report-006,-0.120581028408444,-0.37381801314595225,Gradient boosting
Meta-grade primary,3,1,R010-E01,Report-010,-0.2661084068736541,-0.3190039143119711,Gradient boosting
Meta-grade primary,3,1,R020-E01,Report-020,-0.0904335773173084,-0.2051203196067331,Gradient boosting
Meta-grade primary,3,1,R022-E01,PACE,-0.1079291954253917,-0.19767096026559267,Gradient boosting
Meta-grade primary,3,1,R022-E02,PACE,-0.0716712828013512,-0.21152768048311707,Gradient boosting
Meta-grade primary,3,1,R022-E03,PACE,0.099027503509446,-0.16742486943097465,Gradient boosting
Meta-grade primary,3,1,R022-E04,PACE,-0.0004516500561274,-0.19181391214200422,Gradient boosting
Meta-grade primary,3,1,R022-E05,PACE,0.0109578515321072,-0.205358402727845,Gradient boosting
Meta-grade primary,3,1,R022-E06,PACE,-0.1014471687907363,-0.21536458684995077,Gradient boosting
Meta-grade primary,3,1,R022-E07,PACE,-0.0410812093992726,-0.205358402727845,Gradient boosting
Meta-grade primary,3,1,R022-E08,PACE,0.0676957937234428,-0.21536458684995077,Gradient boosting
Meta-grade primary,3,1,R032-E01,Report-032,-0.1923371692195453,-0.2922291988251165,Gradient boosting
Meta-grade primary,3,1,R032-E02,Report-032,-0.1307398500288784,-0.2922291988251165,Gradient boosting
Meta-grade primary,3,1,R060-E01,Report-060,-0.0347701371385076,-0.41356450909305403,Gradient boosting
Meta-grade primary,3,1,R060-E02,Report-060,0.0225633372390231,-0.35942713512159075,Gradient boosting
Meta-grade primary,3,1,R107-E01,Report-107,-0.3202138706966537,-0.4247057261798841,Gradient boosting
Meta-grade primary,3,1,R107-E02,Report-107,-0.1479107917177318,-0.3526622538748543,Gradient boosting
Meta-grade primary,3,1,R107-E03,Report-107,-0.1479107917177318,-0.3526622538748543,Gradient boosting
Meta-grade primary,3,2,R004-E01,Report-004,-0.3205454093019461,-0.2391709585978853,Null (training mean)
Meta-grade primary,3,2,R004-E02,Report-004,-0.2447741126593529,-0.2391709585978853,Null (training mean)
Meta-grade primary,3,2,R013-E01,Report-013,-0.2236561090218323,-0.2391709585978853,Null (training mean)
Meta-grade primary,3,2,R013-E02,Report-013,-0.2236561090218323,-0.2391709585978853,Null (training mean)
Meta-grade primary,3,2,R013-E03,Report-013,-0.3205454093019461,-0.2391709585978853,Null (training mean)
Meta-grade primary,3,2,R036-E01,Report-036,-0.4236489301936018,-0.2391709585978853,Null (training mean)
Meta-grade primary,3,2,R036-E02,Report-036,-0.2907692890372516,-0.2391709585978853,Null (training mean)
Meta-grade primary,3,2,R054-E01,ABCD,0.0193634892783448,-0.2391709585978853,Null (training mean)
Meta-grade primary,3,2,R054-E02,ABCD,0.2397551747487654,-0.2391709585978853,Null (training mean)
Meta-grade primary,3,2,R054-E03,ABCD,0.07289783189626,-0.2391709585978853,Null (training mean)
Meta-grade primary,3,2,R054-E04,ABCD,0.07289783189626,-0.2391709585978853,Null (training mean)
Meta-grade primary,3,2,R144-E01,Report-144,-0.2768638226551,-0.2391709585978853,Null (training mean)
Meta-grade primary,3,2,R146-E01,ABCD,0.042331853503913,-0.2391709585978853,Null (training mean)
Meta-grade primary,3,2,R146-E02,ABCD,0.0428847693265876,-0.2391709585978853,Null (training mean)
Meta-grade primary,3,2,R146-E03,ABCD,0.0435557950576516,-0.2391709585978853,Null (training mean)
Meta-grade primary,3,2,R146-E04,ABCD,0.044667269272793,-0.2391709585978853,Null (training mean)
Meta-grade primary,3,2,R146-E05,ABCD,0.06973403309124,-0.2391709585978853,Null (training mean)
Meta-grade primary,3,2,R146-E06,ABCD,0.0788945153409791,-0.2391709585978853,Null (training mean)
Meta-grade primary,3,2,R146-E07,ABCD,0.0609555888092744,-0.2391709585978853,Null (training mean)
Meta-grade primary,3,2,R146-E08,ABCD,0.0663784704358779,-0.2391709585978853,Null (training mean)
Meta-grade primary,3,2,R146-E09,ABCD,0.0677611969331547,-0.2391709585978853,Null (training mean)
Meta-grade primary,3,2,R146-E10,ABCD,0.0803465762235214,-0.2391709585978853,Null (training mean)
Meta-grade primary,3,2,R146-E11,ABCD,0.0492903581043352,-0.2391709585978853,Null (training mean)
Meta-grade primary,3,2,R146-E12,ABCD,0.0548953988142855,-0.2391709585978853,Null (training mean)
Meta-grade primary,3,2,R146-E13,ABCD,0.0640763352129479,-0.2391709585978853,Null (training mean)
Meta-grade primary,3,2,R146-E14,ABCD,0.0911381831856409,-0.2391709585978853,Null (training mean)
Meta-grade primary,3,2,R146-E15,ABCD,0.0779265404379476,-0.2391709585978853,Null (training mean)
Meta-grade primary,3,2,R151-E01,All Our Families,-0.0805913395179724,-0.2391709585978853,Null (training mean)
Meta-grade primary,3,2,R151-E02,All Our Families,-0.1187477867055022,-0.2391709585978853,Null (training mean)
Meta-grade primary,3,2,R151-E03,All Our Families,-0.1441492679971068,-0.2391709585978853,Null (training mean)
Meta-grade primary,3,2,R151-E04,All Our Families,-0.0361119842872121,-0.2391709585978853,Null (training mean)
Meta-grade primary,3,2,R151-E05,All Our Families,-0.0886707286544282,-0.2391709585978853,Null (training mean)
Meta-grade primary,3,2,R004-E01,Report-004,-0.3205454093019461,-0.24323203577424296,Ridge
Meta-grade primary,3,2,R004-E02,Report-004,-0.2447741126593529,-0.2534957220392888,Ridge
Meta-grade primary,3,2,R013-E01,Report-013,-0.2236561090218323,-0.24983624839801707,Ridge
Meta-grade primary,3,2,R013-E02,Report-013,-0.2236561090218323,-0.23896193775705027,Ridge
Meta-grade primary,3,2,R013-E03,Report-013,-0.3205454093019461,-0.26939413042040344,Ridge
Meta-grade primary,3,2,R036-E01,Report-036,-0.4236489301936018,-0.22149113127478898,Ridge
Meta-grade primary,3,2,R036-E02,Report-036,-0.2907692890372516,-0.20710782657574336,Ridge
Meta-grade primary,3,2,R054-E01,ABCD,0.0193634892783448,-0.13492735622429683,Ridge
Meta-grade primary,3,2,R054-E02,ABCD,0.2397551747487654,-0.13492735622429683,Ridge
Meta-grade primary,3,2,R054-E03,ABCD,0.07289783189626,-0.14332052128524408,Ridge
Meta-grade primary,3,2,R054-E04,ABCD,0.07289783189626,-0.14332052128524408,Ridge
Meta-grade primary,3,2,R144-E01,Report-144,-0.2768638226551,-0.2764350591182508,Ridge
Meta-grade primary,3,2,R146-E01,ABCD,0.042331853503913,-0.13905732088127615,Ridge
Meta-grade primary,3,2,R146-E02,ABCD,0.0428847693265876,-0.14779139380673417,Ridge
Meta-grade primary,3,2,R146-E03,ABCD,0.0435557950576516,-0.15288070590028088,Ridge
Meta-grade primary,3,2,R146-E04,ABCD,0.044667269272793,-0.13200999297945698,Ridge
Meta-grade primary,3,2,R146-E05,ABCD,0.06973403309124,-0.14074406590491503,Ridge
Meta-grade primary,3,2,R146-E06,ABCD,0.0788945153409791,-0.14583337799846172,Ridge
Meta-grade primary,3,2,R146-E07,ABCD,0.0609555888092744,-0.14526869329925568,Ridge
Meta-grade primary,3,2,R146-E08,ABCD,0.0663784704358779,-0.1436691442293857,Ridge
Meta-grade primary,3,2,R146-E09,ABCD,0.0677611969331547,-0.15249007368852674,Ridge
Meta-grade primary,3,2,R146-E10,ABCD,0.0803465762235214,-0.15762549004685839,Ridge
Meta-grade primary,3,2,R146-E11,ABCD,0.0492903581043352,-0.1573689422677803,Ridge
Meta-grade primary,3,2,R146-E12,ABCD,0.0548953988142855,-0.1436691442293857,Ridge
Meta-grade primary,3,2,R146-E13,ABCD,0.0640763352129479,-0.15249007368852674,Ridge
Meta-grade primary,3,2,R146-E14,ABCD,0.0911381831856409,-0.15762549004685839,Ridge
Meta-grade primary,3,2,R146-E15,ABCD,0.0779265404379476,-0.1573689422677803,Ridge
Meta-grade primary,3,2,R151-E01,All Our Families,-0.0805913395179724,-0.14129453963632546,Ridge
Meta-grade primary,3,2,R151-E02,All Our Families,-0.1187477867055022,-0.10825080356275209,Ridge
Meta-grade primary,3,2,R151-E03,All Our Families,-0.1441492679971068,-0.10825080356275209,Ridge
Meta-grade primary,3,2,R151-E04,All Our Families,-0.0361119842872121,-0.10825080356275209,Ridge
Meta-grade primary,3,2,R151-E05,All Our Families,-0.0886707286544282,-0.10825080356275209,Ridge
Meta-grade primary,3,2,R004-E01,Report-004,-0.3205454093019461,-0.24428378934480757,Elastic net
Meta-grade primary,3,2,R004-E02,Report-004,-0.2447741126593529,-0.24428378934480757,Elastic net
Meta-grade primary,3,2,R013-E01,Report-013,-0.2236561090218323,-0.24428378934480757,Elastic net
Meta-grade primary,3,2,R013-E02,Report-013,-0.2236561090218323,-0.24428378934480757,Elastic net
Meta-grade primary,3,2,R013-E03,Report-013,-0.3205454093019461,-0.24428378934480757,Elastic net
Meta-grade primary,3,2,R036-E01,Report-036,-0.4236489301936018,-0.24428378934480757,Elastic net
Meta-grade primary,3,2,R036-E02,Report-036,-0.2907692890372516,-0.24428378934480757,Elastic net
Meta-grade primary,3,2,R054-E01,ABCD,0.0193634892783448,-0.22849776934430815,Elastic net
Meta-grade primary,3,2,R054-E02,ABCD,0.2397551747487654,-0.22849776934430815,Elastic net
Meta-grade primary,3,2,R054-E03,ABCD,0.07289783189626,-0.22849776934430815,Elastic net
Meta-grade primary,3,2,R054-E04,ABCD,0.07289783189626,-0.22849776934430815,Elastic net
Meta-grade primary,3,2,R144-E01,Report-144,-0.2768638226551,-0.24428378934480757,Elastic net
Meta-grade primary,3,2,R146-E01,ABCD,0.042331853503913,-0.22849776934430815,Elastic net
Meta-grade primary,3,2,R146-E02,ABCD,0.0428847693265876,-0.22849776934430815,Elastic net
Meta-grade primary,3,2,R146-E03,ABCD,0.0435557950576516,-0.22849776934430815,Elastic net
Meta-grade primary,3,2,R146-E04,ABCD,0.044667269272793,-0.22849776934430815,Elastic net
Meta-grade primary,3,2,R146-E05,ABCD,0.06973403309124,-0.22849776934430815,Elastic net
Meta-grade primary,3,2,R146-E06,ABCD,0.0788945153409791,-0.22849776934430815,Elastic net
Meta-grade primary,3,2,R146-E07,ABCD,0.0609555888092744,-0.22849776934430815,Elastic net
Meta-grade primary,3,2,R146-E08,ABCD,0.0663784704358779,-0.22849776934430815,Elastic net
Meta-grade primary,3,2,R146-E09,ABCD,0.0677611969331547,-0.22849776934430815,Elastic net
Meta-grade primary,3,2,R146-E10,ABCD,0.0803465762235214,-0.22849776934430815,Elastic net
Meta-grade primary,3,2,R146-E11,ABCD,0.0492903581043352,-0.22849776934430815,Elastic net
Meta-grade primary,3,2,R146-E12,ABCD,0.0548953988142855,-0.22849776934430815,Elastic net
Meta-grade primary,3,2,R146-E13,ABCD,0.0640763352129479,-0.22849776934430815,Elastic net
Meta-grade primary,3,2,R146-E14,ABCD,0.0911381831856409,-0.22849776934430815,Elastic net
Meta-grade primary,3,2,R146-E15,ABCD,0.0779265404379476,-0.22849776934430815,Elastic net
Meta-grade primary,3,2,R151-E01,All Our Families,-0.0805913395179724,-0.22849776934430815,Elastic net
Meta-grade primary,3,2,R151-E02,All Our Families,-0.1187477867055022,-0.22849776934430815,Elastic net
Meta-grade primary,3,2,R151-E03,All Our Families,-0.1441492679971068,-0.22849776934430815,Elastic net
Meta-grade primary,3,2,R151-E04,All Our Families,-0.0361119842872121,-0.22849776934430815,Elastic net
Meta-grade primary,3,2,R151-E05,All Our Families,-0.0886707286544282,-0.22849776934430815,Elastic net
Meta-grade primary,3,2,R004-E01,Report-004,-0.3205454093019461,-0.23121552888461133,Random forest
Meta-grade primary,3,2,R004-E02,Report-004,-0.2447741126593529,-0.23544599518980436,Random forest
Meta-grade primary,3,2,R013-E01,Report-013,-0.2236561090218323,-0.28639556640476277,Random forest
Meta-grade primary,3,2,R013-E02,Report-013,-0.2236561090218323,-0.2728061657590936,Random forest
Meta-grade primary,3,2,R013-E03,Report-013,-0.3205454093019461,-0.3295344438513835,Random forest
Meta-grade primary,3,2,R036-E01,Report-036,-0.4236489301936018,-0.2561613764814972,Random forest
Meta-grade primary,3,2,R036-E02,Report-036,-0.2907692890372516,-0.2471181066370068,Random forest
Meta-grade primary,3,2,R054-E01,ABCD,0.0193634892783448,-0.13856872839839665,Random forest
Meta-grade primary,3,2,R054-E02,ABCD,0.2397551747487654,-0.13856872839839665,Random forest
Meta-grade primary,3,2,R054-E03,ABCD,0.07289783189626,-0.1402080016795292,Random forest
Meta-grade primary,3,2,R054-E04,ABCD,0.07289783189626,-0.1402080016795292,Random forest
Meta-grade primary,3,2,R144-E01,Report-144,-0.2768638226551,-0.24313099554559434,Random forest
Meta-grade primary,3,2,R146-E01,ABCD,0.042331853503913,-0.19138298944347434,Random forest
Meta-grade primary,3,2,R146-E02,ABCD,0.0428847693265876,-0.19138298944347434,Random forest
Meta-grade primary,3,2,R146-E03,ABCD,0.0435557950576516,-0.19138298944347434,Random forest
Meta-grade primary,3,2,R146-E04,ABCD,0.044667269272793,-0.18868832481475836,Random forest
Meta-grade primary,3,2,R146-E05,ABCD,0.06973403309124,-0.18868832481475836,Random forest
Meta-grade primary,3,2,R146-E06,ABCD,0.0788945153409791,-0.18868832481475836,Random forest
Meta-grade primary,3,2,R146-E07,ABCD,0.0609555888092744,-0.18868832481475836,Random forest
Meta-grade primary,3,2,R146-E08,ABCD,0.0663784704358779,-0.18861505332374745,Random forest
Meta-grade primary,3,2,R146-E09,ABCD,0.0677611969331547,-0.18861505332374745,Random forest
Meta-grade primary,3,2,R146-E10,ABCD,0.0803465762235214,-0.18861505332374745,Random forest
Meta-grade primary,3,2,R146-E11,ABCD,0.0492903581043352,-0.18861505332374745,Random forest
Meta-grade primary,3,2,R146-E12,ABCD,0.0548953988142855,-0.18861505332374745,Random forest
Meta-grade primary,3,2,R146-E13,ABCD,0.0640763352129479,-0.18861505332374745,Random forest
Meta-grade primary,3,2,R146-E14,ABCD,0.0911381831856409,-0.18861505332374745,Random forest
Meta-grade primary,3,2,R146-E15,ABCD,0.0779265404379476,-0.18861505332374745,Random forest
Meta-grade primary,3,2,R151-E01,All Our Families,-0.0805913395179724,-0.14666806393436438,Random forest
Meta-grade primary,3,2,R151-E02,All Our Families,-0.1187477867055022,-0.111155792764403,Random forest
Meta-grade primary,3,2,R151-E03,All Our Families,-0.1441492679971068,-0.111155792764403,Random forest
Meta-grade primary,3,2,R151-E04,All Our Families,-0.0361119842872121,-0.111155792764403,Random forest
Meta-grade primary,3,2,R151-E05,All Our Families,-0.0886707286544282,-0.111155792764403,Random forest
Meta-grade primary,3,2,R004-E01,Report-004,-0.3205454093019461,-0.13632769078372345,Gradient boosting
Meta-grade primary,3,2,R004-E02,Report-004,-0.2447741126593529,-0.15063830663600142,Gradient boosting
Meta-grade primary,3,2,R013-E01,Report-013,-0.2236561090218323,-0.24787223484540608,Gradient boosting
Meta-grade primary,3,2,R013-E02,Report-013,-0.2236561090218323,-0.24310276461218425,Gradient boosting
Meta-grade primary,3,2,R013-E03,Report-013,-0.3205454093019461,-0.32517601076043845,Gradient boosting
Meta-grade primary,3,2,R036-E01,Report-036,-0.4236489301936018,-0.34390400842374425,Gradient boosting
Meta-grade primary,3,2,R036-E02,Report-036,-0.2907692890372516,-0.3228547712535542,Gradient boosting
Meta-grade primary,3,2,R054-E01,ABCD,0.0193634892783448,-0.020260719033949263,Gradient boosting
Meta-grade primary,3,2,R054-E02,ABCD,0.2397551747487654,-0.020260719033949263,Gradient boosting
Meta-grade primary,3,2,R054-E03,ABCD,0.07289783189626,-0.05464712484656486,Gradient boosting
Meta-grade primary,3,2,R054-E04,ABCD,0.07289783189626,-0.05464712484656486,Gradient boosting
Meta-grade primary,3,2,R144-E01,Report-144,-0.2768638226551,-0.1044149338431988,Gradient boosting
Meta-grade primary,3,2,R146-E01,ABCD,0.042331853503913,-0.11074092868925824,Gradient boosting
Meta-grade primary,3,2,R146-E02,ABCD,0.0428847693265876,-0.11074092868925824,Gradient boosting
Meta-grade primary,3,2,R146-E03,ABCD,0.0435557950576516,-0.11074092868925824,Gradient boosting
Meta-grade primary,3,2,R146-E04,ABCD,0.044667269272793,-0.07343038969292488,Gradient boosting
Meta-grade primary,3,2,R146-E05,ABCD,0.06973403309124,-0.07343038969292488,Gradient boosting
Meta-grade primary,3,2,R146-E06,ABCD,0.0788945153409791,-0.07343038969292488,Gradient boosting
Meta-grade primary,3,2,R146-E07,ABCD,0.0609555888092744,-0.07343038969292488,Gradient boosting
Meta-grade primary,3,2,R146-E08,ABCD,0.0663784704358779,-0.08958989695411378,Gradient boosting
Meta-grade primary,3,2,R146-E09,ABCD,0.0677611969331547,-0.08958989695411378,Gradient boosting
Meta-grade primary,3,2,R146-E10,ABCD,0.0803465762235214,-0.08958989695411378,Gradient boosting
Meta-grade primary,3,2,R146-E11,ABCD,0.0492903581043352,-0.08958989695411378,Gradient boosting
Meta-grade primary,3,2,R146-E12,ABCD,0.0548953988142855,-0.08958989695411378,Gradient boosting
Meta-grade primary,3,2,R146-E13,ABCD,0.0640763352129479,-0.08958989695411378,Gradient boosting
Meta-grade primary,3,2,R146-E14,ABCD,0.0911381831856409,-0.08958989695411378,Gradient boosting
Meta-grade primary,3,2,R146-E15,ABCD,0.0779265404379476,-0.08958989695411378,Gradient boosting
Meta-grade primary,3,2,R151-E01,All Our Families,-0.0805913395179724,-0.02040707572541036,Gradient boosting
Meta-grade primary,3,2,R151-E02,All Our Families,-0.1187477867055022,-0.049100685987648045,Gradient boosting
Meta-grade primary,3,2,R151-E03,All Our Families,-0.1441492679971068,-0.049100685987648045,Gradient boosting
Meta-grade primary,3,2,R151-E04,All Our Families,-0.0361119842872121,-0.049100685987648045,Gradient boosting
Meta-grade primary,3,2,R151-E05,All Our Families,-0.0886707286544282,-0.049100685987648045,Gradient boosting
Meta-grade primary,3,3,R040-E01,Report-040,-0.3205454093019461,-0.21501795947573246,Null (training mean)
Meta-grade primary,3,3,R040-E02,Report-040,-0.2985662636601783,-0.21501795947573246,Null (training mean)
Meta-grade primary,3,3,R047-E01,Report-047,-0.1793019968128792,-0.21501795947573246,Null (training mean)
Meta-grade primary,3,3,R072-E01,Report-072,-0.0801713250375896,-0.21501795947573246,Null (training mean)
Meta-grade primary,3,3,R072-E02,Report-072,-0.0400213538367682,-0.21501795947573246,Null (training mean)
Meta-grade primary,3,3,R072-E03,Report-072,-0.0701146706543252,-0.21501795947573246,Null (training mean)
Meta-grade primary,3,3,R072-E04,Report-072,-0.0701146706543252,-0.21501795947573246,Null (training mean)
Meta-grade primary,3,3,R072-E05,Report-072,-0.0902441878561468,-0.21501795947573246,Null (training mean)
Meta-grade primary,3,3,R072-E06,Report-072,-0.0902441878561468,-0.21501795947573246,Null (training mean)
Meta-grade primary,3,3,R072-E07,Report-072,-0.1104469157900972,-0.21501795947573246,Null (training mean)
Meta-grade primary,3,3,R072-E08,Report-072,-0.0600721559210316,-0.21501795947573246,Null (training mean)
Meta-grade primary,3,3,R072-E09,Report-072,0.0200026673068496,-0.21501795947573246,Null (training mean)
Meta-grade primary,3,3,R072-E10,Report-072,-0.0400213538367682,-0.21501795947573246,Null (training mean)
Meta-grade primary,3,3,R072-E11,Report-072,-0.0400213538367682,-0.21501795947573246,Null (training mean)
Meta-grade primary,3,3,R072-E12,Report-072,0.0300090048631264,-0.21501795947573246,Null (training mean)
Meta-grade primary,3,3,R072-E13,Report-072,0.0,-0.21501795947573246,Null (training mean)
Meta-grade primary,3,3,R072-E14,Report-072,-0.0200026673068496,-0.21501795947573246,Null (training mean)
Meta-grade primary,3,3,R072-E15,Report-072,-0.1307398500288783,-0.21501795947573246,Null (training mean)
Meta-grade primary,3,3,R072-E16,Report-072,-0.1003353477310756,-0.21501795947573246,Null (training mean)
Meta-grade primary,3,3,R072-E17,Report-072,-0.1409255760704939,-0.21501795947573246,Null (training mean)
Meta-grade primary,3,3,R072-E18,Report-072,-0.1307398500288783,-0.21501795947573246,Null (training mean)
Meta-grade primary,3,3,R072-E19,Report-072,-0.1104469157900972,-0.21501795947573246,Null (training mean)
Meta-grade primary,3,3,R072-E20,Report-072,-0.1307398500288783,-0.21501795947573246,Null (training mean)
Meta-grade primary,3,3,R072-E21,Report-072,-0.171666663500579,-0.21501795947573246,Null (training mean)
Meta-grade primary,3,3,R072-E22,Report-072,-0.0801713250375896,-0.21501795947573246,Null (training mean)
Meta-grade primary,3,3,R072-E23,Report-072,0.0,-0.21501795947573246,Null (training mean)
Meta-grade primary,3,3,R072-E24,Report-072,-0.0500417292784913,-0.21501795947573246,Null (training mean)
Meta-grade primary,3,3,R072-E25,Report-072,-0.0600721559210316,-0.21501795947573246,Null (training mean)
Meta-grade primary,3,3,R072-E26,Report-072,-0.0300090048631265,-0.21501795947573246,Null (training mean)
Meta-grade primary,3,3,R072-E27,Report-072,-0.0400213538367682,-0.21501795947573246,Null (training mean)
Meta-grade primary,3,3,R072-E28,Report-072,-0.0600721559210316,-0.21501795947573246,Null (training mean)
Meta-grade primary,3,3,R079-E01,Report-079,-0.7752987062055835,-0.21501795947573246,Null (training mean)
Meta-grade primary,3,3,R150-E01,Report-150,-0.2768638226551,-0.21501795947573246,Null (training mean)
Meta-grade primary,3,3,R040-E01,Report-040,-0.3205454093019461,-0.24556881664712182,Ridge
Meta-grade primary,3,3,R040-E02,Report-040,-0.2985662636601783,-0.24556881664712182,Ridge
Meta-grade primary,3,3,R047-E01,Report-047,-0.1793019968128792,-0.19515934643951857,Ridge
Meta-grade primary,3,3,R072-E01,Report-072,-0.0801713250375896,-0.22808487968488048,Ridge
Meta-grade primary,3,3,R072-E02,Report-072,-0.0400213538367682,-0.22808487968488048,Ridge
Meta-grade primary,3,3,R072-E03,Report-072,-0.0701146706543252,-0.22808487968488048,Ridge
Meta-grade primary,3,3,R072-E04,Report-072,-0.0701146706543252,-0.2145464602505156,Ridge
Meta-grade primary,3,3,R072-E05,Report-072,-0.0902441878561468,-0.2145464602505156,Ridge
Meta-grade primary,3,3,R072-E06,Report-072,-0.0902441878561468,-0.2145464602505156,Ridge
Meta-grade primary,3,3,R072-E07,Report-072,-0.1104469157900972,-0.24271179272315432,Ridge
Meta-grade primary,3,3,R072-E08,Report-072,-0.0600721559210316,-0.22696970436155287,Ridge
Meta-grade primary,3,3,R072-E09,Report-072,0.0200026673068496,-0.22696970436155287,Ridge
Meta-grade primary,3,3,R072-E10,Report-072,-0.0400213538367682,-0.22696970436155287,Ridge
Meta-grade primary,3,3,R072-E11,Report-072,-0.0400213538367682,-0.213431284927188,Ridge
Meta-grade primary,3,3,R072-E12,Report-072,0.0300090048631264,-0.213431284927188,Ridge
Meta-grade primary,3,3,R072-E13,Report-072,0.0,-0.213431284927188,Ridge
Meta-grade primary,3,3,R072-E14,Report-072,-0.0200026673068496,-0.24159661739982669,Ridge
Meta-grade primary,3,3,R072-E15,Report-072,-0.1307398500288783,-0.22696970436155287,Ridge
Meta-grade primary,3,3,R072-E16,Report-072,-0.1003353477310756,-0.22696970436155287,Ridge
Meta-grade primary,3,3,R072-E17,Report-072,-0.1409255760704939,-0.22696970436155287,Ridge
Meta-grade primary,3,3,R072-E18,Report-072,-0.1307398500288783,-0.213431284927188,Ridge
Meta-grade primary,3,3,R072-E19,Report-072,-0.1104469157900972,-0.213431284927188,Ridge
Meta-grade primary,3,3,R072-E20,Report-072,-0.1307398500288783,-0.213431284927188,Ridge
Meta-grade primary,3,3,R072-E21,Report-072,-0.171666663500579,-0.24159661739982669,Ridge
Meta-grade primary,3,3,R072-E22,Report-072,-0.0801713250375896,-0.2195457891639108,Ridge
Meta-grade primary,3,3,R072-E23,Report-072,0.0,-0.2195457891639108,Ridge
Meta-grade primary,3,3,R072-E24,Report-072,-0.0500417292784913,-0.2195457891639108,Ridge
Meta-grade primary,3,3,R072-E25,Report-072,-0.0600721559210316,-0.20600736972954592,Ridge
Meta-grade primary,3,3,R072-E26,Report-072,-0.0300090048631265,-0.20600736972954592,Ridge
Meta-grade primary,3,3,R072-E27,Report-072,-0.0400213538367682,-0.20600736972954592,Ridge
Meta-grade primary,3,3,R072-E28,Report-072,-0.0600721559210316,-0.2341727022021846,Ridge
Meta-grade primary,3,3,R079-E01,Report-079,-0.7752987062055835,-0.2087613553903388,Ridge
Meta-grade primary,3,3,R150-E01,Report-150,-0.2768638226551,-0.23448239137508922,Ridge
Meta-grade primary,3,3,R040-E01,Report-040,-0.3205454093019461,-0.24631541379947564,Elastic net
Meta-grade primary,3,3,R040-E02,Report-040,-0.2985662636601783,-0.24631541379947564,Elastic net
Meta-grade primary,3,3,R047-E01,Report-047,-0.1793019968128792,-0.1467209644511259,Elastic net
Meta-grade primary,3,3,R072-E01,Report-072,-0.0801713250375896,-0.22675199325529935,Elastic net
Meta-grade primary,3,3,R072-E02,Report-072,-0.0400213538367682,-0.22675199325529935,Elastic net
Meta-grade primary,3,3,R072-E03,Report-072,-0.0701146706543252,-0.22675199325529935,Elastic net
Meta-grade primary,3,3,R072-E04,Report-072,-0.0701146706543252,-0.22675199325529935,Elastic net
Meta-grade primary,3,3,R072-E05,Report-072,-0.0902441878561468,-0.22675199325529935,Elastic net
Meta-grade primary,3,3,R072-E06,Report-072,-0.0902441878561468,-0.22675199325529935,Elastic net
Meta-grade primary,3,3,R072-E07,Report-072,-0.1104469157900972,-0.23851878077281186,Elastic net
Meta-grade primary,3,3,R072-E08,Report-072,-0.0600721559210316,-0.22675199325529935,Elastic net
Meta-grade primary,3,3,R072-E09,Report-072,0.0200026673068496,-0.22675199325529935,Elastic net
Meta-grade primary,3,3,R072-E10,Report-072,-0.0400213538367682,-0.22675199325529935,Elastic net
Meta-grade primary,3,3,R072-E11,Report-072,-0.0400213538367682,-0.22675199325529935,Elastic net
Meta-grade primary,3,3,R072-E12,Report-072,0.0300090048631264,-0.22675199325529935,Elastic net
Meta-grade primary,3,3,R072-E13,Report-072,0.0,-0.22675199325529935,Elastic net
Meta-grade primary,3,3,R072-E14,Report-072,-0.0200026673068496,-0.23851878077281186,Elastic net
Meta-grade primary,3,3,R072-E15,Report-072,-0.1307398500288783,-0.22675199325529935,Elastic net
Meta-grade primary,3,3,R072-E16,Report-072,-0.1003353477310756,-0.22675199325529935,Elastic net
Meta-grade primary,3,3,R072-E17,Report-072,-0.1409255760704939,-0.22675199325529935,Elastic net
Meta-grade primary,3,3,R072-E18,Report-072,-0.1307398500288783,-0.22675199325529935,Elastic net
Meta-grade primary,3,3,R072-E19,Report-072,-0.1104469157900972,-0.22675199325529935,Elastic net
Meta-grade primary,3,3,R072-E20,Report-072,-0.1307398500288783,-0.22675199325529935,Elastic net
Meta-grade primary,3,3,R072-E21,Report-072,-0.171666663500579,-0.23851878077281186,Elastic net
Meta-grade primary,3,3,R072-E22,Report-072,-0.0801713250375896,-0.22675199325529935,Elastic net
Meta-grade primary,3,3,R072-E23,Report-072,0.0,-0.22675199325529935,Elastic net
Meta-grade primary,3,3,R072-E24,Report-072,-0.0500417292784913,-0.22675199325529935,Elastic net
Meta-grade primary,3,3,R072-E25,Report-072,-0.0600721559210316,-0.22675199325529935,Elastic net
Meta-grade primary,3,3,R072-E26,Report-072,-0.0300090048631265,-0.22675199325529935,Elastic net
Meta-grade primary,3,3,R072-E27,Report-072,-0.0400213538367682,-0.22675199325529935,Elastic net
Meta-grade primary,3,3,R072-E28,Report-072,-0.0600721559210316,-0.23851878077281186,Elastic net
Meta-grade primary,3,3,R079-E01,Report-079,-0.7752987062055835,-0.2113828996409175,Elastic net
Meta-grade primary,3,3,R150-E01,Report-150,-0.2768638226551,-0.2149064643117701,Elastic net
Meta-grade primary,3,3,R040-E01,Report-040,-0.3205454093019461,-0.2194761738416681,Random forest
Meta-grade primary,3,3,R040-E02,Report-040,-0.2985662636601783,-0.2194761738416681,Random forest
Meta-grade primary,3,3,R047-E01,Report-047,-0.1793019968128792,-0.09963131856393566,Random forest
Meta-grade primary,3,3,R072-E01,Report-072,-0.0801713250375896,-0.19934383489353133,Random forest
Meta-grade primary,3,3,R072-E02,Report-072,-0.0400213538367682,-0.19934383489353133,Random forest
Meta-grade primary,3,3,R072-E03,Report-072,-0.0701146706543252,-0.19934383489353133,Random forest
Meta-grade primary,3,3,R072-E04,Report-072,-0.0701146706543252,-0.17013850254484778,Random forest
Meta-grade primary,3,3,R072-E05,Report-072,-0.0902441878561468,-0.17013850254484778,Random forest
Meta-grade primary,3,3,R072-E06,Report-072,-0.0902441878561468,-0.17013850254484778,Random forest
Meta-grade primary,3,3,R072-E07,Report-072,-0.1104469157900972,-0.22578101221104527,Random forest
Meta-grade primary,3,3,R072-E08,Report-072,-0.0600721559210316,-0.196774811112254,Random forest
Meta-grade primary,3,3,R072-E09,Report-072,0.0200026673068496,-0.196774811112254,Random forest
Meta-grade primary,3,3,R072-E10,Report-072,-0.0400213538367682,-0.196774811112254,Random forest
Meta-grade primary,3,3,R072-E11,Report-072,-0.0400213538367682,-0.16756947876357045,Random forest
Meta-grade primary,3,3,R072-E12,Report-072,0.0300090048631264,-0.16756947876357045,Random forest
Meta-grade primary,3,3,R072-E13,Report-072,0.0,-0.16756947876357045,Random forest
Meta-grade primary,3,3,R072-E14,Report-072,-0.0200026673068496,-0.22321198842976794,Random forest
Meta-grade primary,3,3,R072-E15,Report-072,-0.1307398500288783,-0.196774811112254,Random forest
Meta-grade primary,3,3,R072-E16,Report-072,-0.1003353477310756,-0.196774811112254,Random forest
Meta-grade primary,3,3,R072-E17,Report-072,-0.1409255760704939,-0.196774811112254,Random forest
Meta-grade primary,3,3,R072-E18,Report-072,-0.1307398500288783,-0.16756947876357045,Random forest
Meta-grade primary,3,3,R072-E19,Report-072,-0.1104469157900972,-0.16756947876357045,Random forest
Meta-grade primary,3,3,R072-E20,Report-072,-0.1307398500288783,-0.16756947876357045,Random forest
Meta-grade primary,3,3,R072-E21,Report-072,-0.171666663500579,-0.22321198842976794,Random forest
Meta-grade primary,3,3,R072-E22,Report-072,-0.0801713250375896,-0.19881298016691648,Random forest
Meta-grade primary,3,3,R072-E23,Report-072,0.0,-0.19881298016691648,Random forest
Meta-grade primary,3,3,R072-E24,Report-072,-0.0500417292784913,-0.19881298016691648,Random forest
Meta-grade primary,3,3,R072-E25,Report-072,-0.0600721559210316,-0.1693139815713601,Random forest
Meta-grade primary,3,3,R072-E26,Report-072,-0.0300090048631265,-0.1693139815713601,Random forest
Meta-grade primary,3,3,R072-E27,Report-072,-0.0400213538367682,-0.1693139815713601,Random forest
Meta-grade primary,3,3,R072-E28,Report-072,-0.0600721559210316,-0.22525015748443042,Random forest
Meta-grade primary,3,3,R079-E01,Report-079,-0.7752987062055835,-0.16922454149121813,Random forest
Meta-grade primary,3,3,R150-E01,Report-150,-0.2768638226551,-0.22849377275202745,Random forest
Meta-grade primary,3,3,R040-E01,Report-040,-0.3205454093019461,-0.15836543031870046,Gradient boosting
Meta-grade primary,3,3,R040-E02,Report-040,-0.2985662636601783,-0.15836543031870046,Gradient boosting
Meta-grade primary,3,3,R047-E01,Report-047,-0.1793019968128792,-0.10363033765578326,Gradient boosting
Meta-grade primary,3,3,R072-E01,Report-072,-0.0801713250375896,-0.21254628793939304,Gradient boosting
Meta-grade primary,3,3,R072-E02,Report-072,-0.0400213538367682,-0.21254628793939304,Gradient boosting
Meta-grade primary,3,3,R072-E03,Report-072,-0.0701146706543252,-0.21254628793939304,Gradient boosting
Meta-grade primary,3,3,R072-E04,Report-072,-0.0701146706543252,-0.13148964286675785,Gradient boosting
Meta-grade primary,3,3,R072-E05,Report-072,-0.0902441878561468,-0.13148964286675785,Gradient boosting
Meta-grade primary,3,3,R072-E06,Report-072,-0.0902441878561468,-0.13148964286675785,Gradient boosting
Meta-grade primary,3,3,R072-E07,Report-072,-0.1104469157900972,-0.23569707705701531,Gradient boosting
Meta-grade primary,3,3,R072-E08,Report-072,-0.0600721559210316,-0.18211148980448352,Gradient boosting
Meta-grade primary,3,3,R072-E09,Report-072,0.0200026673068496,-0.18211148980448352,Gradient boosting
Meta-grade primary,3,3,R072-E10,Report-072,-0.0400213538367682,-0.18211148980448352,Gradient boosting
Meta-grade primary,3,3,R072-E11,Report-072,-0.0400213538367682,-0.09441595391079663,Gradient boosting
Meta-grade primary,3,3,R072-E12,Report-072,0.0300090048631264,-0.09441595391079663,Gradient boosting
Meta-grade primary,3,3,R072-E13,Report-072,0.0,-0.09441595391079663,Gradient boosting
Meta-grade primary,3,3,R072-E14,Report-072,-0.0200026673068496,-0.2052622789221058,Gradient boosting
Meta-grade primary,3,3,R072-E15,Report-072,-0.1307398500288783,-0.18211148980448352,Gradient boosting
Meta-grade primary,3,3,R072-E16,Report-072,-0.1003353477310756,-0.18211148980448352,Gradient boosting
Meta-grade primary,3,3,R072-E17,Report-072,-0.1409255760704939,-0.18211148980448352,Gradient boosting
Meta-grade primary,3,3,R072-E18,Report-072,-0.1307398500288783,-0.09441595391079663,Gradient boosting
Meta-grade primary,3,3,R072-E19,Report-072,-0.1104469157900972,-0.09441595391079663,Gradient boosting
Meta-grade primary,3,3,R072-E20,Report-072,-0.1307398500288783,-0.09441595391079663,Gradient boosting
Meta-grade primary,3,3,R072-E21,Report-072,-0.171666663500579,-0.2052622789221058,Gradient boosting
Meta-grade primary,3,3,R072-E22,Report-072,-0.0801713250375896,-0.20710034283678594,Gradient boosting
Meta-grade primary,3,3,R072-E23,Report-072,0.0,-0.20710034283678594,Gradient boosting
Meta-grade primary,3,3,R072-E24,Report-072,-0.0500417292784913,-0.20710034283678594,Gradient boosting
Meta-grade primary,3,3,R072-E25,Report-072,-0.0600721559210316,-0.08557439840428363,Gradient boosting
Meta-grade primary,3,3,R072-E26,Report-072,-0.0300090048631265,-0.08557439840428363,Gradient boosting
Meta-grade primary,3,3,R072-E27,Report-072,-0.0400213538367682,-0.08557439840428363,Gradient boosting
Meta-grade primary,3,3,R072-E28,Report-072,-0.0600721559210316,-0.2293820731736859,Gradient boosting
Meta-grade primary,3,3,R079-E01,Report-079,-0.7752987062055835,-0.18574327980852562,Gradient boosting
Meta-grade primary,3,3,R150-E01,Report-150,-0.2768638226551,-0.23944406890279585,Gradient boosting
Meta-grade primary,3,4,R017-E01,Report-017,-0.2554128118829953,-0.22368342081900716,Null (training mean)
Meta-grade primary,3,4,R017-E02,Report-017,-0.2876820724517809,-0.22368342081900716,Null (training mean)
Meta-grade primary,3,4,R077-E01,Report-077,-0.4000596500560565,-0.22368342081900716,Null (training mean)
Meta-grade primary,3,4,R087-E01,Report-087,-0.3654437542713961,-0.22368342081900716,Null (training mean)
Meta-grade primary,3,4,R087-E02,Report-087,-0.7250050877529992,-0.22368342081900716,Null (training mean)
Meta-grade primary,3,4,R087-E03,Report-087,-0.3654437542713961,-0.22368342081900716,Null (training mean)
Meta-grade primary,3,4,R087-E04,Report-087,-0.7752987062055836,-0.22368342081900716,Null (training mean)
Meta-grade primary,3,4,R087-E05,Report-087,-0.2447741126593529,-0.22368342081900716,Null (training mean)
Meta-grade primary,3,4,R087-E06,Report-087,-0.0400213538367682,-0.22368342081900716,Null (training mean)
Meta-grade primary,3,4,R087-E07,Report-087,-0.4598966812126785,-0.22368342081900716,Null (training mean)
Meta-grade primary,3,4,R087-E08,Report-087,0.5229842775913438,-0.22368342081900716,Null (training mean)
Meta-grade primary,3,4,R087-E09,Report-087,0.0400213538367682,-0.22368342081900716,Null (training mean)
Meta-grade primary,3,4,R087-E10,Report-087,0.0400213538367682,-0.22368342081900716,Null (training mean)
Meta-grade primary,3,4,R087-E11,Report-087,-0.1307398500288784,-0.22368342081900716,Null (training mean)
Meta-grade primary,3,4,R087-E12,Report-087,0.1307398500288784,-0.22368342081900716,Null (training mean)
Meta-grade primary,3,4,R087-E13,Report-087,-0.1003353477310756,-0.22368342081900716,Null (training mean)
Meta-grade primary,3,4,R087-E14,Report-087,0.6183813135744636,-0.22368342081900716,Null (training mean)
Meta-grade primary,3,4,R087-E15,Report-087,0.0902441878561468,-0.22368342081900716,Null (training mean)
Meta-grade primary,3,4,R087-E16,Report-087,-0.3884230997182961,-0.22368342081900716,Null (training mean)
Meta-grade primary,3,4,R087-E17,Report-087,-0.0902441878561468,-0.22368342081900716,Null (training mean)
Meta-grade primary,3,4,R087-E18,Report-087,0.2554128118829953,-0.22368342081900716,Null (training mean)
Meta-grade primary,3,4,R087-E19,Report-087,-0.6324131492978439,-0.22368342081900716,Null (training mean)
Meta-grade primary,3,4,R087-E20,Report-087,-0.6677819260385488,-0.22368342081900716,Null (training mean)
Meta-grade primary,3,4,R087-E21,Report-087,-0.3474427905134932,-0.22368342081900716,Null (training mean)
Meta-grade primary,3,4,R087-E22,Report-087,-0.5093955920515006,-0.22368342081900716,Null (training mean)
Meta-grade primary,3,4,R087-E23,Report-087,0.2881966620000231,-0.22368342081900716,Null (training mean)
Meta-grade primary,3,4,R087-E24,Report-087,0.071791446935783,-0.22368342081900716,Null (training mean)
Meta-grade primary,3,4,R087-E25,Report-087,0.0,-0.22368342081900716,Null (training mean)
Meta-grade primary,3,4,R087-E26,Report-087,0.0287372972020485,-0.22368342081900716,Null (training mean)
Meta-grade primary,3,4,R087-E27,Report-087,-0.0526679439176218,-0.22368342081900716,Null (training mean)
Meta-grade primary,3,4,R125-E01,Report-125,-0.2768638226551,-0.22368342081900716,Null (training mean)
Meta-grade primary,3,4,R125-E02,Report-125,-0.4000596500560566,-0.22368342081900716,Null (training mean)
Meta-grade primary,3,4,R017-E01,Report-017,-0.2554128118829953,-0.20899761131542172,Ridge
Meta-grade primary,3,4,R017-E02,Report-017,-0.2876820724517809,-0.2040601659451286,Ridge
Meta-grade primary,3,4,R077-E01,Report-077,-0.4000596500560565,-0.2614730562387477,Ridge
Meta-grade primary,3,4,R087-E01,Report-087,-0.3654437542713961,-0.28691068545112874,Ridge
Meta-grade primary,3,4,R087-E02,Report-087,-0.7250050877529992,-0.2819732400808356,Ridge
Meta-grade primary,3,4,R087-E03,Report-087,-0.3654437542713961,-0.28867095433258555,Ridge
Meta-grade primary,3,4,R087-E04,Report-087,-0.7752987062055836,-0.2515610418607968,Ridge
Meta-grade primary,3,4,R087-E05,Report-087,-0.2447741126593529,-0.24313595694626505,Ridge
Meta-grade primary,3,4,R087-E06,Report-087,-0.0400213538367682,-0.24313595694626505,Ridge
Meta-grade primary,3,4,R087-E07,Report-087,-0.4598966812126785,-0.23819851157597197,Ridge
Meta-grade primary,3,4,R087-E08,Report-087,0.5229842775913438,-0.23819851157597197,Ridge
Meta-grade primary,3,4,R087-E09,Report-087,0.0400213538367682,-0.24489622582772191,Ridge
Meta-grade primary,3,4,R087-E10,Report-087,0.0400213538367682,-0.28272247077522517,Ridge
Meta-grade primary,3,4,R087-E11,Report-087,-0.1307398500288784,-0.277785025404932,Ridge
Meta-grade primary,3,4,R087-E12,Report-087,0.1307398500288784,-0.28448273965668197,Ridge
Meta-grade primary,3,4,R087-E13,Report-087,-0.1003353477310756,-0.24737282718489323,Ridge
Meta-grade primary,3,4,R087-E14,Report-087,0.6183813135744636,-0.23894774227036147,Ridge
Meta-grade primary,3,4,R087-E15,Report-087,0.0902441878561468,-0.23894774227036147,Ridge
Meta-grade primary,3,4,R087-E16,Report-087,-0.3884230997182961,-0.2340102969000684,Ridge
Meta-grade primary,3,4,R087-E17,Report-087,-0.0902441878561468,-0.2340102969000684,Ridge
Meta-grade primary,3,4,R087-E18,Report-087,0.2554128118829953,-0.24070801115181834,Ridge
Meta-grade primary,3,4,R087-E19,Report-087,-0.6324131492978439,-0.26879857218229697,Ridge
Meta-grade primary,3,4,R087-E20,Report-087,-0.6677819260385488,-0.2638611268120039,Ridge
Meta-grade primary,3,4,R087-E21,Report-087,-0.3474427905134932,-0.27055884106375383,Ridge
Meta-grade primary,3,4,R087-E22,Report-087,-0.5093955920515006,-0.23344892859196512,Ridge
Meta-grade primary,3,4,R087-E23,Report-087,0.2881966620000231,-0.22502384367743333,Ridge
Meta-grade primary,3,4,R087-E24,Report-087,0.071791446935783,-0.22502384367743333,Ridge
Meta-grade primary,3,4,R087-E25,Report-087,0.0,-0.22008639830714025,Ridge
Meta-grade primary,3,4,R087-E26,Report-087,0.0287372972020485,-0.22008639830714025,Ridge
Meta-grade primary,3,4,R087-E27,Report-087,-0.0526679439176218,-0.2267841125588902,Ridge
Meta-grade primary,3,4,R125-E01,Report-125,-0.2768638226551,-0.18618590135273483,Ridge
Meta-grade primary,3,4,R125-E02,Report-125,-0.4000596500560566,-0.19017522662640177,Ridge
Meta-grade primary,3,4,R017-E01,Report-017,-0.2554128118829953,-0.23076700875650716,Elastic net
Meta-grade primary,3,4,R017-E02,Report-017,-0.2876820724517809,-0.23076700875650716,Elastic net
Meta-grade primary,3,4,R077-E01,Report-077,-0.4000596500560565,-0.2545006772479365,Elastic net
Meta-grade primary,3,4,R087-E01,Report-087,-0.3654437542713961,-0.31619789992299846,Elastic net
Meta-grade primary,3,4,R087-E02,Report-087,-0.7250050877529992,-0.31619789992299846,Elastic net
Meta-grade primary,3,4,R087-E03,Report-087,-0.3654437542713961,-0.31619789992299846,Elastic net
Meta-grade primary,3,4,R087-E04,Report-087,-0.7752987062055836,-0.2522016096191439,Elastic net
Meta-grade primary,3,4,R087-E05,Report-087,-0.2447741126593529,-0.2522016096191439,Elastic net
Meta-grade primary,3,4,R087-E06,Report-087,-0.0400213538367682,-0.2522016096191439,Elastic net
Meta-grade primary,3,4,R087-E07,Report-087,-0.4598966812126785,-0.2522016096191439,Elastic net
Meta-grade primary,3,4,R087-E08,Report-087,0.5229842775913438,-0.2522016096191439,Elastic net
Meta-grade primary,3,4,R087-E09,Report-087,0.0400213538367682,-0.2522016096191439,Elastic net
Meta-grade primary,3,4,R087-E10,Report-087,0.0400213538367682,-0.3107233273202913,Elastic net
Meta-grade primary,3,4,R087-E11,Report-087,-0.1307398500288784,-0.3107233273202913,Elastic net
Meta-grade primary,3,4,R087-E12,Report-087,0.1307398500288784,-0.3107233273202913,Elastic net
Meta-grade primary,3,4,R087-E13,Report-087,-0.1003353477310756,-0.24672703701643675,Elastic net
Meta-grade primary,3,4,R087-E14,Report-087,0.6183813135744636,-0.24672703701643675,Elastic net
Meta-grade primary,3,4,R087-E15,Report-087,0.0902441878561468,-0.24672703701643675,Elastic net
Meta-grade primary,3,4,R087-E16,Report-087,-0.3884230997182961,-0.24672703701643675,Elastic net
Meta-grade primary,3,4,R087-E17,Report-087,-0.0902441878561468,-0.24672703701643675,Elastic net
Meta-grade primary,3,4,R087-E18,Report-087,0.2554128118829953,-0.24672703701643675,Elastic net
Meta-grade primary,3,4,R087-E19,Report-087,-0.6324131492978439,-0.2925228768519133,Elastic net
Meta-grade primary,3,4,R087-E20,Report-087,-0.6677819260385488,-0.2925228768519133,Elastic net
Meta-grade primary,3,4,R087-E21,Report-087,-0.3474427905134932,-0.2925228768519133,Elastic net
Meta-grade primary,3,4,R087-E22,Report-087,-0.5093955920515006,-0.22852658654805874,Elastic net
Meta-grade primary,3,4,R087-E23,Report-087,0.2881966620000231,-0.22852658654805874,Elastic net
Meta-grade primary,3,4,R087-E24,Report-087,0.071791446935783,-0.22852658654805874,Elastic net
Meta-grade primary,3,4,R087-E25,Report-087,0.0,-0.22852658654805874,Elastic net
Meta-grade primary,3,4,R087-E26,Report-087,0.0287372972020485,-0.22852658654805874,Elastic net
Meta-grade primary,3,4,R087-E27,Report-087,-0.0526679439176218,-0.22852658654805874,Elastic net
Meta-grade primary,3,4,R125-E01,Report-125,-0.2768638226551,-0.19934307668705573,Elastic net
Meta-grade primary,3,4,R125-E02,Report-125,-0.4000596500560566,-0.2045576734870138,Elastic net
Meta-grade primary,3,4,R017-E01,Report-017,-0.2554128118829953,-0.33952572654294105,Random forest
Meta-grade primary,3,4,R017-E02,Report-017,-0.2876820724517809,-0.3375401715634083,Random forest
Meta-grade primary,3,4,R077-E01,Report-077,-0.4000596500560565,-0.22563951915783556,Random forest
Meta-grade primary,3,4,R087-E01,Report-087,-0.3654437542713961,-0.36708568770589645,Random forest
Meta-grade primary,3,4,R087-E02,Report-087,-0.7250050877529992,-0.3619650865241234,Random forest
Meta-grade primary,3,4,R087-E03,Report-087,-0.3654437542713961,-0.3673075567789839,Random forest
Meta-grade primary,3,4,R087-E04,Report-087,-0.7752987062055836,-0.2829801401243785,Random forest
Meta-grade primary,3,4,R087-E05,Report-087,-0.2447741126593529,-0.28519263685470536,Random forest
Meta-grade primary,3,4,R087-E06,Report-087,-0.0400213538367682,-0.28519263685470536,Random forest
Meta-grade primary,3,4,R087-E07,Report-087,-0.4598966812126785,-0.27938988358341615,Random forest
Meta-grade primary,3,4,R087-E08,Report-087,0.5229842775913438,-0.27938988358341615,Random forest
Meta-grade primary,3,4,R087-E09,Report-087,0.0400213538367682,-0.2846404671374993,Random forest
Meta-grade primary,3,4,R087-E10,Report-087,0.0400213538367682,-0.36708568770589645,Random forest
Meta-grade primary,3,4,R087-E11,Report-087,-0.1307398500288784,-0.3619650865241234,Random forest
Meta-grade primary,3,4,R087-E12,Report-087,0.1307398500288784,-0.3673075567789839,Random forest
Meta-grade primary,3,4,R087-E13,Report-087,-0.1003353477310756,-0.2829801401243785,Random forest
Meta-grade primary,3,4,R087-E14,Report-087,0.6183813135744636,-0.28519263685470536,Random forest
Meta-grade primary,3,4,R087-E15,Report-087,0.0902441878561468,-0.28519263685470536,Random forest
Meta-grade primary,3,4,R087-E16,Report-087,-0.3884230997182961,-0.27938988358341615,Random forest
Meta-grade primary,3,4,R087-E17,Report-087,-0.0902441878561468,-0.27938988358341615,Random forest
Meta-grade primary,3,4,R087-E18,Report-087,0.2554128118829953,-0.2846404671374993,Random forest
Meta-grade primary,3,4,R087-E19,Report-087,-0.6324131492978439,-0.36708568770589645,Random forest
Meta-grade primary,3,4,R087-E20,Report-087,-0.6677819260385488,-0.3619650865241234,Random forest
Meta-grade primary,3,4,R087-E21,Report-087,-0.3474427905134932,-0.3673075567789839,Random forest
Meta-grade primary,3,4,R087-E22,Report-087,-0.5093955920515006,-0.2829801401243785,Random forest
Meta-grade primary,3,4,R087-E23,Report-087,0.2881966620000231,-0.28519263685470536,Random forest
Meta-grade primary,3,4,R087-E24,Report-087,0.071791446935783,-0.28519263685470536,Random forest
Meta-grade primary,3,4,R087-E25,Report-087,0.0,-0.27938988358341615,Random forest
Meta-grade primary,3,4,R087-E26,Report-087,0.0287372972020485,-0.27938988358341615,Random forest
Meta-grade primary,3,4,R087-E27,Report-087,-0.0526679439176218,-0.2846404671374993,Random forest
Meta-grade primary,3,4,R125-E01,Report-125,-0.2768638226551,-0.24804148885207966,Random forest
Meta-grade primary,3,4,R125-E02,Report-125,-0.4000596500560566,-0.26496457649225436,Random forest
Meta-grade primary,3,4,R017-E01,Report-017,-0.2554128118829953,-0.4098871991124018,Gradient boosting
Meta-grade primary,3,4,R017-E02,Report-017,-0.2876820724517809,-0.3678784380359725,Gradient boosting
Meta-grade primary,3,4,R077-E01,Report-077,-0.4000596500560565,-0.26976550538922067,Gradient boosting
Meta-grade primary,3,4,R087-E01,Report-087,-0.3654437542713961,-0.4472124547183478,Gradient boosting
Meta-grade primary,3,4,R087-E02,Report-087,-0.7250050877529992,-0.38831382016955396,Gradient boosting
Meta-grade primary,3,4,R087-E03,Report-087,-0.3654437542713961,-0.4472124547183478,Gradient boosting
Meta-grade primary,3,4,R087-E04,Report-087,-0.7752987062055836,-0.3619571540207659,Gradient boosting
Meta-grade primary,3,4,R087-E05,Report-087,-0.2447741126593529,-0.36466132665293294,Gradient boosting
Meta-grade primary,3,4,R087-E06,Report-087,-0.0400213538367682,-0.36466132665293294,Gradient boosting
Meta-grade primary,3,4,R087-E07,Report-087,-0.4598966812126785,-0.27204757251891476,Gradient boosting
Meta-grade primary,3,4,R087-E08,Report-087,0.5229842775913438,-0.27204757251891476,Gradient boosting
Meta-grade primary,3,4,R087-E09,Report-087,0.0400213538367682,-0.36578063409289346,Gradient boosting
Meta-grade primary,3,4,R087-E10,Report-087,0.0400213538367682,-0.4472124547183478,Gradient boosting
Meta-grade primary,3,4,R087-E11,Report-087,-0.1307398500288784,-0.38831382016955396,Gradient boosting
Meta-grade primary,3,4,R087-E12,Report-087,0.1307398500288784,-0.4472124547183478,Gradient boosting
Meta-grade primary,3,4,R087-E13,Report-087,-0.1003353477310756,-0.3619571540207659,Gradient boosting
Meta-grade primary,3,4,R087-E14,Report-087,0.6183813135744636,-0.36466132665293294,Gradient boosting
Meta-grade primary,3,4,R087-E15,Report-087,0.0902441878561468,-0.36466132665293294,Gradient boosting
Meta-grade primary,3,4,R087-E16,Report-087,-0.3884230997182961,-0.27204757251891476,Gradient boosting
Meta-grade primary,3,4,R087-E17,Report-087,-0.0902441878561468,-0.27204757251891476,Gradient boosting
Meta-grade primary,3,4,R087-E18,Report-087,0.2554128118829953,-0.36578063409289346,Gradient boosting
Meta-grade primary,3,4,R087-E19,Report-087,-0.6324131492978439,-0.4472124547183478,Gradient boosting
Meta-grade primary,3,4,R087-E20,Report-087,-0.6677819260385488,-0.38831382016955396,Gradient boosting
Meta-grade primary,3,4,R087-E21,Report-087,-0.3474427905134932,-0.4472124547183478,Gradient boosting
Meta-grade primary,3,4,R087-E22,Report-087,-0.5093955920515006,-0.3619571540207659,Gradient boosting
Meta-grade primary,3,4,R087-E23,Report-087,0.2881966620000231,-0.36466132665293294,Gradient boosting
Meta-grade primary,3,4,R087-E24,Report-087,0.071791446935783,-0.36466132665293294,Gradient boosting
Meta-grade primary,3,4,R087-E25,Report-087,0.0,-0.27204757251891476,Gradient boosting
Meta-grade primary,3,4,R087-E26,Report-087,0.0287372972020485,-0.27204757251891476,Gradient boosting
Meta-grade primary,3,4,R087-E27,Report-087,-0.0526679439176218,-0.36578063409289346,Gradient boosting
Meta-grade primary,3,4,R125-E01,Report-125,-0.2768638226551,-0.17097488801914087,Gradient boosting
Meta-grade primary,3,4,R125-E02,Report-125,-0.4000596500560566,-0.288758080781651,Gradient boosting
Meta-grade primary,3,5,R012-E01,PSKC,-0.0500417292784912,-0.2260495354975958,Null (training mean)
Meta-grade primary,3,5,R012-E02,PSKC,0.1613866961315255,-0.2260495354975958,Null (training mean)
Meta-grade primary,3,5,R012-E03,PSKC,-0.0400213538367682,-0.2260495354975958,Null (training mean)
Meta-grade primary,3,5,R016-E01,Report-016,-0.3540925289622429,-0.2260495354975958,Null (training mean)
Meta-grade primary,3,5,R026-E01,Report-026,-0.2405339244255578,-0.2260495354975958,Null (training mean)
Meta-grade primary,3,5,R026-E02,Report-026,0.0310099360630968,-0.2260495354975958,Null (training mean)
Meta-grade primary,3,5,R033-E01,Report-033,-0.2027325540540822,-0.2260495354975958,Null (training mean)
Meta-grade primary,3,5,R033-E02,Report-033,-0.2447741126593529,-0.2260495354975958,Null (training mean)
Meta-grade primary,3,5,R033-E03,Report-033,-0.120581028408444,-0.2260495354975958,Null (training mean)
Meta-grade primary,3,5,R033-E04,Report-033,-0.0902441878561468,-0.2260495354975958,Null (training mean)
Meta-grade primary,3,5,R033-E05,Report-033,0.120581028408444,-0.2260495354975958,Null (training mean)
Meta-grade primary,3,5,R033-E06,Report-033,0.0100003333533347,-0.2260495354975958,Null (training mean)
Meta-grade primary,3,5,R033-E07,Report-033,-0.2131713465648597,-0.2260495354975958,Null (training mean)
Meta-grade primary,3,5,R033-E08,Report-033,-0.2447741126593529,-0.2260495354975958,Null (training mean)
Meta-grade primary,3,5,R033-E09,Report-033,-0.1511404359364668,-0.2260495354975958,Null (training mean)
Meta-grade primary,3,5,R033-E10,Report-033,-0.0902441878561468,-0.2260495354975958,Null (training mean)
Meta-grade primary,3,5,R033-E11,Report-033,0.0902441878561468,-0.2260495354975958,Null (training mean)
Meta-grade primary,3,5,R033-E12,Report-033,0.0500417292784912,-0.2260495354975958,Null (training mean)
Meta-grade primary,3,5,R033-E25,Report-033,0.144496864125946,-0.2260495354975958,Null (training mean)
Meta-grade primary,3,5,R033-E26,Report-033,0.1749689925367881,-0.2260495354975958,Null (training mean)
Meta-grade primary,3,5,R034-E01,Report-034,-0.1819826886007058,-0.2260495354975958,Null (training mean)
Meta-grade primary,3,5,R034-E02,Report-034,-0.2661084068736541,-0.2260495354975958,Null (training mean)
Meta-grade primary,3,5,R034-E03,Report-034,-0.2661084068736541,-0.2260495354975958,Null (training mean)
Meta-grade primary,3,5,R034-E04,Report-034,-0.2661084068736541,-0.2260495354975958,Null (training mean)
Meta-grade primary,3,5,R034-E05,Report-034,-0.1613866961315255,-0.2260495354975958,Null (training mean)
Meta-grade primary,3,5,R034-E06,Report-034,-0.2554128118829953,-0.2260495354975958,Null (training mean)
Meta-grade primary,3,5,R034-E07,Report-034,-0.2447741126593529,-0.2260495354975958,Null (training mean)
Meta-grade primary,3,5,R044-E01,PSKC,-0.0902441878561468,-0.2260495354975958,Null (training mean)
Meta-grade primary,3,5,R080-E01,Report-080,-0.2528572088918466,-0.2260495354975958,Null (training mean)
Meta-grade primary,3,5,R089-E01,Report-089,-0.3095196042031117,-0.2260495354975958,Null (training mean)
Meta-grade primary,3,5,R139-E01,Report-139,-0.4641361793172199,-0.2260495354975958,Null (training mean)
Meta-grade primary,3,5,R148-E01,Report-148,-0.4236489301936018,-0.2260495354975958,Null (training mean)
Meta-grade primary,3,5,R148-E02,Report-148,-0.4476920235274206,-0.2260495354975958,Null (training mean)
Meta-grade primary,3,5,R012-E01,PSKC,-0.0500417292784912,-0.3261134261295838,Ridge
Meta-grade primary,3,5,R012-E02,PSKC,0.1613866961315255,-0.3242086196736728,Ridge
Meta-grade primary,3,5,R012-E03,PSKC,-0.0400213538367682,-0.3261134261295838,Ridge
Meta-grade primary,3,5,R016-E01,Report-016,-0.3540925289622429,-0.36059396812829014,Ridge
Meta-grade primary,3,5,R026-E01,Report-026,-0.2405339244255578,-0.29429733949457265,Ridge
Meta-grade primary,3,5,R026-E02,Report-026,0.0310099360630968,-0.3232933727030152,Ridge
Meta-grade primary,3,5,R033-E01,Report-033,-0.2027325540540822,-0.28695331900849474,Ridge
Meta-grade primary,3,5,R033-E02,Report-033,-0.2447741126593529,-0.2893192507637294,Ridge
Meta-grade primary,3,5,R033-E03,Report-033,-0.120581028408444,-0.2868827745740904,Ridge
Meta-grade primary,3,5,R033-E04,Report-033,-0.0902441878561468,-0.23375481135744425,Ridge
Meta-grade primary,3,5,R033-E05,Report-033,0.120581028408444,-0.23612074311267886,Ridge
Meta-grade primary,3,5,R033-E06,Report-033,0.0100003333533347,-0.23368426692303987,Ridge
Meta-grade primary,3,5,R033-E07,Report-033,-0.2131713465648597,-0.28695331900849474,Ridge
Meta-grade primary,3,5,R033-E08,Report-033,-0.2447741126593529,-0.2893192507637294,Ridge
Meta-grade primary,3,5,R033-E09,Report-033,-0.1511404359364668,-0.2868827745740904,Ridge
Meta-grade primary,3,5,R033-E10,Report-033,-0.0902441878561468,-0.23375481135744425,Ridge
Meta-grade primary,3,5,R033-E11,Report-033,0.0902441878561468,-0.23612074311267886,Ridge
Meta-grade primary,3,5,R033-E12,Report-033,0.0500417292784912,-0.23368426692303987,Ridge
Meta-grade primary,3,5,R033-E25,Report-033,0.144496864125946,-0.2445608597592243,Ridge
Meta-grade primary,3,5,R033-E26,Report-033,0.1749689925367881,-0.167277597147729,Ridge
Meta-grade primary,3,5,R034-E01,Report-034,-0.1819826886007058,-0.30092696208031644,Ridge
Meta-grade primary,3,5,R034-E02,Report-034,-0.2661084068736541,-0.30092696208031644,Ridge
Meta-grade primary,3,5,R034-E03,Report-034,-0.2661084068736541,-0.30092696208031644,Ridge
Meta-grade primary,3,5,R034-E04,Report-034,-0.2661084068736541,-0.30092696208031644,Ridge
Meta-grade primary,3,5,R034-E05,Report-034,-0.1613866961315255,-0.30092696208031644,Ridge
Meta-grade primary,3,5,R034-E06,Report-034,-0.2554128118829953,-0.30092696208031644,Ridge
Meta-grade primary,3,5,R034-E07,Report-034,-0.2447741126593529,-0.30092696208031644,Ridge
Meta-grade primary,3,5,R044-E01,PSKC,-0.0902441878561468,-0.3682511696578517,Ridge
Meta-grade primary,3,5,R080-E01,Report-080,-0.2528572088918466,-0.21852228502194418,Ridge
Meta-grade primary,3,5,R089-E01,Report-089,-0.3095196042031117,-0.342337716897766,Ridge
Meta-grade primary,3,5,R139-E01,Report-139,-0.4641361793172199,-0.2559495196085648,Ridge
Meta-grade primary,3,5,R148-E01,Report-148,-0.4236489301936018,-0.21778084493010658,Ridge
Meta-grade primary,3,5,R148-E02,Report-148,-0.4476920235274206,-0.19401052496612203,Ridge
Meta-grade primary,3,5,R012-E01,PSKC,-0.0500417292784912,-0.25208099056923816,Elastic net
Meta-grade primary,3,5,R012-E02,PSKC,0.1613866961315255,-0.25208099056923816,Elastic net
Meta-grade primary,3,5,R012-E03,PSKC,-0.0400213538367682,-0.25208099056923816,Elastic net
Meta-grade primary,3,5,R016-E01,Report-016,-0.3540925289622429,-0.25208099056923816,Elastic net
Meta-grade primary,3,5,R026-E01,Report-026,-0.2405339244255578,-0.25208099056923816,Elastic net
Meta-grade primary,3,5,R026-E02,Report-026,0.0310099360630968,-0.25208099056923816,Elastic net
Meta-grade primary,3,5,R033-E01,Report-033,-0.2027325540540822,-0.24386852271303253,Elastic net
Meta-grade primary,3,5,R033-E02,Report-033,-0.2447741126593529,-0.24386852271303253,Elastic net
Meta-grade primary,3,5,R033-E03,Report-033,-0.120581028408444,-0.24386852271303253,Elastic net
Meta-grade primary,3,5,R033-E04,Report-033,-0.0902441878561468,-0.24386852271303253,Elastic net
Meta-grade primary,3,5,R033-E05,Report-033,0.120581028408444,-0.24386852271303253,Elastic net
Meta-grade primary,3,5,R033-E06,Report-033,0.0100003333533347,-0.24386852271303253,Elastic net
Meta-grade primary,3,5,R033-E07,Report-033,-0.2131713465648597,-0.24386852271303253,Elastic net
Meta-grade primary,3,5,R033-E08,Report-033,-0.2447741126593529,-0.24386852271303253,Elastic net
Meta-grade primary,3,5,R033-E09,Report-033,-0.1511404359364668,-0.24386852271303253,Elastic net
Meta-grade primary,3,5,R033-E10,Report-033,-0.0902441878561468,-0.24386852271303253,Elastic net
Meta-grade primary,3,5,R033-E11,Report-033,0.0902441878561468,-0.24386852271303253,Elastic net
Meta-grade primary,3,5,R033-E12,Report-033,0.0500417292784912,-0.24386852271303253,Elastic net
Meta-grade primary,3,5,R033-E25,Report-033,0.144496864125946,-0.24386852271303253,Elastic net
Meta-grade primary,3,5,R033-E26,Report-033,0.1749689925367881,-0.17400061537041484,Elastic net
Meta-grade primary,3,5,R034-E01,Report-034,-0.1819826886007058,-0.25208099056923816,Elastic net
Meta-grade primary,3,5,R034-E02,Report-034,-0.2661084068736541,-0.25208099056923816,Elastic net
Meta-grade primary,3,5,R034-E03,Report-034,-0.2661084068736541,-0.25208099056923816,Elastic net
Meta-grade primary,3,5,R034-E04,Report-034,-0.2661084068736541,-0.25208099056923816,Elastic net
Meta-grade primary,3,5,R034-E05,Report-034,-0.1613866961315255,-0.25208099056923816,Elastic net
Meta-grade primary,3,5,R034-E06,Report-034,-0.2554128118829953,-0.25208099056923816,Elastic net
Meta-grade primary,3,5,R034-E07,Report-034,-0.2447741126593529,-0.25208099056923816,Elastic net
Meta-grade primary,3,5,R044-E01,PSKC,-0.0902441878561468,-0.25208099056923816,Elastic net
Meta-grade primary,3,5,R080-E01,Report-080,-0.2528572088918466,-0.24386852271303253,Elastic net
Meta-grade primary,3,5,R089-E01,Report-089,-0.3095196042031117,-0.25208099056923816,Elastic net
Meta-grade primary,3,5,R139-E01,Report-139,-0.4641361793172199,-0.24386852271303253,Elastic net
Meta-grade primary,3,5,R148-E01,Report-148,-0.4236489301936018,-0.24386852271303253,Elastic net
Meta-grade primary,3,5,R148-E02,Report-148,-0.4476920235274206,-0.24386852271303253,Elastic net
Meta-grade primary,3,5,R012-E01,PSKC,-0.0500417292784912,-0.3300202247633857,Random forest
Meta-grade primary,3,5,R012-E02,PSKC,0.1613866961315255,-0.32938271111683365,Random forest
Meta-grade primary,3,5,R012-E03,PSKC,-0.0400213538367682,-0.3300202247633857,Random forest
Meta-grade primary,3,5,R016-E01,Report-016,-0.3540925289622429,-0.3602000887776752,Random forest
Meta-grade primary,3,5,R026-E01,Report-026,-0.2405339244255578,-0.16997597084517266,Random forest
Meta-grade primary,3,5,R026-E02,Report-026,0.0310099360630968,-0.169995122214965,Random forest
Meta-grade primary,3,5,R033-E01,Report-033,-0.2027325540540822,-0.3382049151067345,Random forest
Meta-grade primary,3,5,R033-E02,Report-033,-0.2447741126593529,-0.34306408242255876,Random forest
Meta-grade primary,3,5,R033-E03,Report-033,-0.120581028408444,-0.3416667958551789,Random forest
Meta-grade primary,3,5,R033-E04,Report-033,-0.0902441878561468,-0.1618448836075601,Random forest
Meta-grade primary,3,5,R033-E05,Report-033,0.120581028408444,-0.16356563090974058,Random forest
Meta-grade primary,3,5,R033-E06,Report-033,0.0100003333533347,-0.16331001651327132,Random forest
Meta-grade primary,3,5,R033-E07,Report-033,-0.2131713465648597,-0.3382049151067345,Random forest
Meta-grade primary,3,5,R033-E08,Report-033,-0.2447741126593529,-0.34306408242255876,Random forest
Meta-grade primary,3,5,R033-E09,Report-033,-0.1511404359364668,-0.3416667958551789,Random forest
Meta-grade primary,3,5,R033-E10,Report-033,-0.0902441878561468,-0.1618448836075601,Random forest
Meta-grade primary,3,5,R033-E11,Report-033,0.0902441878561468,-0.16356563090974058,Random forest
Meta-grade primary,3,5,R033-E12,Report-033,0.0500417292784912,-0.16331001651327132,Random forest
Meta-grade primary,3,5,R033-E25,Report-033,0.144496864125946,-0.21458426035646244,Random forest
Meta-grade primary,3,5,R033-E26,Report-033,0.1749689925367881,-0.1144069269854873,Random forest
Meta-grade primary,3,5,R034-E01,Report-034,-0.1819826886007058,-0.220540325053879,Random forest
Meta-grade primary,3,5,R034-E02,Report-034,-0.2661084068736541,-0.220540325053879,Random forest
Meta-grade primary,3,5,R034-E03,Report-034,-0.2661084068736541,-0.220540325053879,Random forest
Meta-grade primary,3,5,R034-E04,Report-034,-0.2661084068736541,-0.220540325053879,Random forest
Meta-grade primary,3,5,R034-E05,Report-034,-0.1613866961315255,-0.220540325053879,Random forest
Meta-grade primary,3,5,R034-E06,Report-034,-0.2554128118829953,-0.220540325053879,Random forest
Meta-grade primary,3,5,R034-E07,Report-034,-0.2447741126593529,-0.220540325053879,Random forest
Meta-grade primary,3,5,R044-E01,PSKC,-0.0902441878561468,-0.37537797636061576,Random forest
Meta-grade primary,3,5,R080-E01,Report-080,-0.2528572088918466,-0.24596951798454744,Random forest
Meta-grade primary,3,5,R089-E01,Report-089,-0.3095196042031117,-0.32841699513825395,Random forest
Meta-grade primary,3,5,R139-E01,Report-139,-0.4641361793172199,-0.16007320872715072,Random forest
Meta-grade primary,3,5,R148-E01,Report-148,-0.4236489301936018,-0.26135666548618386,Random forest
Meta-grade primary,3,5,R148-E02,Report-148,-0.4476920235274206,-0.2239952748896109,Random forest
Meta-grade primary,3,5,R012-E01,PSKC,-0.0500417292784912,-0.6045634320798688,Gradient boosting
Meta-grade primary,3,5,R012-E02,PSKC,0.1613866961315255,-0.6045634320798688,Gradient boosting
Meta-grade primary,3,5,R012-E03,PSKC,-0.0400213538367682,-0.6045634320798688,Gradient boosting
Meta-grade primary,3,5,R016-E01,Report-016,-0.3540925289622429,-0.4479142867014721,Gradient boosting
Meta-grade primary,3,5,R026-E01,Report-026,-0.2405339244255578,-0.29624384558435524,Gradient boosting
Meta-grade primary,3,5,R026-E02,Report-026,0.0310099360630968,-0.29081233821885505,Gradient boosting
Meta-grade primary,3,5,R033-E01,Report-033,-0.2027325540540822,-0.2688989957206419,Gradient boosting
Meta-grade primary,3,5,R033-E02,Report-033,-0.2447741126593529,-0.2883167796648007,Gradient boosting
Meta-grade primary,3,5,R033-E03,Report-033,-0.120581028408444,-0.28013241509030784,Gradient boosting
Meta-grade primary,3,5,R033-E04,Report-033,-0.0902441878561468,-0.14653252212647455,Gradient boosting
Meta-grade primary,3,5,R033-E05,Report-033,0.120581028408444,-0.14653252212647455,Gradient boosting
Meta-grade primary,3,5,R033-E06,Report-033,0.0100003333533347,-0.14604408632974816,Gradient boosting
Meta-grade primary,3,5,R033-E07,Report-033,-0.2131713465648597,-0.2688989957206419,Gradient boosting
Meta-grade primary,3,5,R033-E08,Report-033,-0.2447741126593529,-0.2883167796648007,Gradient boosting
Meta-grade primary,3,5,R033-E09,Report-033,-0.1511404359364668,-0.28013241509030784,Gradient boosting
Meta-grade primary,3,5,R033-E10,Report-033,-0.0902441878561468,-0.14653252212647455,Gradient boosting
Meta-grade primary,3,5,R033-E11,Report-033,0.0902441878561468,-0.14653252212647455,Gradient boosting
Meta-grade primary,3,5,R033-E12,Report-033,0.0500417292784912,-0.14604408632974816,Gradient boosting
Meta-grade primary,3,5,R033-E25,Report-033,0.144496864125946,-0.2051186916511405,Gradient boosting
Meta-grade primary,3,5,R033-E26,Report-033,0.1749689925367881,-0.12981098175610334,Gradient boosting
Meta-grade primary,3,5,R034-E01,Report-034,-0.1819826886007058,-0.3066808783675832,Gradient boosting
Meta-grade primary,3,5,R034-E02,Report-034,-0.2661084068736541,-0.3066808783675832,Gradient boosting
Meta-grade primary,3,5,R034-E03,Report-034,-0.2661084068736541,-0.3066808783675832,Gradient boosting
Meta-grade primary,3,5,R034-E04,Report-034,-0.2661084068736541,-0.3066808783675832,Gradient boosting
Meta-grade primary,3,5,R034-E05,Report-034,-0.1613866961315255,-0.3066808783675832,Gradient boosting
Meta-grade primary,3,5,R034-E06,Report-034,-0.2554128118829953,-0.3066808783675832,Gradient boosting
Meta-grade primary,3,5,R034-E07,Report-034,-0.2447741126593529,-0.3066808783675832,Gradient boosting
Meta-grade primary,3,5,R044-E01,PSKC,-0.0902441878561468,-0.6869589198519195,Gradient boosting
Meta-grade primary,3,5,R080-E01,Report-080,-0.2528572088918466,-0.2851083464327611,Gradient boosting
Meta-grade primary,3,5,R089-E01,Report-089,-0.3095196042031117,-0.6705590975304911,Gradient boosting
Meta-grade primary,3,5,R139-E01,Report-139,-0.4641361793172199,-0.009000905253047649,Gradient boosting
Meta-grade primary,3,5,R148-E01,Report-148,-0.4236489301936018,-0.3138758543045177,Gradient boosting
Meta-grade primary,3,5,R148-E02,Report-148,-0.4476920235274206,-0.30829458656375563,Gradient boosting
Meta-grade primary,4,1,R072-E01,Report-072,-0.0801713250375896,-0.2203512424702347,Null (training mean)
Meta-grade primary,4,1,R072-E02,Report-072,-0.0400213538367682,-0.2203512424702347,Null (training mean)
Meta-grade primary,4,1,R072-E03,Report-072,-0.0701146706543252,-0.2203512424702347,Null (training mean)
Meta-grade primary,4,1,R072-E04,Report-072,-0.0701146706543252,-0.2203512424702347,Null (training mean)
Meta-grade primary,4,1,R072-E05,Report-072,-0.0902441878561468,-0.2203512424702347,Null (training mean)
Meta-grade primary,4,1,R072-E06,Report-072,-0.0902441878561468,-0.2203512424702347,Null (training mean)
Meta-grade primary,4,1,R072-E07,Report-072,-0.1104469157900972,-0.2203512424702347,Null (training mean)
Meta-grade primary,4,1,R072-E08,Report-072,-0.0600721559210316,-0.2203512424702347,Null (training mean)
Meta-grade primary,4,1,R072-E09,Report-072,0.0200026673068496,-0.2203512424702347,Null (training mean)
Meta-grade primary,4,1,R072-E10,Report-072,-0.0400213538367682,-0.2203512424702347,Null (training mean)
Meta-grade primary,4,1,R072-E11,Report-072,-0.0400213538367682,-0.2203512424702347,Null (training mean)
Meta-grade primary,4,1,R072-E12,Report-072,0.0300090048631264,-0.2203512424702347,Null (training mean)
Meta-grade primary,4,1,R072-E13,Report-072,0.0,-0.2203512424702347,Null (training mean)
Meta-grade primary,4,1,R072-E14,Report-072,-0.0200026673068496,-0.2203512424702347,Null (training mean)
Meta-grade primary,4,1,R072-E15,Report-072,-0.1307398500288783,-0.2203512424702347,Null (training mean)
Meta-grade primary,4,1,R072-E16,Report-072,-0.1003353477310756,-0.2203512424702347,Null (training mean)
Meta-grade primary,4,1,R072-E17,Report-072,-0.1409255760704939,-0.2203512424702347,Null (training mean)
Meta-grade primary,4,1,R072-E18,Report-072,-0.1307398500288783,-0.2203512424702347,Null (training mean)
Meta-grade primary,4,1,R072-E19,Report-072,-0.1104469157900972,-0.2203512424702347,Null (training mean)
Meta-grade primary,4,1,R072-E20,Report-072,-0.1307398500288783,-0.2203512424702347,Null (training mean)
Meta-grade primary,4,1,R072-E21,Report-072,-0.171666663500579,-0.2203512424702347,Null (training mean)
Meta-grade primary,4,1,R072-E22,Report-072,-0.0801713250375896,-0.2203512424702347,Null (training mean)
Meta-grade primary,4,1,R072-E23,Report-072,0.0,-0.2203512424702347,Null (training mean)
Meta-grade primary,4,1,R072-E24,Report-072,-0.0500417292784913,-0.2203512424702347,Null (training mean)
Meta-grade primary,4,1,R072-E25,Report-072,-0.0600721559210316,-0.2203512424702347,Null (training mean)
Meta-grade primary,4,1,R072-E26,Report-072,-0.0300090048631265,-0.2203512424702347,Null (training mean)
Meta-grade primary,4,1,R072-E27,Report-072,-0.0400213538367682,-0.2203512424702347,Null (training mean)
Meta-grade primary,4,1,R072-E28,Report-072,-0.0600721559210316,-0.2203512424702347,Null (training mean)
Meta-grade primary,4,1,R139-E01,Report-139,-0.4641361793172199,-0.2203512424702347,Null (training mean)
Meta-grade primary,4,1,R148-E01,Report-148,-0.4236489301936018,-0.2203512424702347,Null (training mean)
Meta-grade primary,4,1,R148-E02,Report-148,-0.4476920235274206,-0.2203512424702347,Null (training mean)
Meta-grade primary,4,1,R150-E01,Report-150,-0.2768638226551,-0.2203512424702347,Null (training mean)
Meta-grade primary,4,1,R072-E01,Report-072,-0.0801713250375896,-0.2008234729186263,Ridge
Meta-grade primary,4,1,R072-E02,Report-072,-0.0400213538367682,-0.2008234729186263,Ridge
Meta-grade primary,4,1,R072-E03,Report-072,-0.0701146706543252,-0.2008234729186263,Ridge
Meta-grade primary,4,1,R072-E04,Report-072,-0.0701146706543252,-0.20950768466177633,Ridge
Meta-grade primary,4,1,R072-E05,Report-072,-0.0902441878561468,-0.20950768466177633,Ridge
Meta-grade primary,4,1,R072-E06,Report-072,-0.0902441878561468,-0.20950768466177633,Ridge
Meta-grade primary,4,1,R072-E07,Report-072,-0.1104469157900972,-0.20871268785228247,Ridge
Meta-grade primary,4,1,R072-E08,Report-072,-0.0600721559210316,-0.2039676221550441,Ridge
Meta-grade primary,4,1,R072-E09,Report-072,0.0200026673068496,-0.2039676221550441,Ridge
Meta-grade primary,4,1,R072-E10,Report-072,-0.0400213538367682,-0.2039676221550441,Ridge
Meta-grade primary,4,1,R072-E11,Report-072,-0.0400213538367682,-0.21265183389819414,Ridge
Meta-grade primary,4,1,R072-E12,Report-072,0.0300090048631264,-0.21265183389819414,Ridge
Meta-grade primary,4,1,R072-E13,Report-072,0.0,-0.21265183389819414,Ridge
Meta-grade primary,4,1,R072-E14,Report-072,-0.0200026673068496,-0.2118568370887003,Ridge
Meta-grade primary,4,1,R072-E15,Report-072,-0.1307398500288783,-0.2039676221550441,Ridge
Meta-grade primary,4,1,R072-E16,Report-072,-0.1003353477310756,-0.2039676221550441,Ridge
Meta-grade primary,4,1,R072-E17,Report-072,-0.1409255760704939,-0.2039676221550441,Ridge
Meta-grade primary,4,1,R072-E18,Report-072,-0.1307398500288783,-0.21265183389819414,Ridge
Meta-grade primary,4,1,R072-E19,Report-072,-0.1104469157900972,-0.21265183389819414,Ridge
Meta-grade primary,4,1,R072-E20,Report-072,-0.1307398500288783,-0.21265183389819414,Ridge
Meta-grade primary,4,1,R072-E21,Report-072,-0.171666663500579,-0.2118568370887003,Ridge
Meta-grade primary,4,1,R072-E22,Report-072,-0.0801713250375896,-0.20385699289752085,Ridge
Meta-grade primary,4,1,R072-E23,Report-072,0.0,-0.20385699289752085,Ridge
Meta-grade primary,4,1,R072-E24,Report-072,-0.0500417292784913,-0.20385699289752085,Ridge
Meta-grade primary,4,1,R072-E25,Report-072,-0.0600721559210316,-0.2125412046406709,Ridge
Meta-grade primary,4,1,R072-E26,Report-072,-0.0300090048631265,-0.2125412046406709,Ridge
Meta-grade primary,4,1,R072-E27,Report-072,-0.0400213538367682,-0.2125412046406709,Ridge
Meta-grade primary,4,1,R072-E28,Report-072,-0.0600721559210316,-0.21174620783117704,Ridge
Meta-grade primary,4,1,R139-E01,Report-139,-0.4641361793172199,-0.24336249088716094,Ridge
Meta-grade primary,4,1,R148-E01,Report-148,-0.4236489301936018,-0.23966464862165027,Ridge
Meta-grade primary,4,1,R148-E02,Report-148,-0.4476920235274206,-0.23177543368799408,Ridge
Meta-grade primary,4,1,R150-E01,Report-150,-0.2768638226551,-0.27923461226010937,Ridge
Meta-grade primary,4,1,R072-E01,Report-072,-0.0801713250375896,-0.20623158533151711,Elastic net
Meta-grade primary,4,1,R072-E02,Report-072,-0.0400213538367682,-0.20623158533151711,Elastic net
Meta-grade primary,4,1,R072-E03,Report-072,-0.0701146706543252,-0.20623158533151711,Elastic net
Meta-grade primary,4,1,R072-E04,Report-072,-0.0701146706543252,-0.20623158533151711,Elastic net
Meta-grade primary,4,1,R072-E05,Report-072,-0.0902441878561468,-0.20623158533151711,Elastic net
Meta-grade primary,4,1,R072-E06,Report-072,-0.0902441878561468,-0.20623158533151711,Elastic net
Meta-grade primary,4,1,R072-E07,Report-072,-0.1104469157900972,-0.20623158533151711,Elastic net
Meta-grade primary,4,1,R072-E08,Report-072,-0.0600721559210316,-0.20623158533151711,Elastic net
Meta-grade primary,4,1,R072-E09,Report-072,0.0200026673068496,-0.20623158533151711,Elastic net
Meta-grade primary,4,1,R072-E10,Report-072,-0.0400213538367682,-0.20623158533151711,Elastic net
Meta-grade primary,4,1,R072-E11,Report-072,-0.0400213538367682,-0.20623158533151711,Elastic net
Meta-grade primary,4,1,R072-E12,Report-072,0.0300090048631264,-0.20623158533151711,Elastic net
Meta-grade primary,4,1,R072-E13,Report-072,0.0,-0.20623158533151711,Elastic net
Meta-grade primary,4,1,R072-E14,Report-072,-0.0200026673068496,-0.20623158533151711,Elastic net
Meta-grade primary,4,1,R072-E15,Report-072,-0.1307398500288783,-0.20623158533151711,Elastic net
Meta-grade primary,4,1,R072-E16,Report-072,-0.1003353477310756,-0.20623158533151711,Elastic net
Meta-grade primary,4,1,R072-E17,Report-072,-0.1409255760704939,-0.20623158533151711,Elastic net
Meta-grade primary,4,1,R072-E18,Report-072,-0.1307398500288783,-0.20623158533151711,Elastic net
Meta-grade primary,4,1,R072-E19,Report-072,-0.1104469157900972,-0.20623158533151711,Elastic net
Meta-grade primary,4,1,R072-E20,Report-072,-0.1307398500288783,-0.20623158533151711,Elastic net
Meta-grade primary,4,1,R072-E21,Report-072,-0.171666663500579,-0.20623158533151711,Elastic net
Meta-grade primary,4,1,R072-E22,Report-072,-0.0801713250375896,-0.20623158533151711,Elastic net
Meta-grade primary,4,1,R072-E23,Report-072,0.0,-0.20623158533151711,Elastic net
Meta-grade primary,4,1,R072-E24,Report-072,-0.0500417292784913,-0.20623158533151711,Elastic net
Meta-grade primary,4,1,R072-E25,Report-072,-0.0600721559210316,-0.20623158533151711,Elastic net
Meta-grade primary,4,1,R072-E26,Report-072,-0.0300090048631265,-0.20623158533151711,Elastic net
Meta-grade primary,4,1,R072-E27,Report-072,-0.0400213538367682,-0.20623158533151711,Elastic net
Meta-grade primary,4,1,R072-E28,Report-072,-0.0600721559210316,-0.20623158533151711,Elastic net
Meta-grade primary,4,1,R139-E01,Report-139,-0.4641361793172199,-0.24755926866713113,Elastic net
Meta-grade primary,4,1,R148-E01,Report-148,-0.4236489301936018,-0.2439535524426173,Elastic net
Meta-grade primary,4,1,R148-E02,Report-148,-0.4476920235274206,-0.2439535524426173,Elastic net
Meta-grade primary,4,1,R150-E01,Report-150,-0.2768638226551,-0.29128643276369953,Elastic net
Meta-grade primary,4,1,R072-E01,Report-072,-0.0801713250375896,-0.1659639641359515,Random forest
Meta-grade primary,4,1,R072-E02,Report-072,-0.0400213538367682,-0.1659639641359515,Random forest
Meta-grade primary,4,1,R072-E03,Report-072,-0.0701146706543252,-0.1659639641359515,Random forest
Meta-grade primary,4,1,R072-E04,Report-072,-0.0701146706543252,-0.10352795675880494,Random forest
Meta-grade primary,4,1,R072-E05,Report-072,-0.0902441878561468,-0.10352795675880494,Random forest
Meta-grade primary,4,1,R072-E06,Report-072,-0.0902441878561468,-0.10352795675880494,Random forest
Meta-grade primary,4,1,R072-E07,Report-072,-0.1104469157900972,-0.19272522759679522,Random forest
Meta-grade primary,4,1,R072-E08,Report-072,-0.0600721559210316,-0.16550464886946836,Random forest
Meta-grade primary,4,1,R072-E09,Report-072,0.0200026673068496,-0.16550464886946836,Random forest
Meta-grade primary,4,1,R072-E10,Report-072,-0.0400213538367682,-0.16550464886946836,Random forest
Meta-grade primary,4,1,R072-E11,Report-072,-0.0400213538367682,-0.10252906007680547,Random forest
Meta-grade primary,4,1,R072-E12,Report-072,0.0300090048631264,-0.10252906007680547,Random forest
Meta-grade primary,4,1,R072-E13,Report-072,0.0,-0.10252906007680547,Random forest
Meta-grade primary,4,1,R072-E14,Report-072,-0.0200026673068496,-0.1922659123303121,Random forest
Meta-grade primary,4,1,R072-E15,Report-072,-0.1307398500288783,-0.16550464886946836,Random forest
Meta-grade primary,4,1,R072-E16,Report-072,-0.1003353477310756,-0.16550464886946836,Random forest
Meta-grade primary,4,1,R072-E17,Report-072,-0.1409255760704939,-0.16550464886946836,Random forest
Meta-grade primary,4,1,R072-E18,Report-072,-0.1307398500288783,-0.10252906007680547,Random forest
Meta-grade primary,4,1,R072-E19,Report-072,-0.1104469157900972,-0.10252906007680547,Random forest
Meta-grade primary,4,1,R072-E20,Report-072,-0.1307398500288783,-0.10252906007680547,Random forest
Meta-grade primary,4,1,R072-E21,Report-072,-0.171666663500579,-0.1922659123303121,Random forest
Meta-grade primary,4,1,R072-E22,Report-072,-0.0801713250375896,-0.1658574881391598,Random forest
Meta-grade primary,4,1,R072-E23,Report-072,0.0,-0.1658574881391598,Random forest
Meta-grade primary,4,1,R072-E24,Report-072,-0.0500417292784913,-0.1658574881391598,Random forest
Meta-grade primary,4,1,R072-E25,Report-072,-0.0600721559210316,-0.10293289006106841,Random forest
Meta-grade primary,4,1,R072-E26,Report-072,-0.0300090048631265,-0.10293289006106841,Random forest
Meta-grade primary,4,1,R072-E27,Report-072,-0.0400213538367682,-0.10293289006106841,Random forest
Meta-grade primary,4,1,R072-E28,Report-072,-0.0600721559210316,-0.19261875160000352,Random forest
Meta-grade primary,4,1,R139-E01,Report-139,-0.4641361793172199,-0.1382795469189111,Random forest
Meta-grade primary,4,1,R148-E01,Report-148,-0.4236489301936018,-0.3129047737736158,Random forest
Meta-grade primary,4,1,R148-E02,Report-148,-0.4476920235274206,-0.2983430137705873,Random forest
Meta-grade primary,4,1,R150-E01,Report-150,-0.2768638226551,-0.21228367211628088,Random forest
Meta-grade primary,4,1,R072-E01,Report-072,-0.0801713250375896,-0.12315250195688911,Gradient boosting
Meta-grade primary,4,1,R072-E02,Report-072,-0.0400213538367682,-0.12315250195688911,Gradient boosting
Meta-grade primary,4,1,R072-E03,Report-072,-0.0701146706543252,-0.12315250195688911,Gradient boosting
Meta-grade primary,4,1,R072-E04,Report-072,-0.0701146706543252,-0.009213783646680136,Gradient boosting
Meta-grade primary,4,1,R072-E05,Report-072,-0.0902441878561468,-0.009213783646680136,Gradient boosting
Meta-grade primary,4,1,R072-E06,Report-072,-0.0902441878561468,-0.009213783646680136,Gradient boosting
Meta-grade primary,4,1,R072-E07,Report-072,-0.1104469157900972,-0.13123971906205634,Gradient boosting
Meta-grade primary,4,1,R072-E08,Report-072,-0.0600721559210316,-0.12250434579415745,Gradient boosting
Meta-grade primary,4,1,R072-E09,Report-072,0.0200026673068496,-0.12250434579415745,Gradient boosting
Meta-grade primary,4,1,R072-E10,Report-072,-0.0400213538367682,-0.12250434579415745,Gradient boosting
Meta-grade primary,4,1,R072-E11,Report-072,-0.0400213538367682,-0.008565627483948375,Gradient boosting
Meta-grade primary,4,1,R072-E12,Report-072,0.0300090048631264,-0.008565627483948375,Gradient boosting
Meta-grade primary,4,1,R072-E13,Report-072,0.0,-0.008565627483948375,Gradient boosting
Meta-grade primary,4,1,R072-E14,Report-072,-0.0200026673068496,-0.1305915628993246,Gradient boosting
Meta-grade primary,4,1,R072-E15,Report-072,-0.1307398500288783,-0.12250434579415745,Gradient boosting
Meta-grade primary,4,1,R072-E16,Report-072,-0.1003353477310756,-0.12250434579415745,Gradient boosting
Meta-grade primary,4,1,R072-E17,Report-072,-0.1409255760704939,-0.12250434579415745,Gradient boosting
Meta-grade primary,4,1,R072-E18,Report-072,-0.1307398500288783,-0.008565627483948375,Gradient boosting
Meta-grade primary,4,1,R072-E19,Report-072,-0.1104469157900972,-0.008565627483948375,Gradient boosting
Meta-grade primary,4,1,R072-E20,Report-072,-0.1307398500288783,-0.008565627483948375,Gradient boosting
Meta-grade primary,4,1,R072-E21,Report-072,-0.171666663500579,-0.1305915628993246,Gradient boosting
Meta-grade primary,4,1,R072-E22,Report-072,-0.0801713250375896,-0.13484350207697046,Gradient boosting
Meta-grade primary,4,1,R072-E23,Report-072,0.0,-0.13484350207697046,Gradient boosting
Meta-grade primary,4,1,R072-E24,Report-072,-0.0500417292784913,-0.13484350207697046,Gradient boosting
Meta-grade primary,4,1,R072-E25,Report-072,-0.0600721559210316,-0.014414319628088302,Gradient boosting
Meta-grade primary,4,1,R072-E26,Report-072,-0.0300090048631265,-0.014414319628088302,Gradient boosting
Meta-grade primary,4,1,R072-E27,Report-072,-0.0400213538367682,-0.014414319628088302,Gradient boosting
Meta-grade primary,4,1,R072-E28,Report-072,-0.0600721559210316,-0.1429307191821377,Gradient boosting
Meta-grade primary,4,1,R139-E01,Report-139,-0.4641361793172199,-0.005713928299155703,Gradient boosting
Meta-grade primary,4,1,R148-E01,Report-148,-0.4236489301936018,-0.2760114595300968,Gradient boosting
Meta-grade primary,4,1,R148-E02,Report-148,-0.4476920235274206,-0.2715778974377904,Gradient boosting
Meta-grade primary,4,1,R150-E01,Report-150,-0.2768638226551,-0.16804793953615127,Gradient boosting
Meta-grade primary,4,2,R005-E01,Report-005,-0.3394653523437398,-0.20048552107401055,Null (training mean)
Meta-grade primary,4,2,R005-E02,Report-005,-0.3073232466191121,-0.20048552107401055,Null (training mean)
Meta-grade primary,4,2,R005-E03,Report-005,-0.2985662636601783,-0.20048552107401055,Null (training mean)
Meta-grade primary,4,2,R005-E04,Report-005,-0.2226054898207927,-0.20048552107401055,Null (training mean)
Meta-grade primary,4,2,R005-E05,Report-005,-0.1881906067775652,-0.20048552107401055,Null (training mean)
Meta-grade primary,4,2,R006-E01,Report-006,-0.3185781374429814,-0.20048552107401055,Null (training mean)
Meta-grade primary,4,2,R006-E02,Report-006,-0.3149780475421737,-0.20048552107401055,Null (training mean)
Meta-grade primary,4,2,R006-E04,Report-006,-0.2830017377730096,-0.20048552107401055,Null (training mean)
Meta-grade primary,4,2,R006-E05,Report-006,-0.2710215474437309,-0.20048552107401055,Null (training mean)
Meta-grade primary,4,2,R006-E06,Report-006,-0.2367028032650126,-0.20048552107401055,Null (training mean)
Meta-grade primary,4,2,R006-E07,Report-006,-0.0776151463689917,-0.20048552107401055,Null (training mean)
Meta-grade primary,4,2,R006-E09,Report-006,-0.2585963813858514,-0.20048552107401055,Null (training mean)
Meta-grade primary,4,2,R006-E10,Report-006,0.0520469455213166,-0.20048552107401055,Null (training mean)
Meta-grade primary,4,2,R006-E11,Report-006,-0.2865973321469467,-0.20048552107401055,Null (training mean)
Meta-grade primary,4,2,R006-E12,Report-006,-0.3540925289622429,-0.20048552107401055,Null (training mean)
Meta-grade primary,4,2,R006-E13,Report-006,-0.120581028408444,-0.20048552107401055,Null (training mean)
Meta-grade primary,4,2,R013-E01,Report-013,-0.2236561090218323,-0.20048552107401055,Null (training mean)
Meta-grade primary,4,2,R013-E02,Report-013,-0.2236561090218323,-0.20048552107401055,Null (training mean)
Meta-grade primary,4,2,R013-E03,Report-013,-0.3205454093019461,-0.20048552107401055,Null (training mean)
Meta-grade primary,4,2,R017-E01,Report-017,-0.2554128118829953,-0.20048552107401055,Null (training mean)
Meta-grade primary,4,2,R017-E02,Report-017,-0.2876820724517809,-0.20048552107401055,Null (training mean)
Meta-grade primary,4,2,R022-E01,PACE,-0.1079291954253917,-0.20048552107401055,Null (training mean)
Meta-grade primary,4,2,R022-E02,PACE,-0.0716712828013512,-0.20048552107401055,Null (training mean)
Meta-grade primary,4,2,R022-E03,PACE,0.099027503509446,-0.20048552107401055,Null (training mean)
Meta-grade primary,4,2,R022-E04,PACE,-0.0004516500561274,-0.20048552107401055,Null (training mean)
Meta-grade primary,4,2,R022-E05,PACE,0.0109578515321072,-0.20048552107401055,Null (training mean)
Meta-grade primary,4,2,R022-E06,PACE,-0.1014471687907363,-0.20048552107401055,Null (training mean)
Meta-grade primary,4,2,R022-E07,PACE,-0.0410812093992726,-0.20048552107401055,Null (training mean)
Meta-grade primary,4,2,R022-E08,PACE,0.0676957937234428,-0.20048552107401055,Null (training mean)
Meta-grade primary,4,2,R077-E01,Report-077,-0.4000596500560565,-0.20048552107401055,Null (training mean)
Meta-grade primary,4,2,R079-E01,Report-079,-0.7752987062055835,-0.20048552107401055,Null (training mean)
Meta-grade primary,4,2,R089-E01,Report-089,-0.3095196042031117,-0.20048552107401055,Null (training mean)
Meta-grade primary,4,2,R144-E01,Report-144,-0.2768638226551,-0.20048552107401055,Null (training mean)
Meta-grade primary,4,2,R005-E01,Report-005,-0.3394653523437398,-0.14869148193933834,Ridge
Meta-grade primary,4,2,R005-E02,Report-005,-0.3073232466191121,-0.17317557512801912,Ridge
Meta-grade primary,4,2,R005-E03,Report-005,-0.2985662636601783,-0.21443421657949485,Ridge
Meta-grade primary,4,2,R005-E04,Report-005,-0.2226054898207927,-0.1684498822113076,Ridge
Meta-grade primary,4,2,R005-E05,Report-005,-0.1881906067775652,-0.1684498822113076,Ridge
Meta-grade primary,4,2,R006-E01,Report-006,-0.3185781374429814,-0.26725597817104174,Ridge
Meta-grade primary,4,2,R006-E02,Report-006,-0.3149780475421737,-0.2793142755248321,Ridge
Meta-grade primary,4,2,R006-E04,Report-006,-0.2830017377730096,-0.0914985734186099,Ridge
Meta-grade primary,4,2,R006-E05,Report-006,-0.2710215474437309,-0.0914985734186099,Ridge
Meta-grade primary,4,2,R006-E06,Report-006,-0.2367028032650126,-0.10355687077240026,Ridge
Meta-grade primary,4,2,R006-E07,Report-006,-0.0776151463689917,-0.10355687077240026,Ridge
Meta-grade primary,4,2,R006-E09,Report-006,-0.2585963813858514,-0.08379847050043102,Ridge
Meta-grade primary,4,2,R006-E10,Report-006,0.0520469455213166,-0.2647359214552272,Ridge
Meta-grade primary,4,2,R006-E11,Report-006,-0.2865973321469467,-0.28449432172719646,Ridge
Meta-grade primary,4,2,R006-E12,Report-006,-0.3540925289622429,-0.2577784065514004,Ridge
Meta-grade primary,4,2,R006-E13,Report-006,-0.120581028408444,-0.2577784065514004,Ridge
Meta-grade primary,4,2,R013-E01,Report-013,-0.2236561090218323,-0.2720310638749875,Ridge
Meta-grade primary,4,2,R013-E02,Report-013,-0.2236561090218323,-0.2161532077926622,Ridge
Meta-grade primary,4,2,R013-E03,Report-013,-0.3205454093019461,-0.3357118177082767,Ridge
Meta-grade primary,4,2,R017-E01,Report-017,-0.2554128118829953,-0.12458283255805783,Ridge
Meta-grade primary,4,2,R017-E02,Report-017,-0.2876820724517809,-0.10482443228608856,Ridge
Meta-grade primary,4,2,R022-E01,PACE,-0.1079291954253917,-0.102415632275336,Ridge
Meta-grade primary,4,2,R022-E02,PACE,-0.0716712828013512,-0.121229779905468,Ridge
Meta-grade primary,4,2,R022-E03,PACE,0.099027503509446,-0.11472640013586755,Ridge
Meta-grade primary,4,2,R022-E04,PACE,-0.0004516500561274,-0.13354054776599955,Ridge
Meta-grade primary,4,2,R022-E05,PACE,0.0109578515321072,-0.15829348835766127,Ridge
Meta-grade primary,4,2,R022-E06,PACE,-0.1014471687907363,-0.1771076359877933,Ridge
Meta-grade primary,4,2,R022-E07,PACE,-0.0410812093992726,-0.15829348835766127,Ridge
Meta-grade primary,4,2,R022-E08,PACE,0.0676957937234428,-0.1771076359877933,Ridge
Meta-grade primary,4,2,R077-E01,Report-077,-0.4000596500560565,-0.2584152804770209,Ridge
Meta-grade primary,4,2,R079-E01,Report-079,-0.7752987062055835,-0.14547709933245836,Ridge
Meta-grade primary,4,2,R089-E01,Report-089,-0.3095196042031117,-0.09491299123523608,Ridge
Meta-grade primary,4,2,R144-E01,Report-144,-0.2768638226551,-0.2789824590228268,Ridge
Meta-grade primary,4,2,R005-E01,Report-005,-0.3394653523437398,-0.2033519713121767,Elastic net
Meta-grade primary,4,2,R005-E02,Report-005,-0.3073232466191121,-0.2033519713121767,Elastic net
Meta-grade primary,4,2,R005-E03,Report-005,-0.2985662636601783,-0.2033519713121767,Elastic net
Meta-grade primary,4,2,R005-E04,Report-005,-0.2226054898207927,-0.2033519713121767,Elastic net
Meta-grade primary,4,2,R005-E05,Report-005,-0.1881906067775652,-0.2033519713121767,Elastic net
Meta-grade primary,4,2,R006-E01,Report-006,-0.3185781374429814,-0.3268696529195068,Elastic net
Meta-grade primary,4,2,R006-E02,Report-006,-0.3149780475421737,-0.3268696529195068,Elastic net
Meta-grade primary,4,2,R006-E04,Report-006,-0.2830017377730096,-0.22443402451360575,Elastic net
Meta-grade primary,4,2,R006-E05,Report-006,-0.2710215474437309,-0.22443402451360575,Elastic net
Meta-grade primary,4,2,R006-E06,Report-006,-0.2367028032650126,-0.22443402451360575,Elastic net
Meta-grade primary,4,2,R006-E07,Report-006,-0.0776151463689917,-0.22443402451360575,Elastic net
Meta-grade primary,4,2,R006-E09,Report-006,-0.2585963813858514,-0.22443402451360575,Elastic net
Meta-grade primary,4,2,R006-E10,Report-006,0.0520469455213166,-0.3285778638962131,Elastic net
Meta-grade primary,4,2,R006-E11,Report-006,-0.2865973321469467,-0.3285778638962131,Elastic net
Meta-grade primary,4,2,R006-E12,Report-006,-0.3540925289622429,-0.33321340680657896,Elastic net
Meta-grade primary,4,2,R006-E13,Report-006,-0.120581028408444,-0.33321340680657896,Elastic net
Meta-grade primary,4,2,R013-E01,Report-013,-0.2236561090218323,-0.27172211900496906,Elastic net
Meta-grade primary,4,2,R013-E02,Report-013,-0.2236561090218323,-0.2527496839899578,Elastic net
Meta-grade primary,4,2,R013-E03,Report-013,-0.3205454093019461,-0.32695930299250425,Elastic net
Meta-grade primary,4,2,R017-E01,Report-017,-0.2554128118829953,-0.1593473949539281,Elastic net
Meta-grade primary,4,2,R017-E02,Report-017,-0.2876820724517809,-0.1593473949539281,Elastic net
Meta-grade primary,4,2,R022-E01,PACE,-0.1079291954253917,-0.17807353454804037,Elastic net
Meta-grade primary,4,2,R022-E02,PACE,-0.0716712828013512,-0.17725587775601812,Elastic net
Meta-grade primary,4,2,R022-E03,PACE,0.099027503509446,-0.17807353454804037,Elastic net
Meta-grade primary,4,2,R022-E04,PACE,-0.0004516500561274,-0.17725587775601812,Elastic net
Meta-grade primary,4,2,R022-E05,PACE,0.0109578515321072,-0.19704596956305165,Elastic net
Meta-grade primary,4,2,R022-E06,PACE,-0.1014471687907363,-0.19622831277102937,Elastic net
Meta-grade primary,4,2,R022-E07,PACE,-0.0410812093992726,-0.19704596956305165,Elastic net
Meta-grade primary,4,2,R022-E08,PACE,0.0676957937234428,-0.19622831277102937,Elastic net
Meta-grade primary,4,2,R077-E01,Report-077,-0.4000596500560565,-0.2331837916671626,Elastic net
Meta-grade primary,4,2,R079-E01,Report-079,-0.7752987062055835,-0.16611378740293883,Elastic net
Meta-grade primary,4,2,R089-E01,Report-089,-0.3095196042031117,-0.10660715856114468,Elastic net
Meta-grade primary,4,2,R144-E01,Report-144,-0.2768638226551,-0.29818489126875497,Elastic net
Meta-grade primary,4,2,R005-E01,Report-005,-0.3394653523437398,-0.10627660659992497,Random forest
Meta-grade primary,4,2,R005-E02,Report-005,-0.3073232466191121,-0.1149338973822716,Random forest
Meta-grade primary,4,2,R005-E03,Report-005,-0.2985662636601783,-0.12179690827778007,Random forest
Meta-grade primary,4,2,R005-E04,Report-005,-0.2226054898207927,-0.13660395695541702,Random forest
Meta-grade primary,4,2,R005-E05,Report-005,-0.1881906067775652,-0.13660395695541702,Random forest
Meta-grade primary,4,2,R006-E01,Report-006,-0.3185781374429814,-0.40026484064305967,Random forest
Meta-grade primary,4,2,R006-E02,Report-006,-0.3149780475421737,-0.3953247741429784,Random forest
Meta-grade primary,4,2,R006-E04,Report-006,-0.2830017377730096,-0.39781587273419416,Random forest
Meta-grade primary,4,2,R006-E05,Report-006,-0.2710215474437309,-0.39781587273419416,Random forest
Meta-grade primary,4,2,R006-E06,Report-006,-0.2367028032650126,-0.3928758062341129,Random forest
Meta-grade primary,4,2,R006-E07,Report-006,-0.0776151463689917,-0.3928758062341129,Random forest
Meta-grade primary,4,2,R006-E09,Report-006,-0.2585963813858514,-0.3859411639408482,Random forest
Meta-grade primary,4,2,R006-E10,Report-006,0.0520469455213166,-0.4277938385996669,Random forest
Meta-grade primary,4,2,R006-E11,Report-006,-0.2865973321469467,-0.43583096637973506,Random forest
Meta-grade primary,4,2,R006-E12,Report-006,-0.3540925289622429,-0.42647341754799134,Random forest
Meta-grade primary,4,2,R006-E13,Report-006,-0.120581028408444,-0.42647341754799134,Random forest
Meta-grade primary,4,2,R013-E01,Report-013,-0.2236561090218323,-0.1805500995747163,Random forest
Meta-grade primary,4,2,R013-E02,Report-013,-0.2236561090218323,-0.17773174185866453,Random forest
Meta-grade primary,4,2,R013-E03,Report-013,-0.3205454093019461,-0.4416167657674128,Random forest
Meta-grade primary,4,2,R017-E01,Report-017,-0.2554128118829953,-0.14352736933438762,Random forest
Meta-grade primary,4,2,R017-E02,Report-017,-0.2876820724517809,-0.11488443474360745,Random forest
Meta-grade primary,4,2,R022-E01,PACE,-0.1079291954253917,-0.09032077190321453,Random forest
Meta-grade primary,4,2,R022-E02,PACE,-0.0716712828013512,-0.13568359837904695,Random forest
Meta-grade primary,4,2,R022-E03,PACE,0.099027503509446,0.008819531828674882,Random forest
Meta-grade primary,4,2,R022-E04,PACE,-0.0004516500561274,-0.006223675712378448,Random forest
Meta-grade primary,4,2,R022-E05,PACE,0.0109578515321072,-0.0911796391092395,Random forest
Meta-grade primary,4,2,R022-E06,PACE,-0.1014471687907363,-0.136980836255041,Random forest
Meta-grade primary,4,2,R022-E07,PACE,-0.0410812093992726,-0.0911796391092395,Random forest
Meta-grade primary,4,2,R022-E08,PACE,0.0676957937234428,-0.136980836255041,Random forest
Meta-grade primary,4,2,R077-E01,Report-077,-0.4000596500560565,-0.17381174004686015,Random forest
Meta-grade primary,4,2,R079-E01,Report-079,-0.7752987062055835,-0.08537968809215057,Random forest
Meta-grade primary,4,2,R089-E01,Report-089,-0.3095196042031117,-0.04443671932449298,Random forest
Meta-grade primary,4,2,R144-E01,Report-144,-0.2768638226551,-0.12127563658669847,Random forest
Meta-grade primary,4,2,R005-E01,Report-005,-0.3394653523437398,-0.15906512039451298,Gradient boosting
Meta-grade primary,4,2,R005-E02,Report-005,-0.3073232466191121,-0.1258895986063692,Gradient boosting
Meta-grade primary,4,2,R005-E03,Report-005,-0.2985662636601783,-0.15336067158175282,Gradient boosting
Meta-grade primary,4,2,R005-E04,Report-005,-0.2226054898207927,-0.1534129653979313,Gradient boosting
Meta-grade primary,4,2,R005-E05,Report-005,-0.1881906067775652,-0.1534129653979313,Gradient boosting
Meta-grade primary,4,2,R006-E01,Report-006,-0.3185781374429814,-0.41317455670281267,Gradient boosting
Meta-grade primary,4,2,R006-E02,Report-006,-0.3149780475421737,-0.41254392083386465,Gradient boosting
Meta-grade primary,4,2,R006-E04,Report-006,-0.2830017377730096,-0.41317455670281267,Gradient boosting
Meta-grade primary,4,2,R006-E05,Report-006,-0.2710215474437309,-0.41317455670281267,Gradient boosting
Meta-grade primary,4,2,R006-E06,Report-006,-0.2367028032650126,-0.41254392083386465,Gradient boosting
Meta-grade primary,4,2,R006-E07,Report-006,-0.0776151463689917,-0.41254392083386465,Gradient boosting
Meta-grade primary,4,2,R006-E09,Report-006,-0.2585963813858514,-0.391815870573493,Gradient boosting
Meta-grade primary,4,2,R006-E10,Report-006,0.0520469455213166,-0.40220941382983383,Gradient boosting
Meta-grade primary,4,2,R006-E11,Report-006,-0.2865973321469467,-0.4229374640902055,Gradient boosting
Meta-grade primary,4,2,R006-E12,Report-006,-0.3540925289622429,-0.3954396374687735,Gradient boosting
Meta-grade primary,4,2,R006-E13,Report-006,-0.120581028408444,-0.3954396374687735,Gradient boosting
Meta-grade primary,4,2,R013-E01,Report-013,-0.2236561090218323,-0.19565224734674813,Gradient boosting
Meta-grade primary,4,2,R013-E02,Report-013,-0.2236561090218323,-0.1555975093890579,Gradient boosting
Meta-grade primary,4,2,R013-E03,Report-013,-0.3205454093019461,-0.41163804533391213,Gradient boosting
Meta-grade primary,4,2,R017-E01,Report-017,-0.2554128118829953,-0.1576720604185868,Gradient boosting
Meta-grade primary,4,2,R017-E02,Report-017,-0.2876820724517809,-0.15996137378149075,Gradient boosting
Meta-grade primary,4,2,R022-E01,PACE,-0.1079291954253917,-0.0880952155827969,Gradient boosting
Meta-grade primary,4,2,R022-E02,PACE,-0.0716712828013512,-0.09669781254244006,Gradient boosting
Meta-grade primary,4,2,R022-E03,PACE,0.099027503509446,-0.00447438178478678,Gradient boosting
Meta-grade primary,4,2,R022-E04,PACE,-0.0004516500561274,-0.016871616091051533,Gradient boosting
Meta-grade primary,4,2,R022-E05,PACE,0.0109578515321072,-0.14525148745796493,Gradient boosting
Meta-grade primary,4,2,R022-E06,PACE,-0.1014471687907363,-0.14900703636185614,Gradient boosting
Meta-grade primary,4,2,R022-E07,PACE,-0.0410812093992726,-0.14525148745796493,Gradient boosting
Meta-grade primary,4,2,R022-E08,PACE,0.0676957937234428,-0.14900703636185614,Gradient boosting
Meta-grade primary,4,2,R077-E01,Report-077,-0.4000596500560565,-0.20530246694412801,Gradient boosting
Meta-grade primary,4,2,R079-E01,Report-079,-0.7752987062055835,-0.0970095915804055,Gradient boosting
Meta-grade primary,4,2,R089-E01,Report-089,-0.3095196042031117,-0.10629431725291862,Gradient boosting
Meta-grade primary,4,2,R144-E01,Report-144,-0.2768638226551,-0.10419129235108686,Gradient boosting
Meta-grade primary,4,3,R016-E01,Report-016,-0.3540925289622429,-0.230612177812583,Null (training mean)
Meta-grade primary,4,3,R026-E01,Report-026,-0.2405339244255578,-0.230612177812583,Null (training mean)
Meta-grade primary,4,3,R026-E02,Report-026,0.0310099360630968,-0.230612177812583,Null (training mean)
Meta-grade primary,4,3,R036-E01,Report-036,-0.4236489301936018,-0.230612177812583,Null (training mean)
Meta-grade primary,4,3,R036-E02,Report-036,-0.2907692890372516,-0.230612177812583,Null (training mean)
Meta-grade primary,4,3,R087-E01,Report-087,-0.3654437542713961,-0.230612177812583,Null (training mean)
Meta-grade primary,4,3,R087-E02,Report-087,-0.7250050877529992,-0.230612177812583,Null (training mean)
Meta-grade primary,4,3,R087-E03,Report-087,-0.3654437542713961,-0.230612177812583,Null (training mean)
Meta-grade primary,4,3,R087-E04,Report-087,-0.7752987062055836,-0.230612177812583,Null (training mean)
Meta-grade primary,4,3,R087-E05,Report-087,-0.2447741126593529,-0.230612177812583,Null (training mean)
Meta-grade primary,4,3,R087-E06,Report-087,-0.0400213538367682,-0.230612177812583,Null (training mean)
Meta-grade primary,4,3,R087-E07,Report-087,-0.4598966812126785,-0.230612177812583,Null (training mean)
Meta-grade primary,4,3,R087-E08,Report-087,0.5229842775913438,-0.230612177812583,Null (training mean)
Meta-grade primary,4,3,R087-E09,Report-087,0.0400213538367682,-0.230612177812583,Null (training mean)
Meta-grade primary,4,3,R087-E10,Report-087,0.0400213538367682,-0.230612177812583,Null (training mean)
Meta-grade primary,4,3,R087-E11,Report-087,-0.1307398500288784,-0.230612177812583,Null (training mean)
Meta-grade primary,4,3,R087-E12,Report-087,0.1307398500288784,-0.230612177812583,Null (training mean)
Meta-grade primary,4,3,R087-E13,Report-087,-0.1003353477310756,-0.230612177812583,Null (training mean)
Meta-grade primary,4,3,R087-E14,Report-087,0.6183813135744636,-0.230612177812583,Null (training mean)
Meta-grade primary,4,3,R087-E15,Report-087,0.0902441878561468,-0.230612177812583,Null (training mean)
Meta-grade primary,4,3,R087-E16,Report-087,-0.3884230997182961,-0.230612177812583,Null (training mean)
Meta-grade primary,4,3,R087-E17,Report-087,-0.0902441878561468,-0.230612177812583,Null (training mean)
Meta-grade primary,4,3,R087-E18,Report-087,0.2554128118829953,-0.230612177812583,Null (training mean)
Meta-grade primary,4,3,R087-E19,Report-087,-0.6324131492978439,-0.230612177812583,Null (training mean)
Meta-grade primary,4,3,R087-E20,Report-087,-0.6677819260385488,-0.230612177812583,Null (training mean)
Meta-grade primary,4,3,R087-E21,Report-087,-0.3474427905134932,-0.230612177812583,Null (training mean)
Meta-grade primary,4,3,R087-E22,Report-087,-0.5093955920515006,-0.230612177812583,Null (training mean)
Meta-grade primary,4,3,R087-E23,Report-087,0.2881966620000231,-0.230612177812583,Null (training mean)
Meta-grade primary,4,3,R087-E24,Report-087,0.071791446935783,-0.230612177812583,Null (training mean)
Meta-grade primary,4,3,R087-E25,Report-087,0.0,-0.230612177812583,Null (training mean)
Meta-grade primary,4,3,R087-E26,Report-087,0.0287372972020485,-0.230612177812583,Null (training mean)
Meta-grade primary,4,3,R087-E27,Report-087,-0.0526679439176218,-0.230612177812583,Null (training mean)
Meta-grade primary,4,3,R016-E01,Report-016,-0.3540925289622429,-0.3454407975315166,Ridge
Meta-grade primary,4,3,R026-E01,Report-026,-0.2405339244255578,-0.24638609317361743,Ridge
Meta-grade primary,4,3,R026-E02,Report-026,0.0310099360630968,-0.2816940137254552,Ridge
Meta-grade primary,4,3,R036-E01,Report-036,-0.4236489301936018,-0.23536609957094815,Ridge
Meta-grade primary,4,3,R036-E02,Report-036,-0.2907692890372516,-0.2196089458358999,Ridge
Meta-grade primary,4,3,R087-E01,Report-087,-0.3654437542713961,-0.3263193281643052,Ridge
Meta-grade primary,4,3,R087-E02,Report-087,-0.7250050877529992,-0.31657388259565467,Ridge
Meta-grade primary,4,3,R087-E03,Report-087,-0.3654437542713961,-0.32440022638943045,Ridge
Meta-grade primary,4,3,R087-E04,Report-087,-0.7752987062055836,-0.30394673365790437,Ridge
Meta-grade primary,4,3,R087-E05,Report-087,-0.2447741126593529,-0.2979350254915067,Ridge
Meta-grade primary,4,3,R087-E06,Report-087,-0.0400213538367682,-0.2979350254915067,Ridge
Meta-grade primary,4,3,R087-E07,Report-087,-0.4598966812126785,-0.28818957992285615,Ridge
Meta-grade primary,4,3,R087-E08,Report-087,0.5229842775913438,-0.28818957992285615,Ridge
Meta-grade primary,4,3,R087-E09,Report-087,0.0400213538367682,-0.296015923716632,Ridge
Meta-grade primary,4,3,R087-E10,Report-087,0.0400213538367682,-0.32216425190118136,Ridge
Meta-grade primary,4,3,R087-E11,Report-087,-0.1307398500288784,-0.3124188063325309,Ridge
Meta-grade primary,4,3,R087-E12,Report-087,0.1307398500288784,-0.3202451501263067,Ridge
Meta-grade primary,4,3,R087-E13,Report-087,-0.1003353477310756,-0.29979165739478064,Ridge
Meta-grade primary,4,3,R087-E14,Report-087,0.6183813135744636,-0.2937799492283829,Ridge
Meta-grade primary,4,3,R087-E15,Report-087,0.0902441878561468,-0.2937799492283829,Ridge
Meta-grade primary,4,3,R087-E16,Report-087,-0.3884230997182961,-0.2840345036597324,Ridge
Meta-grade primary,4,3,R087-E17,Report-087,-0.0902441878561468,-0.2840345036597324,Ridge
Meta-grade primary,4,3,R087-E18,Report-087,0.2554128118829953,-0.2918608474535082,Ridge
Meta-grade primary,4,3,R087-E19,Report-087,-0.6324131492978439,-0.30835052337707325,Ridge
Meta-grade primary,4,3,R087-E20,Report-087,-0.6677819260385488,-0.2986050778084227,Ridge
Meta-grade primary,4,3,R087-E21,Report-087,-0.3474427905134932,-0.3064314216021985,Ridge
Meta-grade primary,4,3,R087-E22,Report-087,-0.5093955920515006,-0.2859779288706724,Ridge
Meta-grade primary,4,3,R087-E23,Report-087,0.2881966620000231,-0.27996622070427474,Ridge
Meta-grade primary,4,3,R087-E24,Report-087,0.071791446935783,-0.27996622070427474,Ridge
Meta-grade primary,4,3,R087-E25,Report-087,0.0,-0.2702207751356242,Ridge
Meta-grade primary,4,3,R087-E26,Report-087,0.0287372972020485,-0.2702207751356242,Ridge
Meta-grade primary,4,3,R087-E27,Report-087,-0.0526679439176218,-0.27804711892940004,Ridge
Meta-grade primary,4,3,R016-E01,Report-016,-0.3540925289622429,-0.3615313092210638,Elastic net
Meta-grade primary,4,3,R026-E01,Report-026,-0.2405339244255578,-0.25199623840533675,Elastic net
Meta-grade primary,4,3,R026-E02,Report-026,0.0310099360630968,-0.26232381868370613,Elastic net
Meta-grade primary,4,3,R036-E01,Report-036,-0.4236489301936018,-0.2644549885932478,Elastic net
Meta-grade primary,4,3,R036-E02,Report-036,-0.2907692890372516,-0.2644549885932478,Elastic net
Meta-grade primary,4,3,R087-E01,Report-087,-0.3654437542713961,-0.34553464115899446,Elastic net
Meta-grade primary,4,3,R087-E02,Report-087,-0.7250050877529992,-0.34553464115899446,Elastic net
Meta-grade primary,4,3,R087-E03,Report-087,-0.3654437542713961,-0.34553464115899446,Elastic net
Meta-grade primary,4,3,R087-E04,Report-087,-0.7752987062055836,-0.31252227207193994,Elastic net
Meta-grade primary,4,3,R087-E05,Report-087,-0.2447741126593529,-0.31252227207193994,Elastic net
Meta-grade primary,4,3,R087-E06,Report-087,-0.0400213538367682,-0.31252227207193994,Elastic net
Meta-grade primary,4,3,R087-E07,Report-087,-0.4598966812126785,-0.31252227207193994,Elastic net
Meta-grade primary,4,3,R087-E08,Report-087,0.5229842775913438,-0.31252227207193994,Elastic net
Meta-grade primary,4,3,R087-E09,Report-087,0.0400213538367682,-0.31252227207193994,Elastic net
Meta-grade primary,4,3,R087-E10,Report-087,0.0400213538367682,-0.33989446938799917,Elastic net
Meta-grade primary,4,3,R087-E11,Report-087,-0.1307398500288784,-0.33989446938799917,Elastic net
Meta-grade primary,4,3,R087-E12,Report-087,0.1307398500288784,-0.33989446938799917,Elastic net
Meta-grade primary,4,3,R087-E13,Report-087,-0.1003353477310756,-0.30688210030094465,Elastic net
Meta-grade primary,4,3,R087-E14,Report-087,0.6183813135744636,-0.30688210030094465,Elastic net
Meta-grade primary,4,3,R087-E15,Report-087,0.0902441878561468,-0.30688210030094465,Elastic net
Meta-grade primary,4,3,R087-E16,Report-087,-0.3884230997182961,-0.30688210030094465,Elastic net
Meta-grade primary,4,3,R087-E17,Report-087,-0.0902441878561468,-0.30688210030094465,Elastic net
Meta-grade primary,4,3,R087-E18,Report-087,0.2554128118829953,-0.30688210030094465,Elastic net
Meta-grade primary,4,3,R087-E19,Report-087,-0.6324131492978439,-0.32114347741094834,Elastic net
Meta-grade primary,4,3,R087-E20,Report-087,-0.6677819260385488,-0.32114347741094834,Elastic net
Meta-grade primary,4,3,R087-E21,Report-087,-0.3474427905134932,-0.32114347741094834,Elastic net
Meta-grade primary,4,3,R087-E22,Report-087,-0.5093955920515006,-0.2881311083238938,Elastic net
Meta-grade primary,4,3,R087-E23,Report-087,0.2881966620000231,-0.2881311083238938,Elastic net
Meta-grade primary,4,3,R087-E24,Report-087,0.071791446935783,-0.2881311083238938,Elastic net
Meta-grade primary,4,3,R087-E25,Report-087,0.0,-0.2881311083238938,Elastic net
Meta-grade primary,4,3,R087-E26,Report-087,0.0287372972020485,-0.2881311083238938,Elastic net
Meta-grade primary,4,3,R087-E27,Report-087,-0.0526679439176218,-0.2881311083238938,Elastic net
Meta-grade primary,4,3,R016-E01,Report-016,-0.3540925289622429,-0.3364737589201317,Random forest
Meta-grade primary,4,3,R026-E01,Report-026,-0.2405339244255578,-0.21599231549247894,Random forest
Meta-grade primary,4,3,R026-E02,Report-026,0.0310099360630968,-0.2715413644933059,Random forest
Meta-grade primary,4,3,R036-E01,Report-036,-0.4236489301936018,-0.24267044366952967,Random forest
Meta-grade primary,4,3,R036-E02,Report-036,-0.2907692890372516,-0.24163599669126712,Random forest
Meta-grade primary,4,3,R087-E01,Report-087,-0.3654437542713961,-0.36693159897173455,Random forest
Meta-grade primary,4,3,R087-E02,Report-087,-0.7250050877529992,-0.36097432479850117,Random forest
Meta-grade primary,4,3,R087-E03,Report-087,-0.3654437542713961,-0.36513551356277657,Random forest
Meta-grade primary,4,3,R087-E04,Report-087,-0.7752987062055836,-0.35563997020503907,Random forest
Meta-grade primary,4,3,R087-E05,Report-087,-0.2447741126593529,-0.3534308390652573,Random forest
Meta-grade primary,4,3,R087-E06,Report-087,-0.0400213538367682,-0.3534308390652573,Random forest
Meta-grade primary,4,3,R087-E07,Report-087,-0.4598966812126785,-0.34504777863547836,Random forest
Meta-grade primary,4,3,R087-E08,Report-087,0.5229842775913438,-0.34504777863547836,Random forest
Meta-grade primary,4,3,R087-E09,Report-087,0.0400213538367682,-0.3516347536562992,Random forest
Meta-grade primary,4,3,R087-E10,Report-087,0.0400213538367682,-0.36693159897173455,Random forest
Meta-grade primary,4,3,R087-E11,Report-087,-0.1307398500288784,-0.36097432479850117,Random forest
Meta-grade primary,4,3,R087-E12,Report-087,0.1307398500288784,-0.36513551356277657,Random forest
Meta-grade primary,4,3,R087-E13,Report-087,-0.1003353477310756,-0.35563997020503907,Random forest
Meta-grade primary,4,3,R087-E14,Report-087,0.6183813135744636,-0.3534308390652573,Random forest
Meta-grade primary,4,3,R087-E15,Report-087,0.0902441878561468,-0.3534308390652573,Random forest
Meta-grade primary,4,3,R087-E16,Report-087,-0.3884230997182961,-0.34504777863547836,Random forest
Meta-grade primary,4,3,R087-E17,Report-087,-0.0902441878561468,-0.34504777863547836,Random forest
Meta-grade primary,4,3,R087-E18,Report-087,0.2554128118829953,-0.3516347536562992,Random forest
Meta-grade primary,4,3,R087-E19,Report-087,-0.6324131492978439,-0.36693159897173455,Random forest
Meta-grade primary,4,3,R087-E20,Report-087,-0.6677819260385488,-0.36097432479850117,Random forest
Meta-grade primary,4,3,R087-E21,Report-087,-0.3474427905134932,-0.36513551356277657,Random forest
Meta-grade primary,4,3,R087-E22,Report-087,-0.5093955920515006,-0.35563997020503907,Random forest
Meta-grade primary,4,3,R087-E23,Report-087,0.2881966620000231,-0.3534308390652573,Random forest
Meta-grade primary,4,3,R087-E24,Report-087,0.071791446935783,-0.3534308390652573,Random forest
Meta-grade primary,4,3,R087-E25,Report-087,0.0,-0.34504777863547836,Random forest
Meta-grade primary,4,3,R087-E26,Report-087,0.0287372972020485,-0.34504777863547836,Random forest
Meta-grade primary,4,3,R087-E27,Report-087,-0.0526679439176218,-0.3516347536562992,Random forest
Meta-grade primary,4,3,R016-E01,Report-016,-0.3540925289622429,-0.3801574098234506,Gradient boosting
Meta-grade primary,4,3,R026-E01,Report-026,-0.2405339244255578,-0.14795075099329172,Gradient boosting
Meta-grade primary,4,3,R026-E02,Report-026,0.0310099360630968,-0.2333666212278097,Gradient boosting
Meta-grade primary,4,3,R036-E01,Report-036,-0.4236489301936018,-0.3142438311899192,Gradient boosting
Meta-grade primary,4,3,R036-E02,Report-036,-0.2907692890372516,-0.2971771121343101,Gradient boosting
Meta-grade primary,4,3,R087-E01,Report-087,-0.3654437542713961,-0.4000534733287962,Gradient boosting
Meta-grade primary,4,3,R087-E02,Report-087,-0.7250050877529992,-0.4047227242344938,Gradient boosting
Meta-grade primary,4,3,R087-E03,Report-087,-0.3654437542713961,-0.4156032651401889,Gradient boosting
Meta-grade primary,4,3,R087-E04,Report-087,-0.7752987062055836,-0.4411391404562565,Gradient boosting
Meta-grade primary,4,3,R087-E05,Report-087,-0.2447741126593529,-0.4251447496230589,Gradient boosting
Meta-grade primary,4,3,R087-E06,Report-087,-0.0400213538367682,-0.4251447496230589,Gradient boosting
Meta-grade primary,4,3,R087-E07,Report-087,-0.4598966812126785,-0.3566667196284808,Gradient boosting
Meta-grade primary,4,3,R087-E08,Report-087,0.5229842775913438,-0.3566667196284808,Gradient boosting
Meta-grade primary,4,3,R087-E09,Report-087,0.0400213538367682,-0.42071735329422727,Gradient boosting
Meta-grade primary,4,3,R087-E10,Report-087,0.0400213538367682,-0.4000534733287962,Gradient boosting
Meta-grade primary,4,3,R087-E11,Report-087,-0.1307398500288784,-0.4047227242344938,Gradient boosting
Meta-grade primary,4,3,R087-E12,Report-087,0.1307398500288784,-0.4156032651401889,Gradient boosting
Meta-grade primary,4,3,R087-E13,Report-087,-0.1003353477310756,-0.4411391404562565,Gradient boosting
Meta-grade primary,4,3,R087-E14,Report-087,0.6183813135744636,-0.4251447496230589,Gradient boosting
Meta-grade primary,4,3,R087-E15,Report-087,0.0902441878561468,-0.4251447496230589,Gradient boosting
Meta-grade primary,4,3,R087-E16,Report-087,-0.3884230997182961,-0.3566667196284808,Gradient boosting
Meta-grade primary,4,3,R087-E17,Report-087,-0.0902441878561468,-0.3566667196284808,Gradient boosting
Meta-grade primary,4,3,R087-E18,Report-087,0.2554128118829953,-0.42071735329422727,Gradient boosting
Meta-grade primary,4,3,R087-E19,Report-087,-0.6324131492978439,-0.4000534733287962,Gradient boosting
Meta-grade primary,4,3,R087-E20,Report-087,-0.6677819260385488,-0.4047227242344938,Gradient boosting
Meta-grade primary,4,3,R087-E21,Report-087,-0.3474427905134932,-0.4156032651401889,Gradient boosting
Meta-grade primary,4,3,R087-E22,Report-087,-0.5093955920515006,-0.4411391404562565,Gradient boosting
Meta-grade primary,4,3,R087-E23,Report-087,0.2881966620000231,-0.4251447496230589,Gradient boosting
Meta-grade primary,4,3,R087-E24,Report-087,0.071791446935783,-0.4251447496230589,Gradient boosting
Meta-grade primary,4,3,R087-E25,Report-087,0.0,-0.3566667196284808,Gradient boosting
Meta-grade primary,4,3,R087-E26,Report-087,0.0287372972020485,-0.3566667196284808,Gradient boosting
Meta-grade primary,4,3,R087-E27,Report-087,-0.0526679439176218,-0.42071735329422727,Gradient boosting
Meta-grade primary,4,4,R004-E01,Report-004,-0.3205454093019461,-0.2501205289868297,Null (training mean)
Meta-grade primary,4,4,R004-E02,Report-004,-0.2447741126593529,-0.2501205289868297,Null (training mean)
Meta-grade primary,4,4,R010-E01,Report-010,-0.2661084068736541,-0.2501205289868297,Null (training mean)
Meta-grade primary,4,4,R012-E01,PSKC,-0.0500417292784912,-0.2501205289868297,Null (training mean)
Meta-grade primary,4,4,R012-E02,PSKC,0.1613866961315255,-0.2501205289868297,Null (training mean)
Meta-grade primary,4,4,R012-E03,PSKC,-0.0400213538367682,-0.2501205289868297,Null (training mean)
Meta-grade primary,4,4,R033-E01,Report-033,-0.2027325540540822,-0.2501205289868297,Null (training mean)
Meta-grade primary,4,4,R033-E02,Report-033,-0.2447741126593529,-0.2501205289868297,Null (training mean)
Meta-grade primary,4,4,R033-E03,Report-033,-0.120581028408444,-0.2501205289868297,Null (training mean)
Meta-grade primary,4,4,R033-E04,Report-033,-0.0902441878561468,-0.2501205289868297,Null (training mean)
Meta-grade primary,4,4,R033-E05,Report-033,0.120581028408444,-0.2501205289868297,Null (training mean)
Meta-grade primary,4,4,R033-E06,Report-033,0.0100003333533347,-0.2501205289868297,Null (training mean)
Meta-grade primary,4,4,R033-E07,Report-033,-0.2131713465648597,-0.2501205289868297,Null (training mean)
Meta-grade primary,4,4,R033-E08,Report-033,-0.2447741126593529,-0.2501205289868297,Null (training mean)
Meta-grade primary,4,4,R033-E09,Report-033,-0.1511404359364668,-0.2501205289868297,Null (training mean)
Meta-grade primary,4,4,R033-E10,Report-033,-0.0902441878561468,-0.2501205289868297,Null (training mean)
Meta-grade primary,4,4,R033-E11,Report-033,0.0902441878561468,-0.2501205289868297,Null (training mean)
Meta-grade primary,4,4,R033-E12,Report-033,0.0500417292784912,-0.2501205289868297,Null (training mean)
Meta-grade primary,4,4,R033-E25,Report-033,0.144496864125946,-0.2501205289868297,Null (training mean)
Meta-grade primary,4,4,R033-E26,Report-033,0.1749689925367881,-0.2501205289868297,Null (training mean)
Meta-grade primary,4,4,R034-E01,Report-034,-0.1819826886007058,-0.2501205289868297,Null (training mean)
Meta-grade primary,4,4,R034-E02,Report-034,-0.2661084068736541,-0.2501205289868297,Null (training mean)
Meta-grade primary,4,4,R034-E03,Report-034,-0.2661084068736541,-0.2501205289868297,Null (training mean)
Meta-grade primary,4,4,R034-E04,Report-034,-0.2661084068736541,-0.2501205289868297,Null (training mean)
Meta-grade primary,4,4,R034-E05,Report-034,-0.1613866961315255,-0.2501205289868297,Null (training mean)
Meta-grade primary,4,4,R034-E06,Report-034,-0.2554128118829953,-0.2501205289868297,Null (training mean)
Meta-grade primary,4,4,R034-E07,Report-034,-0.2447741126593529,-0.2501205289868297,Null (training mean)
Meta-grade primary,4,4,R040-E01,Report-040,-0.3205454093019461,-0.2501205289868297,Null (training mean)
Meta-grade primary,4,4,R040-E02,Report-040,-0.2985662636601783,-0.2501205289868297,Null (training mean)
Meta-grade primary,4,4,R044-E01,PSKC,-0.0902441878561468,-0.2501205289868297,Null (training mean)
Meta-grade primary,4,4,R060-E01,Report-060,-0.0347701371385076,-0.2501205289868297,Null (training mean)
Meta-grade primary,4,4,R060-E02,Report-060,0.0225633372390231,-0.2501205289868297,Null (training mean)
Meta-grade primary,4,4,R080-E01,Report-080,-0.2528572088918466,-0.2501205289868297,Null (training mean)
Meta-grade primary,4,4,R004-E01,Report-004,-0.3205454093019461,-0.2329635788966876,Ridge
Meta-grade primary,4,4,R004-E02,Report-004,-0.2447741126593529,-0.24008945633992676,Ridge
Meta-grade primary,4,4,R010-E01,Report-010,-0.2661084068736541,-0.3027574589911078,Ridge
Meta-grade primary,4,4,R012-E01,PSKC,-0.0500417292784912,-0.29916090519631333,Ridge
Meta-grade primary,4,4,R012-E02,PSKC,0.1613866961315255,-0.29917341187974755,Ridge
Meta-grade primary,4,4,R012-E03,PSKC,-0.0400213538367682,-0.29916090519631333,Ridge
Meta-grade primary,4,4,R033-E01,Report-033,-0.2027325540540822,-0.26918938136975945,Ridge
Meta-grade primary,4,4,R033-E02,Report-033,-0.2447741126593529,-0.2620635039265203,Ridge
Meta-grade primary,4,4,R033-E03,Report-033,-0.120581028408444,-0.2705110573509398,Ridge
Meta-grade primary,4,4,R033-E04,Report-033,-0.0902441878561468,-0.22110621781278045,Ridge
Meta-grade primary,4,4,R033-E05,Report-033,0.120581028408444,-0.21398034036954128,Ridge
Meta-grade primary,4,4,R033-E06,Report-033,0.0100003333533347,-0.22242789379396077,Ridge
Meta-grade primary,4,4,R033-E07,Report-033,-0.2131713465648597,-0.26918938136975945,Ridge
Meta-grade primary,4,4,R033-E08,Report-033,-0.2447741126593529,-0.2620635039265203,Ridge
Meta-grade primary,4,4,R033-E09,Report-033,-0.1511404359364668,-0.2705110573509398,Ridge
Meta-grade primary,4,4,R033-E10,Report-033,-0.0902441878561468,-0.22110621781278045,Ridge
Meta-grade primary,4,4,R033-E11,Report-033,0.0902441878561468,-0.21398034036954128,Ridge
Meta-grade primary,4,4,R033-E12,Report-033,0.0500417292784912,-0.22242789379396077,Ridge
Meta-grade primary,4,4,R033-E25,Report-033,0.144496864125946,-0.23449808141677486,Ridge
Meta-grade primary,4,4,R033-E26,Report-033,0.1749689925367881,-0.14481194535495756,Ridge
Meta-grade primary,4,4,R034-E01,Report-034,-0.1819826886007058,-0.2941756579001983,Ridge
Meta-grade primary,4,4,R034-E02,Report-034,-0.2661084068736541,-0.2941756579001983,Ridge
Meta-grade primary,4,4,R034-E03,Report-034,-0.2661084068736541,-0.2941756579001983,Ridge
Meta-grade primary,4,4,R034-E04,Report-034,-0.2661084068736541,-0.2941756579001983,Ridge
Meta-grade primary,4,4,R034-E05,Report-034,-0.1613866961315255,-0.2941756579001983,Ridge
Meta-grade primary,4,4,R034-E06,Report-034,-0.2554128118829953,-0.2941756579001983,Ridge
Meta-grade primary,4,4,R034-E07,Report-034,-0.2447741126593529,-0.2941756579001983,Ridge
Meta-grade primary,4,4,R040-E01,Report-040,-0.3205454093019461,-0.313282278638025,Ridge
Meta-grade primary,4,4,R040-E02,Report-040,-0.2985662636601783,-0.313282278638025,Ridge
Meta-grade primary,4,4,R044-E01,PSKC,-0.0902441878561468,-0.3381094945953946,Ridge
Meta-grade primary,4,4,R060-E01,Report-060,-0.0347701371385076,-0.27326997125705943,Ridge
Meta-grade primary,4,4,R060-E02,Report-060,0.0225633372390231,-0.29646125151586106,Ridge
Meta-grade primary,4,4,R080-E01,Report-080,-0.2528572088918466,-0.2398387443191337,Ridge
Meta-grade primary,4,4,R004-E01,Report-004,-0.3205454093019461,-0.2570701908649497,Elastic net
Meta-grade primary,4,4,R004-E02,Report-004,-0.2447741126593529,-0.2570701908649497,Elastic net
Meta-grade primary,4,4,R010-E01,Report-010,-0.2661084068736541,-0.3081430897263522,Elastic net
Meta-grade primary,4,4,R012-E01,PSKC,-0.0500417292784912,-0.2977427642716535,Elastic net
Meta-grade primary,4,4,R012-E02,PSKC,0.1613866961315255,-0.29968090096144534,Elastic net
Meta-grade primary,4,4,R012-E03,PSKC,-0.0400213538367682,-0.2977427642716535,Elastic net
Meta-grade primary,4,4,R033-E01,Report-033,-0.2027325540540822,-0.26452453978557594,Elastic net
Meta-grade primary,4,4,R033-E02,Report-033,-0.2447741126593529,-0.26452453978557594,Elastic net
Meta-grade primary,4,4,R033-E03,Report-033,-0.120581028408444,-0.26452453978557594,Elastic net
Meta-grade primary,4,4,R033-E04,Report-033,-0.0902441878561468,-0.19976866755192504,Elastic net
Meta-grade primary,4,4,R033-E05,Report-033,0.120581028408444,-0.19976866755192504,Elastic net
Meta-grade primary,4,4,R033-E06,Report-033,0.0100003333533347,-0.19976866755192504,Elastic net
Meta-grade primary,4,4,R033-E07,Report-033,-0.2131713465648597,-0.26452453978557594,Elastic net
Meta-grade primary,4,4,R033-E08,Report-033,-0.2447741126593529,-0.26452453978557594,Elastic net
Meta-grade primary,4,4,R033-E09,Report-033,-0.1511404359364668,-0.26452453978557594,Elastic net
Meta-grade primary,4,4,R033-E10,Report-033,-0.0902441878561468,-0.19976866755192504,Elastic net
Meta-grade primary,4,4,R033-E11,Report-033,0.0902441878561468,-0.19976866755192504,Elastic net
Meta-grade primary,4,4,R033-E12,Report-033,0.0500417292784912,-0.19976866755192504,Elastic net
Meta-grade primary,4,4,R033-E25,Report-033,0.144496864125946,-0.22739851790251597,Elastic net
Meta-grade primary,4,4,R033-E26,Report-033,0.1749689925367881,-0.09194281879059552,Elastic net
Meta-grade primary,4,4,R034-E01,Report-034,-0.1819826886007058,-0.30112697994891663,Elastic net
Meta-grade primary,4,4,R034-E02,Report-034,-0.2661084068736541,-0.30112697994891663,Elastic net
Meta-grade primary,4,4,R034-E03,Report-034,-0.2661084068736541,-0.30112697994891663,Elastic net
Meta-grade primary,4,4,R034-E04,Report-034,-0.2661084068736541,-0.30112697994891663,Elastic net
Meta-grade primary,4,4,R034-E05,Report-034,-0.1613866961315255,-0.30112697994891663,Elastic net
Meta-grade primary,4,4,R034-E06,Report-034,-0.2554128118829953,-0.30112697994891663,Elastic net
Meta-grade primary,4,4,R034-E07,Report-034,-0.2447741126593529,-0.30112697994891663,Elastic net
Meta-grade primary,4,4,R040-E01,Report-040,-0.3205454093019461,-0.346593958600545,Elastic net
Meta-grade primary,4,4,R040-E02,Report-040,-0.2985662636601783,-0.346593958600545,Elastic net
Meta-grade primary,4,4,R044-E01,PSKC,-0.0902441878561468,-0.3271294060366822,Elastic net
Meta-grade primary,4,4,R060-E01,Report-060,-0.0347701371385076,-0.27982326055023987,Elastic net
Meta-grade primary,4,4,R060-E02,Report-060,0.0225633372390231,-0.27836652996270184,Elastic net
Meta-grade primary,4,4,R080-E01,Report-080,-0.2528572088918466,-0.24157802819584673,Elastic net
Meta-grade primary,4,4,R004-E01,Report-004,-0.3205454093019461,-0.24255671260296677,Random forest
Meta-grade primary,4,4,R004-E02,Report-004,-0.2447741126593529,-0.24271395579874044,Random forest
Meta-grade primary,4,4,R010-E01,Report-010,-0.2661084068736541,-0.39868850313004806,Random forest
Meta-grade primary,4,4,R012-E01,PSKC,-0.0500417292784912,-0.3453894436372631,Random forest
Meta-grade primary,4,4,R012-E02,PSKC,0.1613866961315255,-0.3503410451803431,Random forest
Meta-grade primary,4,4,R012-E03,PSKC,-0.0400213538367682,-0.3453894436372631,Random forest
Meta-grade primary,4,4,R033-E01,Report-033,-0.2027325540540822,-0.22625865966839848,Random forest
Meta-grade primary,4,4,R033-E02,Report-033,-0.2447741126593529,-0.2524800330519049,Random forest
Meta-grade primary,4,4,R033-E03,Report-033,-0.120581028408444,-0.2410445192031222,Random forest
Meta-grade primary,4,4,R033-E04,Report-033,-0.0902441878561468,-0.13268381366657772,Random forest
Meta-grade primary,4,4,R033-E05,Report-033,0.120581028408444,-0.12382257872198771,Random forest
Meta-grade primary,4,4,R033-E06,Report-033,0.0100003333533347,-0.1274908637730139,Random forest
Meta-grade primary,4,4,R033-E07,Report-033,-0.2131713465648597,-0.22625865966839848,Random forest
Meta-grade primary,4,4,R033-E08,Report-033,-0.2447741126593529,-0.2524800330519049,Random forest
Meta-grade primary,4,4,R033-E09,Report-033,-0.1511404359364668,-0.2410445192031222,Random forest
Meta-grade primary,4,4,R033-E10,Report-033,-0.0902441878561468,-0.13268381366657772,Random forest
Meta-grade primary,4,4,R033-E11,Report-033,0.0902441878561468,-0.12382257872198771,Random forest
Meta-grade primary,4,4,R033-E12,Report-033,0.0500417292784912,-0.1274908637730139,Random forest
Meta-grade primary,4,4,R033-E25,Report-033,0.144496864125946,-0.23067282181813778,Random forest
Meta-grade primary,4,4,R033-E26,Report-033,0.1749689925367881,-0.0623194006249247,Random forest
Meta-grade primary,4,4,R034-E01,Report-034,-0.1819826886007058,-0.27322394702157415,Random forest
Meta-grade primary,4,4,R034-E02,Report-034,-0.2661084068736541,-0.27322394702157415,Random forest
Meta-grade primary,4,4,R034-E03,Report-034,-0.2661084068736541,-0.27322394702157415,Random forest
Meta-grade primary,4,4,R034-E04,Report-034,-0.2661084068736541,-0.27322394702157415,Random forest
Meta-grade primary,4,4,R034-E05,Report-034,-0.1613866961315255,-0.27322394702157415,Random forest
Meta-grade primary,4,4,R034-E06,Report-034,-0.2554128118829953,-0.27322394702157415,Random forest
Meta-grade primary,4,4,R034-E07,Report-034,-0.2447741126593529,-0.27322394702157415,Random forest
Meta-grade primary,4,4,R040-E01,Report-040,-0.3205454093019461,-0.3311138632217771,Random forest
Meta-grade primary,4,4,R040-E02,Report-040,-0.2985662636601783,-0.3311138632217771,Random forest
Meta-grade primary,4,4,R044-E01,PSKC,-0.0902441878561468,-0.3549116736667235,Random forest
Meta-grade primary,4,4,R060-E01,Report-060,-0.0347701371385076,-0.3124376993758324,Random forest
Meta-grade primary,4,4,R060-E02,Report-060,0.0225633372390231,-0.3365423080454186,Random forest
Meta-grade primary,4,4,R080-E01,Report-080,-0.2528572088918466,-0.3081101269826965,Random forest
Meta-grade primary,4,4,R004-E01,Report-004,-0.3205454093019461,-0.2554640470080807,Gradient boosting
Meta-grade primary,4,4,R004-E02,Report-004,-0.2447741126593529,-0.26422241041005406,Gradient boosting
Meta-grade primary,4,4,R010-E01,Report-010,-0.2661084068736541,-0.4000980573677461,Gradient boosting
Meta-grade primary,4,4,R012-E01,PSKC,-0.0500417292784912,-0.360270152177109,Gradient boosting
Meta-grade primary,4,4,R012-E02,PSKC,0.1613866961315255,-0.360270152177109,Gradient boosting
Meta-grade primary,4,4,R012-E03,PSKC,-0.0400213538367682,-0.360270152177109,Gradient boosting
Meta-grade primary,4,4,R033-E01,Report-033,-0.2027325540540822,-0.2508196184836994,Gradient boosting
Meta-grade primary,4,4,R033-E02,Report-033,-0.2447741126593529,-0.2508196184836994,Gradient boosting
Meta-grade primary,4,4,R033-E03,Report-033,-0.120581028408444,-0.2508196184836994,Gradient boosting
Meta-grade primary,4,4,R033-E04,Report-033,-0.0902441878561468,-0.16594591463394784,Gradient boosting
Meta-grade primary,4,4,R033-E05,Report-033,0.120581028408444,-0.16100203613758884,Gradient boosting
Meta-grade primary,4,4,R033-E06,Report-033,0.0100003333533347,-0.16300488868504054,Gradient boosting
Meta-grade primary,4,4,R033-E07,Report-033,-0.2131713465648597,-0.2508196184836994,Gradient boosting
Meta-grade primary,4,4,R033-E08,Report-033,-0.2447741126593529,-0.2508196184836994,Gradient boosting
Meta-grade primary,4,4,R033-E09,Report-033,-0.1511404359364668,-0.2508196184836994,Gradient boosting
Meta-grade primary,4,4,R033-E10,Report-033,-0.0902441878561468,-0.16594591463394784,Gradient boosting
Meta-grade primary,4,4,R033-E11,Report-033,0.0902441878561468,-0.16100203613758884,Gradient boosting
Meta-grade primary,4,4,R033-E12,Report-033,0.0500417292784912,-0.16300488868504054,Gradient boosting
Meta-grade primary,4,4,R033-E25,Report-033,0.144496864125946,-0.2594872501982474,Gradient boosting
Meta-grade primary,4,4,R033-E26,Report-033,0.1749689925367881,-0.12100638125954738,Gradient boosting
Meta-grade primary,4,4,R034-E01,Report-034,-0.1819826886007058,-0.27825057743325304,Gradient boosting
Meta-grade primary,4,4,R034-E02,Report-034,-0.2661084068736541,-0.27825057743325304,Gradient boosting
Meta-grade primary,4,4,R034-E03,Report-034,-0.2661084068736541,-0.27825057743325304,Gradient boosting
Meta-grade primary,4,4,R034-E04,Report-034,-0.2661084068736541,-0.27825057743325304,Gradient boosting
Meta-grade primary,4,4,R034-E05,Report-034,-0.1613866961315255,-0.27825057743325304,Gradient boosting
Meta-grade primary,4,4,R034-E06,Report-034,-0.2554128118829953,-0.27825057743325304,Gradient boosting
Meta-grade primary,4,4,R034-E07,Report-034,-0.2447741126593529,-0.27825057743325304,Gradient boosting
Meta-grade primary,4,4,R040-E01,Report-040,-0.3205454093019461,-0.3546441700102591,Gradient boosting
Meta-grade primary,4,4,R040-E02,Report-040,-0.2985662636601783,-0.3546441700102591,Gradient boosting
Meta-grade primary,4,4,R044-E01,PSKC,-0.0902441878561468,-0.39619502032892867,Gradient boosting
Meta-grade primary,4,4,R060-E01,Report-060,-0.0347701371385076,-0.4026101377580014,Gradient boosting
Meta-grade primary,4,4,R060-E02,Report-060,0.0225633372390231,-0.4169142332915699,Gradient boosting
Meta-grade primary,4,4,R080-E01,Report-080,-0.2528572088918466,-0.31635117499735915,Gradient boosting
Meta-grade primary,4,5,R020-E01,Report-020,-0.0904335773173084,-0.2566419675102952,Null (training mean)
Meta-grade primary,4,5,R032-E01,Report-032,-0.1923371692195453,-0.2566419675102952,Null (training mean)
Meta-grade primary,4,5,R032-E02,Report-032,-0.1307398500288784,-0.2566419675102952,Null (training mean)
Meta-grade primary,4,5,R047-E01,Report-047,-0.1793019968128792,-0.2566419675102952,Null (training mean)
Meta-grade primary,4,5,R054-E01,ABCD,0.0193634892783448,-0.2566419675102952,Null (training mean)
Meta-grade primary,4,5,R054-E02,ABCD,0.2397551747487654,-0.2566419675102952,Null (training mean)
Meta-grade primary,4,5,R054-E03,ABCD,0.07289783189626,-0.2566419675102952,Null (training mean)
Meta-grade primary,4,5,R054-E04,ABCD,0.07289783189626,-0.2566419675102952,Null (training mean)
Meta-grade primary,4,5,R107-E01,Report-107,-0.3202138706966537,-0.2566419675102952,Null (training mean)
Meta-grade primary,4,5,R107-E02,Report-107,-0.1479107917177318,-0.2566419675102952,Null (training mean)
Meta-grade primary,4,5,R107-E03,Report-107,-0.1479107917177318,-0.2566419675102952,Null (training mean)
Meta-grade primary,4,5,R125-E01,Report-125,-0.2768638226551,-0.2566419675102952,Null (training mean)
Meta-grade primary,4,5,R125-E02,Report-125,-0.4000596500560566,-0.2566419675102952,Null (training mean)
Meta-grade primary,4,5,R146-E01,ABCD,0.042331853503913,-0.2566419675102952,Null (training mean)
Meta-grade primary,4,5,R146-E02,ABCD,0.0428847693265876,-0.2566419675102952,Null (training mean)
Meta-grade primary,4,5,R146-E03,ABCD,0.0435557950576516,-0.2566419675102952,Null (training mean)
Meta-grade primary,4,5,R146-E04,ABCD,0.044667269272793,-0.2566419675102952,Null (training mean)
Meta-grade primary,4,5,R146-E05,ABCD,0.06973403309124,-0.2566419675102952,Null (training mean)
Meta-grade primary,4,5,R146-E06,ABCD,0.0788945153409791,-0.2566419675102952,Null (training mean)
Meta-grade primary,4,5,R146-E07,ABCD,0.0609555888092744,-0.2566419675102952,Null (training mean)
Meta-grade primary,4,5,R146-E08,ABCD,0.0663784704358779,-0.2566419675102952,Null (training mean)
Meta-grade primary,4,5,R146-E09,ABCD,0.0677611969331547,-0.2566419675102952,Null (training mean)
Meta-grade primary,4,5,R146-E10,ABCD,0.0803465762235214,-0.2566419675102952,Null (training mean)
Meta-grade primary,4,5,R146-E11,ABCD,0.0492903581043352,-0.2566419675102952,Null (training mean)
Meta-grade primary,4,5,R146-E12,ABCD,0.0548953988142855,-0.2566419675102952,Null (training mean)
Meta-grade primary,4,5,R146-E13,ABCD,0.0640763352129479,-0.2566419675102952,Null (training mean)
Meta-grade primary,4,5,R146-E14,ABCD,0.0911381831856409,-0.2566419675102952,Null (training mean)
Meta-grade primary,4,5,R146-E15,ABCD,0.0779265404379476,-0.2566419675102952,Null (training mean)
Meta-grade primary,4,5,R151-E01,All Our Families,-0.0805913395179724,-0.2566419675102952,Null (training mean)
Meta-grade primary,4,5,R151-E02,All Our Families,-0.1187477867055022,-0.2566419675102952,Null (training mean)
Meta-grade primary,4,5,R151-E03,All Our Families,-0.1441492679971068,-0.2566419675102952,Null (training mean)
Meta-grade primary,4,5,R151-E04,All Our Families,-0.0361119842872121,-0.2566419675102952,Null (training mean)
Meta-grade primary,4,5,R151-E05,All Our Families,-0.0886707286544282,-0.2566419675102952,Null (training mean)
Meta-grade primary,4,5,R020-E01,Report-020,-0.0904335773173084,-0.19468415597122557,Ridge
Meta-grade primary,4,5,R032-E01,Report-032,-0.1923371692195453,-0.22768182366959042,Ridge
Meta-grade primary,4,5,R032-E02,Report-032,-0.1307398500288784,-0.22768182366959042,Ridge
Meta-grade primary,4,5,R047-E01,Report-047,-0.1793019968128792,-0.18544246624325708,Ridge
Meta-grade primary,4,5,R054-E01,ABCD,0.0193634892783448,-0.12906313795933455,Ridge
Meta-grade primary,4,5,R054-E02,ABCD,0.2397551747487654,-0.12906313795933455,Ridge
Meta-grade primary,4,5,R054-E03,ABCD,0.07289783189626,-0.12951602609086488,Ridge
Meta-grade primary,4,5,R054-E04,ABCD,0.07289783189626,-0.12951602609086488,Ridge
Meta-grade primary,4,5,R107-E01,Report-107,-0.3202138706966537,-0.27435164327857586,Ridge
Meta-grade primary,4,5,R107-E02,Report-107,-0.1479107917177318,-0.29186837580158415,Ridge
Meta-grade primary,4,5,R107-E03,Report-107,-0.1479107917177318,-0.29186837580158415,Ridge
Meta-grade primary,4,5,R125-E01,Report-125,-0.2768638226551,-0.20703985074064013,Ridge
Meta-grade primary,4,5,R125-E02,Report-125,-0.4000596500560566,-0.2098088139187123,Ridge
Meta-grade primary,4,5,R146-E01,ABCD,0.042331853503913,-0.12550893879071096,Ridge
Meta-grade primary,4,5,R146-E02,ABCD,0.0428847693265876,-0.13580812388056596,Ridge
Meta-grade primary,4,5,R146-E03,ABCD,0.0435557950576516,-0.14180584924686543,Ridge
Meta-grade primary,4,5,R146-E04,ABCD,0.044667269272793,-0.1173396909429513,Ridge
Meta-grade primary,4,5,R146-E05,ABCD,0.06973403309124,-0.12763887603280633,Ridge
Meta-grade primary,4,5,R146-E06,ABCD,0.0788945153409791,-0.13363660139910583,Ridge
Meta-grade primary,4,5,R146-E07,ABCD,0.0609555888092744,-0.13297378406777188,Ridge
Meta-grade primary,4,5,R146-E08,ABCD,0.0663784704358779,-0.12163391103617097,Ridge
Meta-grade primary,4,5,R146-E09,ABCD,0.0677611969331547,-0.13203550441429118,Ridge
Meta-grade primary,4,5,R146-E10,ABCD,0.0803465762235214,-0.13808758906293989,Ridge
Meta-grade primary,4,5,R146-E11,ABCD,0.0492903581043352,-0.1377880808944697,Ridge
Meta-grade primary,4,5,R146-E12,ABCD,0.0548953988142855,-0.12163391103617097,Ridge
Meta-grade primary,4,5,R146-E13,ABCD,0.0640763352129479,-0.13203550441429118,Ridge
Meta-grade primary,4,5,R146-E14,ABCD,0.0911381831856409,-0.13808758906293989,Ridge
Meta-grade primary,4,5,R146-E15,ABCD,0.0779265404379476,-0.1377880808944697,Ridge
Meta-grade primary,4,5,R151-E01,All Our Families,-0.0805913395179724,-0.15831832534274887,Ridge
Meta-grade primary,4,5,R151-E02,All Our Families,-0.1187477867055022,-0.11896065628533505,Ridge
Meta-grade primary,4,5,R151-E03,All Our Families,-0.1441492679971068,-0.11896065628533505,Ridge
Meta-grade primary,4,5,R151-E04,All Our Families,-0.0361119842872121,-0.11896065628533505,Ridge
Meta-grade primary,4,5,R151-E05,All Our Families,-0.0886707286544282,-0.11896065628533505,Ridge
Meta-grade primary,4,5,R020-E01,Report-020,-0.0904335773173084,-0.2566419675102952,Elastic net
Meta-grade primary,4,5,R032-E01,Report-032,-0.1923371692195453,-0.2566419675102952,Elastic net
Meta-grade primary,4,5,R032-E02,Report-032,-0.1307398500288784,-0.2566419675102952,Elastic net
Meta-grade primary,4,5,R047-E01,Report-047,-0.1793019968128792,-0.2566419675102952,Elastic net
Meta-grade primary,4,5,R054-E01,ABCD,0.0193634892783448,-0.2566419675102952,Elastic net
Meta-grade primary,4,5,R054-E02,ABCD,0.2397551747487654,-0.2566419675102952,Elastic net
Meta-grade primary,4,5,R054-E03,ABCD,0.07289783189626,-0.2566419675102952,Elastic net
Meta-grade primary,4,5,R054-E04,ABCD,0.07289783189626,-0.2566419675102952,Elastic net
Meta-grade primary,4,5,R107-E01,Report-107,-0.3202138706966537,-0.2566419675102952,Elastic net
Meta-grade primary,4,5,R107-E02,Report-107,-0.1479107917177318,-0.2566419675102952,Elastic net
Meta-grade primary,4,5,R107-E03,Report-107,-0.1479107917177318,-0.2566419675102952,Elastic net
Meta-grade primary,4,5,R125-E01,Report-125,-0.2768638226551,-0.2566419675102952,Elastic net
Meta-grade primary,4,5,R125-E02,Report-125,-0.4000596500560566,-0.2566419675102952,Elastic net
Meta-grade primary,4,5,R146-E01,ABCD,0.042331853503913,-0.2566419675102952,Elastic net
Meta-grade primary,4,5,R146-E02,ABCD,0.0428847693265876,-0.2566419675102952,Elastic net
Meta-grade primary,4,5,R146-E03,ABCD,0.0435557950576516,-0.2566419675102952,Elastic net
Meta-grade primary,4,5,R146-E04,ABCD,0.044667269272793,-0.2566419675102952,Elastic net
Meta-grade primary,4,5,R146-E05,ABCD,0.06973403309124,-0.2566419675102952,Elastic net
Meta-grade primary,4,5,R146-E06,ABCD,0.0788945153409791,-0.2566419675102952,Elastic net
Meta-grade primary,4,5,R146-E07,ABCD,0.0609555888092744,-0.2566419675102952,Elastic net
Meta-grade primary,4,5,R146-E08,ABCD,0.0663784704358779,-0.2566419675102952,Elastic net
Meta-grade primary,4,5,R146-E09,ABCD,0.0677611969331547,-0.2566419675102952,Elastic net
Meta-grade primary,4,5,R146-E10,ABCD,0.0803465762235214,-0.2566419675102952,Elastic net
Meta-grade primary,4,5,R146-E11,ABCD,0.0492903581043352,-0.2566419675102952,Elastic net
Meta-grade primary,4,5,R146-E12,ABCD,0.0548953988142855,-0.2566419675102952,Elastic net
Meta-grade primary,4,5,R146-E13,ABCD,0.0640763352129479,-0.2566419675102952,Elastic net
Meta-grade primary,4,5,R146-E14,ABCD,0.0911381831856409,-0.2566419675102952,Elastic net
Meta-grade primary,4,5,R146-E15,ABCD,0.0779265404379476,-0.2566419675102952,Elastic net
Meta-grade primary,4,5,R151-E01,All Our Families,-0.0805913395179724,-0.2566419675102952,Elastic net
Meta-grade primary,4,5,R151-E02,All Our Families,-0.1187477867055022,-0.2566419675102952,Elastic net
Meta-grade primary,4,5,R151-E03,All Our Families,-0.1441492679971068,-0.2566419675102952,Elastic net
Meta-grade primary,4,5,R151-E04,All Our Families,-0.0361119842872121,-0.2566419675102952,Elastic net
Meta-grade primary,4,5,R151-E05,All Our Families,-0.0886707286544282,-0.2566419675102952,Elastic net
Meta-grade primary,4,5,R020-E01,Report-020,-0.0904335773173084,-0.20939999269140164,Random forest
Meta-grade primary,4,5,R032-E01,Report-032,-0.1923371692195453,-0.16300112863781732,Random forest
Meta-grade primary,4,5,R032-E02,Report-032,-0.1307398500288784,-0.16300112863781732,Random forest
Meta-grade primary,4,5,R047-E01,Report-047,-0.1793019968128792,-0.22230034121338868,Random forest
Meta-grade primary,4,5,R054-E01,ABCD,0.0193634892783448,-0.1461271561756912,Random forest
Meta-grade primary,4,5,R054-E02,ABCD,0.2397551747487654,-0.1461271561756912,Random forest
Meta-grade primary,4,5,R054-E03,ABCD,0.07289783189626,-0.14649708986214477,Random forest
Meta-grade primary,4,5,R054-E04,ABCD,0.07289783189626,-0.14649708986214477,Random forest
Meta-grade primary,4,5,R107-E01,Report-107,-0.3202138706966537,-0.17014534928297262,Random forest
Meta-grade primary,4,5,R107-E02,Report-107,-0.1479107917177318,-0.18067060985730943,Random forest
Meta-grade primary,4,5,R107-E03,Report-107,-0.1479107917177318,-0.18067060985730943,Random forest
Meta-grade primary,4,5,R125-E01,Report-125,-0.2768638226551,-0.15072140311806273,Random forest
Meta-grade primary,4,5,R125-E02,Report-125,-0.4000596500560566,-0.16041962595232823,Random forest
Meta-grade primary,4,5,R146-E01,ABCD,0.042331853503913,-0.1688027274715494,Random forest
Meta-grade primary,4,5,R146-E02,ABCD,0.0428847693265876,-0.1688027274715494,Random forest
Meta-grade primary,4,5,R146-E03,ABCD,0.0435557950576516,-0.1688027274715494,Random forest
Meta-grade primary,4,5,R146-E04,ABCD,0.044667269272793,-0.16745720711282655,Random forest
Meta-grade primary,4,5,R146-E05,ABCD,0.06973403309124,-0.16745720711282655,Random forest
Meta-grade primary,4,5,R146-E06,ABCD,0.0788945153409791,-0.16745720711282655,Random forest
Meta-grade primary,4,5,R146-E07,ABCD,0.0609555888092744,-0.16745720711282655,Random forest
Meta-grade primary,4,5,R146-E08,ABCD,0.0663784704358779,-0.16621874793113361,Random forest
Meta-grade primary,4,5,R146-E09,ABCD,0.0677611969331547,-0.16621874793113361,Random forest
Meta-grade primary,4,5,R146-E10,ABCD,0.0803465762235214,-0.16621874793113361,Random forest
Meta-grade primary,4,5,R146-E11,ABCD,0.0492903581043352,-0.16621874793113361,Random forest
Meta-grade primary,4,5,R146-E12,ABCD,0.0548953988142855,-0.16621874793113361,Random forest
Meta-grade primary,4,5,R146-E13,ABCD,0.0640763352129479,-0.16621874793113361,Random forest
Meta-grade primary,4,5,R146-E14,ABCD,0.0911381831856409,-0.16621874793113361,Random forest
Meta-grade primary,4,5,R146-E15,ABCD,0.0779265404379476,-0.16621874793113361,Random forest
Meta-grade primary,4,5,R151-E01,All Our Families,-0.0805913395179724,-0.16434777361291147,Random forest
Meta-grade primary,4,5,R151-E02,All Our Families,-0.1187477867055022,-0.09626738994508093,Random forest
Meta-grade primary,4,5,R151-E03,All Our Families,-0.1441492679971068,-0.09626738994508093,Random forest
Meta-grade primary,4,5,R151-E04,All Our Families,-0.0361119842872121,-0.09626738994508093,Random forest
Meta-grade primary,4,5,R151-E05,All Our Families,-0.0886707286544282,-0.09626738994508093,Random forest
Meta-grade primary,4,5,R020-E01,Report-020,-0.0904335773173084,-0.21070686400060873,Gradient boosting
Meta-grade primary,4,5,R032-E01,Report-032,-0.1923371692195453,-0.13989442332298263,Gradient boosting
Meta-grade primary,4,5,R032-E02,Report-032,-0.1307398500288784,-0.13989442332298263,Gradient boosting
Meta-grade primary,4,5,R047-E01,Report-047,-0.1793019968128792,-0.2467151078395815,Gradient boosting
Meta-grade primary,4,5,R054-E01,ABCD,0.0193634892783448,-0.024766378925268784,Gradient boosting
Meta-grade primary,4,5,R054-E02,ABCD,0.2397551747487654,-0.024766378925268784,Gradient boosting
Meta-grade primary,4,5,R054-E03,ABCD,0.07289783189626,-0.043086553425832556,Gradient boosting
Meta-grade primary,4,5,R054-E04,ABCD,0.07289783189626,-0.043086553425832556,Gradient boosting
Meta-grade primary,4,5,R107-E01,Report-107,-0.3202138706966537,-0.15187713229182023,Gradient boosting
Meta-grade primary,4,5,R107-E02,Report-107,-0.1479107917177318,-0.14161228229226352,Gradient boosting
Meta-grade primary,4,5,R107-E03,Report-107,-0.1479107917177318,-0.14161228229226352,Gradient boosting
Meta-grade primary,4,5,R125-E01,Report-125,-0.2768638226551,-0.01309476274650877,Gradient boosting
Meta-grade primary,4,5,R125-E02,Report-125,-0.4000596500560566,-0.022919243161861648,Gradient boosting
Meta-grade primary,4,5,R146-E01,ABCD,0.042331853503913,-0.04860507616627678,Gradient boosting
Meta-grade primary,4,5,R146-E02,ABCD,0.0428847693265876,-0.04860507616627678,Gradient boosting
Meta-grade primary,4,5,R146-E03,ABCD,0.0435557950576516,-0.04860507616627678,Gradient boosting
Meta-grade primary,4,5,R146-E04,ABCD,0.044667269272793,-0.03372392376687001,Gradient boosting
Meta-grade primary,4,5,R146-E05,ABCD,0.06973403309124,-0.03372392376687001,Gradient boosting
Meta-grade primary,4,5,R146-E06,ABCD,0.0788945153409791,-0.03372392376687001,Gradient boosting
Meta-grade primary,4,5,R146-E07,ABCD,0.0609555888092744,-0.03372392376687001,Gradient boosting
Meta-grade primary,4,5,R146-E08,ABCD,0.0663784704358779,-0.05286100508537292,Gradient boosting
Meta-grade primary,4,5,R146-E09,ABCD,0.0677611969331547,-0.05286100508537292,Gradient boosting
Meta-grade primary,4,5,R146-E10,ABCD,0.0803465762235214,-0.05286100508537292,Gradient boosting
Meta-grade primary,4,5,R146-E11,ABCD,0.0492903581043352,-0.05286100508537292,Gradient boosting
Meta-grade primary,4,5,R146-E12,ABCD,0.0548953988142855,-0.05286100508537292,Gradient boosting
Meta-grade primary,4,5,R146-E13,ABCD,0.0640763352129479,-0.05286100508537292,Gradient boosting
Meta-grade primary,4,5,R146-E14,ABCD,0.0911381831856409,-0.05286100508537292,Gradient boosting
Meta-grade primary,4,5,R146-E15,ABCD,0.0779265404379476,-0.05286100508537292,Gradient boosting
Meta-grade primary,4,5,R151-E01,All Our Families,-0.0805913395179724,-0.11522506012058324,Gradient boosting
Meta-grade primary,4,5,R151-E02,All Our Families,-0.1187477867055022,-0.10013105501757333,Gradient boosting
Meta-grade primary,4,5,R151-E03,All Our Families,-0.1441492679971068,-0.10013105501757333,Gradient boosting
Meta-grade primary,4,5,R151-E04,All Our Families,-0.0361119842872121,-0.10013105501757333,Gradient boosting
Meta-grade primary,4,5,R151-E05,All Our Families,-0.0886707286544282,-0.10013105501757333,Gradient boosting
Meta-grade primary,5,1,R005-E01,Report-005,-0.3394653523437398,-0.24316846141937667,Null (training mean)
Meta-grade primary,5,1,R005-E02,Report-005,-0.3073232466191121,-0.24316846141937667,Null (training mean)
Meta-grade primary,5,1,R005-E03,Report-005,-0.2985662636601783,-0.24316846141937667,Null (training mean)
Meta-grade primary,5,1,R005-E04,Report-005,-0.2226054898207927,-0.24316846141937667,Null (training mean)
Meta-grade primary,5,1,R005-E05,Report-005,-0.1881906067775652,-0.24316846141937667,Null (training mean)
Meta-grade primary,5,1,R017-E01,Report-017,-0.2554128118829953,-0.24316846141937667,Null (training mean)
Meta-grade primary,5,1,R017-E02,Report-017,-0.2876820724517809,-0.24316846141937667,Null (training mean)
Meta-grade primary,5,1,R026-E01,Report-026,-0.2405339244255578,-0.24316846141937667,Null (training mean)
Meta-grade primary,5,1,R026-E02,Report-026,0.0310099360630968,-0.24316846141937667,Null (training mean)
Meta-grade primary,5,1,R054-E01,ABCD,0.0193634892783448,-0.24316846141937667,Null (training mean)
Meta-grade primary,5,1,R054-E02,ABCD,0.2397551747487654,-0.24316846141937667,Null (training mean)
Meta-grade primary,5,1,R054-E03,ABCD,0.07289783189626,-0.24316846141937667,Null (training mean)
Meta-grade primary,5,1,R054-E04,ABCD,0.07289783189626,-0.24316846141937667,Null (training mean)
Meta-grade primary,5,1,R089-E01,Report-089,-0.3095196042031117,-0.24316846141937667,Null (training mean)
Meta-grade primary,5,1,R107-E01,Report-107,-0.3202138706966537,-0.24316846141937667,Null (training mean)
Meta-grade primary,5,1,R107-E02,Report-107,-0.1479107917177318,-0.24316846141937667,Null (training mean)
Meta-grade primary,5,1,R107-E03,Report-107,-0.1479107917177318,-0.24316846141937667,Null (training mean)
Meta-grade primary,5,1,R146-E01,ABCD,0.042331853503913,-0.24316846141937667,Null (training mean)
Meta-grade primary,5,1,R146-E02,ABCD,0.0428847693265876,-0.24316846141937667,Null (training mean)
Meta-grade primary,5,1,R146-E03,ABCD,0.0435557950576516,-0.24316846141937667,Null (training mean)
Meta-grade primary,5,1,R146-E04,ABCD,0.044667269272793,-0.24316846141937667,Null (training mean)
Meta-grade primary,5,1,R146-E05,ABCD,0.06973403309124,-0.24316846141937667,Null (training mean)
Meta-grade primary,5,1,R146-E06,ABCD,0.0788945153409791,-0.24316846141937667,Null (training mean)
Meta-grade primary,5,1,R146-E07,ABCD,0.0609555888092744,-0.24316846141937667,Null (training mean)
Meta-grade primary,5,1,R146-E08,ABCD,0.0663784704358779,-0.24316846141937667,Null (training mean)
Meta-grade primary,5,1,R146-E09,ABCD,0.0677611969331547,-0.24316846141937667,Null (training mean)
Meta-grade primary,5,1,R146-E10,ABCD,0.0803465762235214,-0.24316846141937667,Null (training mean)
Meta-grade primary,5,1,R146-E11,ABCD,0.0492903581043352,-0.24316846141937667,Null (training mean)
Meta-grade primary,5,1,R146-E12,ABCD,0.0548953988142855,-0.24316846141937667,Null (training mean)
Meta-grade primary,5,1,R146-E13,ABCD,0.0640763352129479,-0.24316846141937667,Null (training mean)
Meta-grade primary,5,1,R146-E14,ABCD,0.0911381831856409,-0.24316846141937667,Null (training mean)
Meta-grade primary,5,1,R146-E15,ABCD,0.0779265404379476,-0.24316846141937667,Null (training mean)
Meta-grade primary,5,1,R005-E01,Report-005,-0.3394653523437398,-0.24680278301753944,Ridge
Meta-grade primary,5,1,R005-E02,Report-005,-0.3073232466191121,-0.2516212303895911,Ridge
Meta-grade primary,5,1,R005-E03,Report-005,-0.2985662636601783,-0.25358034107628535,Ridge
Meta-grade primary,5,1,R005-E04,Report-005,-0.2226054898207927,-0.25654328053262526,Ridge
Meta-grade primary,5,1,R005-E05,Report-005,-0.1881906067775652,-0.25654328053262526,Ridge
Meta-grade primary,5,1,R017-E01,Report-017,-0.2554128118829953,-0.23524462488871514,Ridge
Meta-grade primary,5,1,R017-E02,Report-017,-0.2876820724517809,-0.22550412737362935,Ridge
Meta-grade primary,5,1,R026-E01,Report-026,-0.2405339244255578,-0.2631368978976891,Ridge
Meta-grade primary,5,1,R026-E02,Report-026,0.0310099360630968,-0.2974263985038855,Ridge
Meta-grade primary,5,1,R054-E01,ABCD,0.0193634892783448,-0.13204626654439627,Ridge
Meta-grade primary,5,1,R054-E02,ABCD,0.2397551747487654,-0.13204626654439627,Ridge
Meta-grade primary,5,1,R054-E03,ABCD,0.07289783189626,-0.13961436973002955,Ridge
Meta-grade primary,5,1,R054-E04,ABCD,0.07289783189626,-0.13961436973002955,Ridge
Meta-grade primary,5,1,R089-E01,Report-089,-0.3095196042031117,-0.27367456706971743,Ridge
Meta-grade primary,5,1,R107-E01,Report-107,-0.3202138706966537,-0.2771383712967586,Ridge
Meta-grade primary,5,1,R107-E02,Report-107,-0.1479107917177318,-0.2944464515325627,Ridge
Meta-grade primary,5,1,R107-E03,Report-107,-0.1479107917177318,-0.2944464515325627,Ridge
Meta-grade primary,5,1,R146-E01,ABCD,0.042331853503913,-0.1207426340986548,Ridge
Meta-grade primary,5,1,R146-E02,ABCD,0.0428847693265876,-0.13091879756969071,Ridge
Meta-grade primary,5,1,R146-E03,ABCD,0.0435557950576516,-0.13684584487815862,Ridge
Meta-grade primary,5,1,R146-E04,ABCD,0.044667269272793,-0.1159241867266031,Ridge
Meta-grade primary,5,1,R146-E05,ABCD,0.06973403309124,-0.12610035019763904,Ridge
Meta-grade primary,5,1,R146-E06,ABCD,0.0788945153409791,-0.13202739750610695,Ridge
Meta-grade primary,5,1,R146-E07,ABCD,0.0609555888092744,-0.13137167282766463,Ridge
Meta-grade primary,5,1,R146-E08,ABCD,0.0663784704358779,-0.1272904102691158,Ridge
Meta-grade primary,5,1,R146-E09,ABCD,0.0677611969331547,-0.13756776218199027,Ridge
Meta-grade primary,5,1,R146-E10,ABCD,0.0803465762235214,-0.14354852126685402,Ridge
Meta-grade primary,5,1,R146-E11,ABCD,0.0492903581043352,-0.1432517781583471,Ridge
Meta-grade primary,5,1,R146-E12,ABCD,0.0548953988142855,-0.1272904102691158,Ridge
Meta-grade primary,5,1,R146-E13,ABCD,0.0640763352129479,-0.13756776218199027,Ridge
Meta-grade primary,5,1,R146-E14,ABCD,0.0911381831856409,-0.14354852126685402,Ridge
Meta-grade primary,5,1,R146-E15,ABCD,0.0779265404379476,-0.1432517781583471,Ridge
Meta-grade primary,5,1,R005-E01,Report-005,-0.3394653523437398,-0.24316846141937667,Elastic net
Meta-grade primary,5,1,R005-E02,Report-005,-0.3073232466191121,-0.24316846141937667,Elastic net
Meta-grade primary,5,1,R005-E03,Report-005,-0.2985662636601783,-0.24316846141937667,Elastic net
Meta-grade primary,5,1,R005-E04,Report-005,-0.2226054898207927,-0.24316846141937667,Elastic net
Meta-grade primary,5,1,R005-E05,Report-005,-0.1881906067775652,-0.24316846141937667,Elastic net
Meta-grade primary,5,1,R017-E01,Report-017,-0.2554128118829953,-0.24316846141937667,Elastic net
Meta-grade primary,5,1,R017-E02,Report-017,-0.2876820724517809,-0.24316846141937667,Elastic net
Meta-grade primary,5,1,R026-E01,Report-026,-0.2405339244255578,-0.24316846141937667,Elastic net
Meta-grade primary,5,1,R026-E02,Report-026,0.0310099360630968,-0.24316846141937667,Elastic net
Meta-grade primary,5,1,R054-E01,ABCD,0.0193634892783448,-0.24316846141937667,Elastic net
Meta-grade primary,5,1,R054-E02,ABCD,0.2397551747487654,-0.24316846141937667,Elastic net
Meta-grade primary,5,1,R054-E03,ABCD,0.07289783189626,-0.24316846141937667,Elastic net
Meta-grade primary,5,1,R054-E04,ABCD,0.07289783189626,-0.24316846141937667,Elastic net
Meta-grade primary,5,1,R089-E01,Report-089,-0.3095196042031117,-0.24316846141937667,Elastic net
Meta-grade primary,5,1,R107-E01,Report-107,-0.3202138706966537,-0.24316846141937667,Elastic net
Meta-grade primary,5,1,R107-E02,Report-107,-0.1479107917177318,-0.24316846141937667,Elastic net
Meta-grade primary,5,1,R107-E03,Report-107,-0.1479107917177318,-0.24316846141937667,Elastic net
Meta-grade primary,5,1,R146-E01,ABCD,0.042331853503913,-0.24316846141937667,Elastic net
Meta-grade primary,5,1,R146-E02,ABCD,0.0428847693265876,-0.24316846141937667,Elastic net
Meta-grade primary,5,1,R146-E03,ABCD,0.0435557950576516,-0.24316846141937667,Elastic net
Meta-grade primary,5,1,R146-E04,ABCD,0.044667269272793,-0.24316846141937667,Elastic net
Meta-grade primary,5,1,R146-E05,ABCD,0.06973403309124,-0.24316846141937667,Elastic net
Meta-grade primary,5,1,R146-E06,ABCD,0.0788945153409791,-0.24316846141937667,Elastic net
Meta-grade primary,5,1,R146-E07,ABCD,0.0609555888092744,-0.24316846141937667,Elastic net
Meta-grade primary,5,1,R146-E08,ABCD,0.0663784704358779,-0.24316846141937667,Elastic net
Meta-grade primary,5,1,R146-E09,ABCD,0.0677611969331547,-0.24316846141937667,Elastic net
Meta-grade primary,5,1,R146-E10,ABCD,0.0803465762235214,-0.24316846141937667,Elastic net
Meta-grade primary,5,1,R146-E11,ABCD,0.0492903581043352,-0.24316846141937667,Elastic net
Meta-grade primary,5,1,R146-E12,ABCD,0.0548953988142855,-0.24316846141937667,Elastic net
Meta-grade primary,5,1,R146-E13,ABCD,0.0640763352129479,-0.24316846141937667,Elastic net
Meta-grade primary,5,1,R146-E14,ABCD,0.0911381831856409,-0.24316846141937667,Elastic net
Meta-grade primary,5,1,R146-E15,ABCD,0.0779265404379476,-0.24316846141937667,Elastic net
Meta-grade primary,5,1,R005-E01,Report-005,-0.3394653523437398,-0.27439499923389454,Random forest
Meta-grade primary,5,1,R005-E02,Report-005,-0.3073232466191121,-0.2776918248874897,Random forest
Meta-grade primary,5,1,R005-E03,Report-005,-0.2985662636601783,-0.279200542912801,Random forest
Meta-grade primary,5,1,R005-E04,Report-005,-0.2226054898207927,-0.2804543520073293,Random forest
Meta-grade primary,5,1,R005-E05,Report-005,-0.1881906067775652,-0.2804543520073293,Random forest
Meta-grade primary,5,1,R017-E01,Report-017,-0.2554128118829953,-0.21452581478114444,Random forest
Meta-grade primary,5,1,R017-E02,Report-017,-0.2876820724517809,-0.20642158825690649,Random forest
Meta-grade primary,5,1,R026-E01,Report-026,-0.2405339244255578,-0.1551976434457152,Random forest
Meta-grade primary,5,1,R026-E02,Report-026,0.0310099360630968,-0.22616041103678858,Random forest
Meta-grade primary,5,1,R054-E01,ABCD,0.0193634892783448,-0.14473817120850557,Random forest
Meta-grade primary,5,1,R054-E02,ABCD,0.2397551747487654,-0.14473817120850557,Random forest
Meta-grade primary,5,1,R054-E03,ABCD,0.07289783189626,-0.14557594268618912,Random forest
Meta-grade primary,5,1,R054-E04,ABCD,0.07289783189626,-0.14557594268618912,Random forest
Meta-grade primary,5,1,R089-E01,Report-089,-0.3095196042031117,-0.18098727203867937,Random forest
Meta-grade primary,5,1,R107-E01,Report-107,-0.3202138706966537,-0.2073158479510982,Random forest
Meta-grade primary,5,1,R107-E02,Report-107,-0.1479107917177318,-0.20564756587498967,Random forest
Meta-grade primary,5,1,R107-E03,Report-107,-0.1479107917177318,-0.20564756587498967,Random forest
Meta-grade primary,5,1,R146-E01,ABCD,0.042331853503913,-0.16053512254730265,Random forest
Meta-grade primary,5,1,R146-E02,ABCD,0.0428847693265876,-0.16053512254730265,Random forest
Meta-grade primary,5,1,R146-E03,ABCD,0.0435557950576516,-0.16053512254730265,Random forest
Meta-grade primary,5,1,R146-E04,ABCD,0.044667269272793,-0.16131675650925695,Random forest
Meta-grade primary,5,1,R146-E05,ABCD,0.06973403309124,-0.16131675650925695,Random forest
Meta-grade primary,5,1,R146-E06,ABCD,0.0788945153409791,-0.16131675650925695,Random forest
Meta-grade primary,5,1,R146-E07,ABCD,0.0609555888092744,-0.16131675650925695,Random forest
Meta-grade primary,5,1,R146-E08,ABCD,0.0663784704358779,-0.161310308807882,Random forest
Meta-grade primary,5,1,R146-E09,ABCD,0.0677611969331547,-0.161310308807882,Random forest
Meta-grade primary,5,1,R146-E10,ABCD,0.0803465762235214,-0.161310308807882,Random forest
Meta-grade primary,5,1,R146-E11,ABCD,0.0492903581043352,-0.161310308807882,Random forest
Meta-grade primary,5,1,R146-E12,ABCD,0.0548953988142855,-0.161310308807882,Random forest
Meta-grade primary,5,1,R146-E13,ABCD,0.0640763352129479,-0.161310308807882,Random forest
Meta-grade primary,5,1,R146-E14,ABCD,0.0911381831856409,-0.161310308807882,Random forest
Meta-grade primary,5,1,R146-E15,ABCD,0.0779265404379476,-0.161310308807882,Random forest
Meta-grade primary,5,1,R005-E01,Report-005,-0.3394653523437398,-0.26414868966313837,Gradient boosting
Meta-grade primary,5,1,R005-E02,Report-005,-0.3073232466191121,-0.2513835423391207,Gradient boosting
Meta-grade primary,5,1,R005-E03,Report-005,-0.2985662636601783,-0.27535383000395397,Gradient boosting
Meta-grade primary,5,1,R005-E04,Report-005,-0.2226054898207927,-0.27535383000395397,Gradient boosting
Meta-grade primary,5,1,R005-E05,Report-005,-0.1881906067775652,-0.27535383000395397,Gradient boosting
Meta-grade primary,5,1,R017-E01,Report-017,-0.2554128118829953,-0.24319992276317495,Gradient boosting
Meta-grade primary,5,1,R017-E02,Report-017,-0.2876820724517809,-0.24178086154625522,Gradient boosting
Meta-grade primary,5,1,R026-E01,Report-026,-0.2405339244255578,-0.25808056890643477,Gradient boosting
Meta-grade primary,5,1,R026-E02,Report-026,0.0310099360630968,-0.2925391362493113,Gradient boosting
Meta-grade primary,5,1,R054-E01,ABCD,0.0193634892783448,-0.04191155380797665,Gradient boosting
Meta-grade primary,5,1,R054-E02,ABCD,0.2397551747487654,-0.04191155380797665,Gradient boosting
Meta-grade primary,5,1,R054-E03,ABCD,0.07289783189626,-0.11170895606177411,Gradient boosting
Meta-grade primary,5,1,R054-E04,ABCD,0.07289783189626,-0.11170895606177411,Gradient boosting
Meta-grade primary,5,1,R089-E01,Report-089,-0.3095196042031117,-0.15596476736526454,Gradient boosting
Meta-grade primary,5,1,R107-E01,Report-107,-0.3202138706966537,-0.20968585503397044,Gradient boosting
Meta-grade primary,5,1,R107-E02,Report-107,-0.1479107917177318,-0.13485456204505905,Gradient boosting
Meta-grade primary,5,1,R107-E03,Report-107,-0.1479107917177318,-0.13485456204505905,Gradient boosting
Meta-grade primary,5,1,R146-E01,ABCD,0.042331853503913,-0.09547785452350337,Gradient boosting
Meta-grade primary,5,1,R146-E02,ABCD,0.0428847693265876,-0.09547785452350337,Gradient boosting
Meta-grade primary,5,1,R146-E03,ABCD,0.0435557950576516,-0.09547785452350337,Gradient boosting
Meta-grade primary,5,1,R146-E04,ABCD,0.044667269272793,-0.029336893453092212,Gradient boosting
Meta-grade primary,5,1,R146-E05,ABCD,0.06973403309124,-0.029336893453092212,Gradient boosting
Meta-grade primary,5,1,R146-E06,ABCD,0.0788945153409791,-0.029336893453092212,Gradient boosting
Meta-grade primary,5,1,R146-E07,ABCD,0.0609555888092744,-0.029336893453092212,Gradient boosting
Meta-grade primary,5,1,R146-E08,ABCD,0.0663784704358779,-0.09547785452350337,Gradient boosting
Meta-grade primary,5,1,R146-E09,ABCD,0.0677611969331547,-0.09547785452350337,Gradient boosting
Meta-grade primary,5,1,R146-E10,ABCD,0.0803465762235214,-0.09547785452350337,Gradient boosting
Meta-grade primary,5,1,R146-E11,ABCD,0.0492903581043352,-0.09547785452350337,Gradient boosting
Meta-grade primary,5,1,R146-E12,ABCD,0.0548953988142855,-0.09547785452350337,Gradient boosting
Meta-grade primary,5,1,R146-E13,ABCD,0.0640763352129479,-0.09547785452350337,Gradient boosting
Meta-grade primary,5,1,R146-E14,ABCD,0.0911381831856409,-0.09547785452350337,Gradient boosting
Meta-grade primary,5,1,R146-E15,ABCD,0.0779265404379476,-0.09547785452350337,Gradient boosting
Meta-grade primary,5,2,R004-E01,Report-004,-0.3205454093019461,-0.22534619028573047,Null (training mean)
Meta-grade primary,5,2,R004-E02,Report-004,-0.2447741126593529,-0.22534619028573047,Null (training mean)
Meta-grade primary,5,2,R016-E01,Report-016,-0.3540925289622429,-0.22534619028573047,Null (training mean)
Meta-grade primary,5,2,R072-E01,Report-072,-0.0801713250375896,-0.22534619028573047,Null (training mean)
Meta-grade primary,5,2,R072-E02,Report-072,-0.0400213538367682,-0.22534619028573047,Null (training mean)
Meta-grade primary,5,2,R072-E03,Report-072,-0.0701146706543252,-0.22534619028573047,Null (training mean)
Meta-grade primary,5,2,R072-E04,Report-072,-0.0701146706543252,-0.22534619028573047,Null (training mean)
Meta-grade primary,5,2,R072-E05,Report-072,-0.0902441878561468,-0.22534619028573047,Null (training mean)
Meta-grade primary,5,2,R072-E06,Report-072,-0.0902441878561468,-0.22534619028573047,Null (training mean)
Meta-grade primary,5,2,R072-E07,Report-072,-0.1104469157900972,-0.22534619028573047,Null (training mean)
Meta-grade primary,5,2,R072-E08,Report-072,-0.0600721559210316,-0.22534619028573047,Null (training mean)
Meta-grade primary,5,2,R072-E09,Report-072,0.0200026673068496,-0.22534619028573047,Null (training mean)
Meta-grade primary,5,2,R072-E10,Report-072,-0.0400213538367682,-0.22534619028573047,Null (training mean)
Meta-grade primary,5,2,R072-E11,Report-072,-0.0400213538367682,-0.22534619028573047,Null (training mean)
Meta-grade primary,5,2,R072-E12,Report-072,0.0300090048631264,-0.22534619028573047,Null (training mean)
Meta-grade primary,5,2,R072-E13,Report-072,0.0,-0.22534619028573047,Null (training mean)
Meta-grade primary,5,2,R072-E14,Report-072,-0.0200026673068496,-0.22534619028573047,Null (training mean)
Meta-grade primary,5,2,R072-E15,Report-072,-0.1307398500288783,-0.22534619028573047,Null (training mean)
Meta-grade primary,5,2,R072-E16,Report-072,-0.1003353477310756,-0.22534619028573047,Null (training mean)
Meta-grade primary,5,2,R072-E17,Report-072,-0.1409255760704939,-0.22534619028573047,Null (training mean)
Meta-grade primary,5,2,R072-E18,Report-072,-0.1307398500288783,-0.22534619028573047,Null (training mean)
Meta-grade primary,5,2,R072-E19,Report-072,-0.1104469157900972,-0.22534619028573047,Null (training mean)
Meta-grade primary,5,2,R072-E20,Report-072,-0.1307398500288783,-0.22534619028573047,Null (training mean)
Meta-grade primary,5,2,R072-E21,Report-072,-0.171666663500579,-0.22534619028573047,Null (training mean)
Meta-grade primary,5,2,R072-E22,Report-072,-0.0801713250375896,-0.22534619028573047,Null (training mean)
Meta-grade primary,5,2,R072-E23,Report-072,0.0,-0.22534619028573047,Null (training mean)
Meta-grade primary,5,2,R072-E24,Report-072,-0.0500417292784913,-0.22534619028573047,Null (training mean)
Meta-grade primary,5,2,R072-E25,Report-072,-0.0600721559210316,-0.22534619028573047,Null (training mean)
Meta-grade primary,5,2,R072-E26,Report-072,-0.0300090048631265,-0.22534619028573047,Null (training mean)
Meta-grade primary,5,2,R072-E27,Report-072,-0.0400213538367682,-0.22534619028573047,Null (training mean)
Meta-grade primary,5,2,R072-E28,Report-072,-0.0600721559210316,-0.22534619028573047,Null (training mean)
Meta-grade primary,5,2,R077-E01,Report-077,-0.4000596500560565,-0.22534619028573047,Null (training mean)
Meta-grade primary,5,2,R004-E01,Report-004,-0.3205454093019461,-0.23850802375164323,Ridge
Meta-grade primary,5,2,R004-E02,Report-004,-0.2447741126593529,-0.24749622661730303,Ridge
Meta-grade primary,5,2,R016-E01,Report-016,-0.3540925289622429,-0.30124835351761753,Ridge
Meta-grade primary,5,2,R072-E01,Report-072,-0.0801713250375896,-0.22045387869299246,Ridge
Meta-grade primary,5,2,R072-E02,Report-072,-0.0400213538367682,-0.22045387869299246,Ridge
Meta-grade primary,5,2,R072-E03,Report-072,-0.0701146706543252,-0.22045387869299246,Ridge
Meta-grade primary,5,2,R072-E04,Report-072,-0.0701146706543252,-0.23542458056459456,Ridge
Meta-grade primary,5,2,R072-E05,Report-072,-0.0902441878561468,-0.23542458056459456,Ridge
Meta-grade primary,5,2,R072-E06,Report-072,-0.0902441878561468,-0.23542458056459456,Ridge
Meta-grade primary,5,2,R072-E07,Report-072,-0.1104469157900972,-0.21856042902704723,Ridge
Meta-grade primary,5,2,R072-E08,Report-072,-0.0600721559210316,-0.22274920455226258,Ridge
Meta-grade primary,5,2,R072-E09,Report-072,0.0200026673068496,-0.22274920455226258,Ridge
Meta-grade primary,5,2,R072-E10,Report-072,-0.0400213538367682,-0.22274920455226258,Ridge
Meta-grade primary,5,2,R072-E11,Report-072,-0.0400213538367682,-0.23771990642386465,Ridge
Meta-grade primary,5,2,R072-E12,Report-072,0.0300090048631264,-0.23771990642386465,Ridge
Meta-grade primary,5,2,R072-E13,Report-072,0.0,-0.23771990642386465,Ridge
Meta-grade primary,5,2,R072-E14,Report-072,-0.0200026673068496,-0.2208557548863173,Ridge
Meta-grade primary,5,2,R072-E15,Report-072,-0.1307398500288783,-0.22274920455226258,Ridge
Meta-grade primary,5,2,R072-E16,Report-072,-0.1003353477310756,-0.22274920455226258,Ridge
Meta-grade primary,5,2,R072-E17,Report-072,-0.1409255760704939,-0.22274920455226258,Ridge
Meta-grade primary,5,2,R072-E18,Report-072,-0.1307398500288783,-0.23771990642386465,Ridge
Meta-grade primary,5,2,R072-E19,Report-072,-0.1104469157900972,-0.23771990642386465,Ridge
Meta-grade primary,5,2,R072-E20,Report-072,-0.1307398500288783,-0.23771990642386465,Ridge
Meta-grade primary,5,2,R072-E21,Report-072,-0.171666663500579,-0.2208557548863173,Ridge
Meta-grade primary,5,2,R072-E22,Report-072,-0.0801713250375896,-0.21376100168660275,Ridge
Meta-grade primary,5,2,R072-E23,Report-072,0.0,-0.21376100168660275,Ridge
Meta-grade primary,5,2,R072-E24,Report-072,-0.0500417292784913,-0.21376100168660275,Ridge
Meta-grade primary,5,2,R072-E25,Report-072,-0.0600721559210316,-0.22873170355820485,Ridge
Meta-grade primary,5,2,R072-E26,Report-072,-0.0300090048631265,-0.22873170355820485,Ridge
Meta-grade primary,5,2,R072-E27,Report-072,-0.0400213538367682,-0.22873170355820485,Ridge
Meta-grade primary,5,2,R072-E28,Report-072,-0.0600721559210316,-0.21186755202065752,Ridge
Meta-grade primary,5,2,R077-E01,Report-077,-0.4000596500560565,-0.2461001479275463,Ridge
Meta-grade primary,5,2,R004-E01,Report-004,-0.3205454093019461,-0.2361822089909344,Elastic net
Meta-grade primary,5,2,R004-E02,Report-004,-0.2447741126593529,-0.2361822089909344,Elastic net
Meta-grade primary,5,2,R016-E01,Report-016,-0.3540925289622429,-0.2361822089909344,Elastic net
Meta-grade primary,5,2,R072-E01,Report-072,-0.0801713250375896,-0.2361822089909344,Elastic net
Meta-grade primary,5,2,R072-E02,Report-072,-0.0400213538367682,-0.2361822089909344,Elastic net
Meta-grade primary,5,2,R072-E03,Report-072,-0.0701146706543252,-0.2361822089909344,Elastic net
Meta-grade primary,5,2,R072-E04,Report-072,-0.0701146706543252,-0.2361822089909344,Elastic net
Meta-grade primary,5,2,R072-E05,Report-072,-0.0902441878561468,-0.2361822089909344,Elastic net
Meta-grade primary,5,2,R072-E06,Report-072,-0.0902441878561468,-0.2361822089909344,Elastic net
Meta-grade primary,5,2,R072-E07,Report-072,-0.1104469157900972,-0.2361822089909344,Elastic net
Meta-grade primary,5,2,R072-E08,Report-072,-0.0600721559210316,-0.2361822089909344,Elastic net
Meta-grade primary,5,2,R072-E09,Report-072,0.0200026673068496,-0.2361822089909344,Elastic net
Meta-grade primary,5,2,R072-E10,Report-072,-0.0400213538367682,-0.2361822089909344,Elastic net
Meta-grade primary,5,2,R072-E11,Report-072,-0.0400213538367682,-0.2361822089909344,Elastic net
Meta-grade primary,5,2,R072-E12,Report-072,0.0300090048631264,-0.2361822089909344,Elastic net
Meta-grade primary,5,2,R072-E13,Report-072,0.0,-0.2361822089909344,Elastic net
Meta-grade primary,5,2,R072-E14,Report-072,-0.0200026673068496,-0.2361822089909344,Elastic net
Meta-grade primary,5,2,R072-E15,Report-072,-0.1307398500288783,-0.2361822089909344,Elastic net
Meta-grade primary,5,2,R072-E16,Report-072,-0.1003353477310756,-0.2361822089909344,Elastic net
Meta-grade primary,5,2,R072-E17,Report-072,-0.1409255760704939,-0.2361822089909344,Elastic net
Meta-grade primary,5,2,R072-E18,Report-072,-0.1307398500288783,-0.2361822089909344,Elastic net
Meta-grade primary,5,2,R072-E19,Report-072,-0.1104469157900972,-0.2361822089909344,Elastic net
Meta-grade primary,5,2,R072-E20,Report-072,-0.1307398500288783,-0.2361822089909344,Elastic net
Meta-grade primary,5,2,R072-E21,Report-072,-0.171666663500579,-0.2361822089909344,Elastic net
Meta-grade primary,5,2,R072-E22,Report-072,-0.0801713250375896,-0.2361822089909344,Elastic net
Meta-grade primary,5,2,R072-E23,Report-072,0.0,-0.2361822089909344,Elastic net
Meta-grade primary,5,2,R072-E24,Report-072,-0.0500417292784913,-0.2361822089909344,Elastic net
Meta-grade primary,5,2,R072-E25,Report-072,-0.0600721559210316,-0.2361822089909344,Elastic net
Meta-grade primary,5,2,R072-E26,Report-072,-0.0300090048631265,-0.2361822089909344,Elastic net
Meta-grade primary,5,2,R072-E27,Report-072,-0.0400213538367682,-0.2361822089909344,Elastic net
Meta-grade primary,5,2,R072-E28,Report-072,-0.0600721559210316,-0.2361822089909344,Elastic net
Meta-grade primary,5,2,R077-E01,Report-077,-0.4000596500560565,-0.2361822089909344,Elastic net
Meta-grade primary,5,2,R004-E01,Report-004,-0.3205454093019461,-0.23182383480897611,Random forest
Meta-grade primary,5,2,R004-E02,Report-004,-0.2447741126593529,-0.24014959650881612,Random forest
Meta-grade primary,5,2,R016-E01,Report-016,-0.3540925289622429,-0.33091211019403566,Random forest
Meta-grade primary,5,2,R072-E01,Report-072,-0.0801713250375896,-0.21172428146337605,Random forest
Meta-grade primary,5,2,R072-E02,Report-072,-0.0400213538367682,-0.21172428146337605,Random forest
Meta-grade primary,5,2,R072-E03,Report-072,-0.0701146706543252,-0.21172428146337605,Random forest
Meta-grade primary,5,2,R072-E04,Report-072,-0.0701146706543252,-0.18540391763275435,Random forest
Meta-grade primary,5,2,R072-E05,Report-072,-0.0902441878561468,-0.18540391763275435,Random forest
Meta-grade primary,5,2,R072-E06,Report-072,-0.0902441878561468,-0.18540391763275435,Random forest
Meta-grade primary,5,2,R072-E07,Report-072,-0.1104469157900972,-0.21263000619092895,Random forest
Meta-grade primary,5,2,R072-E08,Report-072,-0.0600721559210316,-0.21107247235237758,Random forest
Meta-grade primary,5,2,R072-E09,Report-072,0.0200026673068496,-0.21107247235237758,Random forest
Meta-grade primary,5,2,R072-E10,Report-072,-0.0400213538367682,-0.21107247235237758,Random forest
Meta-grade primary,5,2,R072-E11,Report-072,-0.0400213538367682,-0.18397250977014945,Random forest
Meta-grade primary,5,2,R072-E12,Report-072,0.0300090048631264,-0.18397250977014945,Random forest
Meta-grade primary,5,2,R072-E13,Report-072,0.0,-0.18397250977014945,Random forest
Meta-grade primary,5,2,R072-E14,Report-072,-0.0200026673068496,-0.21270474030294076,Random forest
Meta-grade primary,5,2,R072-E15,Report-072,-0.1307398500288783,-0.21107247235237758,Random forest
Meta-grade primary,5,2,R072-E16,Report-072,-0.1003353477310756,-0.21107247235237758,Random forest
Meta-grade primary,5,2,R072-E17,Report-072,-0.1409255760704939,-0.21107247235237758,Random forest
Meta-grade primary,5,2,R072-E18,Report-072,-0.1307398500288783,-0.18397250977014945,Random forest
Meta-grade primary,5,2,R072-E19,Report-072,-0.1104469157900972,-0.18397250977014945,Random forest
Meta-grade primary,5,2,R072-E20,Report-072,-0.1307398500288783,-0.18397250977014945,Random forest
Meta-grade primary,5,2,R072-E21,Report-072,-0.171666663500579,-0.21270474030294076,Random forest
Meta-grade primary,5,2,R072-E22,Report-072,-0.0801713250375896,-0.205251880676475,Random forest
Meta-grade primary,5,2,R072-E23,Report-072,0.0,-0.205251880676475,Random forest
Meta-grade primary,5,2,R072-E24,Report-072,-0.0500417292784913,-0.205251880676475,Random forest
Meta-grade primary,5,2,R072-E25,Report-072,-0.0600721559210316,-0.1790005264982273,Random forest
Meta-grade primary,5,2,R072-E26,Report-072,-0.0300090048631265,-0.1790005264982273,Random forest
Meta-grade primary,5,2,R072-E27,Report-072,-0.0400213538367682,-0.1790005264982273,Random forest
Meta-grade primary,5,2,R072-E28,Report-072,-0.0600721559210316,-0.20782909708738476,Random forest
Meta-grade primary,5,2,R077-E01,Report-077,-0.4000596500560565,-0.24159102788546125,Random forest
Meta-grade primary,5,2,R004-E01,Report-004,-0.3205454093019461,-0.22801750751296596,Gradient boosting
Meta-grade primary,5,2,R004-E02,Report-004,-0.2447741126593529,-0.22830333754587528,Gradient boosting
Meta-grade primary,5,2,R016-E01,Report-016,-0.3540925289622429,-0.38144567117914296,Gradient boosting
Meta-grade primary,5,2,R072-E01,Report-072,-0.0801713250375896,-0.21167643987163662,Gradient boosting
Meta-grade primary,5,2,R072-E02,Report-072,-0.0400213538367682,-0.21167643987163662,Gradient boosting
Meta-grade primary,5,2,R072-E03,Report-072,-0.0701146706543252,-0.21167643987163662,Gradient boosting
Meta-grade primary,5,2,R072-E04,Report-072,-0.0701146706543252,-0.13520286898552414,Gradient boosting
Meta-grade primary,5,2,R072-E05,Report-072,-0.0902441878561468,-0.13520286898552414,Gradient boosting
Meta-grade primary,5,2,R072-E06,Report-072,-0.0902441878561468,-0.13520286898552414,Gradient boosting
Meta-grade primary,5,2,R072-E07,Report-072,-0.1104469157900972,-0.23592763766791258,Gradient boosting
Meta-grade primary,5,2,R072-E08,Report-072,-0.0600721559210316,-0.19880227146010634,Gradient boosting
Meta-grade primary,5,2,R072-E09,Report-072,0.0200026673068496,-0.19880227146010634,Gradient boosting
Meta-grade primary,5,2,R072-E10,Report-072,-0.0400213538367682,-0.19880227146010634,Gradient boosting
Meta-grade primary,5,2,R072-E11,Report-072,-0.0400213538367682,-0.11965499257338412,Gradient boosting
Meta-grade primary,5,2,R072-E12,Report-072,0.0300090048631264,-0.11965499257338412,Gradient boosting
Meta-grade primary,5,2,R072-E13,Report-072,0.0,-0.11965499257338412,Gradient boosting
Meta-grade primary,5,2,R072-E14,Report-072,-0.0200026673068496,-0.2230534692563823,Gradient boosting
Meta-grade primary,5,2,R072-E15,Report-072,-0.1307398500288783,-0.19880227146010634,Gradient boosting
Meta-grade primary,5,2,R072-E16,Report-072,-0.1003353477310756,-0.19880227146010634,Gradient boosting
Meta-grade primary,5,2,R072-E17,Report-072,-0.1409255760704939,-0.19880227146010634,Gradient boosting
Meta-grade primary,5,2,R072-E18,Report-072,-0.1307398500288783,-0.11965499257338412,Gradient boosting
Meta-grade primary,5,2,R072-E19,Report-072,-0.1104469157900972,-0.11965499257338412,Gradient boosting
Meta-grade primary,5,2,R072-E20,Report-072,-0.1307398500288783,-0.11965499257338412,Gradient boosting
Meta-grade primary,5,2,R072-E21,Report-072,-0.171666663500579,-0.2230534692563823,Gradient boosting
Meta-grade primary,5,2,R072-E22,Report-072,-0.0801713250375896,-0.20711783168654108,Gradient boosting
Meta-grade primary,5,2,R072-E23,Report-072,0.0,-0.20711783168654108,Gradient boosting
Meta-grade primary,5,2,R072-E24,Report-072,-0.0500417292784913,-0.20711783168654108,Gradient boosting
Meta-grade primary,5,2,R072-E25,Report-072,-0.0600721559210316,-0.09321607724413607,Gradient boosting
Meta-grade primary,5,2,R072-E26,Report-072,-0.0300090048631265,-0.09321607724413607,Gradient boosting
Meta-grade primary,5,2,R072-E27,Report-072,-0.0400213538367682,-0.09321607724413607,Gradient boosting
Meta-grade primary,5,2,R072-E28,Report-072,-0.0600721559210316,-0.231369029482817,Gradient boosting
Meta-grade primary,5,2,R077-E01,Report-077,-0.4000596500560565,-0.32826188656707284,Gradient boosting
Meta-grade primary,5,3,R006-E01,Report-006,-0.3185781374429814,-0.2350266941853175,Null (training mean)
Meta-grade primary,5,3,R006-E02,Report-006,-0.3149780475421737,-0.2350266941853175,Null (training mean)
Meta-grade primary,5,3,R006-E04,Report-006,-0.2830017377730096,-0.2350266941853175,Null (training mean)
Meta-grade primary,5,3,R006-E05,Report-006,-0.2710215474437309,-0.2350266941853175,Null (training mean)
Meta-grade primary,5,3,R006-E06,Report-006,-0.2367028032650126,-0.2350266941853175,Null (training mean)
Meta-grade primary,5,3,R006-E07,Report-006,-0.0776151463689917,-0.2350266941853175,Null (training mean)
Meta-grade primary,5,3,R006-E09,Report-006,-0.2585963813858514,-0.2350266941853175,Null (training mean)
Meta-grade primary,5,3,R006-E10,Report-006,0.0520469455213166,-0.2350266941853175,Null (training mean)
Meta-grade primary,5,3,R006-E11,Report-006,-0.2865973321469467,-0.2350266941853175,Null (training mean)
Meta-grade primary,5,3,R006-E12,Report-006,-0.3540925289622429,-0.2350266941853175,Null (training mean)
Meta-grade primary,5,3,R006-E13,Report-006,-0.120581028408444,-0.2350266941853175,Null (training mean)
Meta-grade primary,5,3,R013-E01,Report-013,-0.2236561090218323,-0.2350266941853175,Null (training mean)
Meta-grade primary,5,3,R013-E02,Report-013,-0.2236561090218323,-0.2350266941853175,Null (training mean)
Meta-grade primary,5,3,R013-E03,Report-013,-0.3205454093019461,-0.2350266941853175,Null (training mean)
Meta-grade primary,5,3,R020-E01,Report-020,-0.0904335773173084,-0.2350266941853175,Null (training mean)
Meta-grade primary,5,3,R022-E01,PACE,-0.1079291954253917,-0.2350266941853175,Null (training mean)
Meta-grade primary,5,3,R022-E02,PACE,-0.0716712828013512,-0.2350266941853175,Null (training mean)
Meta-grade primary,5,3,R022-E03,PACE,0.099027503509446,-0.2350266941853175,Null (training mean)
Meta-grade primary,5,3,R022-E04,PACE,-0.0004516500561274,-0.2350266941853175,Null (training mean)
Meta-grade primary,5,3,R022-E05,PACE,0.0109578515321072,-0.2350266941853175,Null (training mean)
Meta-grade primary,5,3,R022-E06,PACE,-0.1014471687907363,-0.2350266941853175,Null (training mean)
Meta-grade primary,5,3,R022-E07,PACE,-0.0410812093992726,-0.2350266941853175,Null (training mean)
Meta-grade primary,5,3,R022-E08,PACE,0.0676957937234428,-0.2350266941853175,Null (training mean)
Meta-grade primary,5,3,R040-E01,Report-040,-0.3205454093019461,-0.2350266941853175,Null (training mean)
Meta-grade primary,5,3,R040-E02,Report-040,-0.2985662636601783,-0.2350266941853175,Null (training mean)
Meta-grade primary,5,3,R060-E01,Report-060,-0.0347701371385076,-0.2350266941853175,Null (training mean)
Meta-grade primary,5,3,R060-E02,Report-060,0.0225633372390231,-0.2350266941853175,Null (training mean)
Meta-grade primary,5,3,R079-E01,Report-079,-0.7752987062055835,-0.2350266941853175,Null (training mean)
Meta-grade primary,5,3,R151-E01,All Our Families,-0.0805913395179724,-0.2350266941853175,Null (training mean)
Meta-grade primary,5,3,R151-E02,All Our Families,-0.1187477867055022,-0.2350266941853175,Null (training mean)
Meta-grade primary,5,3,R151-E03,All Our Families,-0.1441492679971068,-0.2350266941853175,Null (training mean)
Meta-grade primary,5,3,R151-E04,All Our Families,-0.0361119842872121,-0.2350266941853175,Null (training mean)
Meta-grade primary,5,3,R151-E05,All Our Families,-0.0886707286544282,-0.2350266941853175,Null (training mean)
Meta-grade primary,5,3,R006-E01,Report-006,-0.3185781374429814,-0.2904528462412115,Ridge
Meta-grade primary,5,3,R006-E02,Report-006,-0.3149780475421737,-0.2867284254821465,Ridge
Meta-grade primary,5,3,R006-E04,Report-006,-0.2830017377730096,-0.20532688176897604,Ridge
Meta-grade primary,5,3,R006-E05,Report-006,-0.2710215474437309,-0.20532688176897604,Ridge
Meta-grade primary,5,3,R006-E06,Report-006,-0.2367028032650126,-0.20160246100991105,Ridge
Meta-grade primary,5,3,R006-E07,Report-006,-0.0776151463689917,-0.20160246100991105,Ridge
Meta-grade primary,5,3,R006-E09,Report-006,-0.2585963813858514,-0.19835200115874577,Ridge
Meta-grade primary,5,3,R006-E10,Report-006,0.0520469455213166,-0.2643580059177864,Ridge
Meta-grade primary,5,3,R006-E11,Report-006,-0.2865973321469467,-0.2676084657689517,Ridge
Meta-grade primary,5,3,R006-E12,Report-006,-0.3540925289622429,-0.27930564306250616,Ridge
Meta-grade primary,5,3,R006-E13,Report-006,-0.120581028408444,-0.27930564306250616,Ridge
Meta-grade primary,5,3,R013-E01,Report-013,-0.2236561090218323,-0.2766500823924527,Ridge
Meta-grade primary,5,3,R013-E02,Report-013,-0.2236561090218323,-0.2570370657330431,Ridge
Meta-grade primary,5,3,R013-E03,Report-013,-0.3205454093019461,-0.3048560646582965,Ridge
Meta-grade primary,5,3,R020-E01,Report-020,-0.0904335773173084,-0.19863126126718128,Ridge
Meta-grade primary,5,3,R022-E01,PACE,-0.1079291954253917,-0.17548268777727974,Ridge
Meta-grade primary,5,3,R022-E02,PACE,-0.0716712828013512,-0.17831032948011521,Ridge
Meta-grade primary,5,3,R022-E03,PACE,0.099027503509446,-0.1629321342121103,Ridge
Meta-grade primary,5,3,R022-E04,PACE,-0.0004516500561274,-0.16575977591494576,Ridge
Meta-grade primary,5,3,R022-E05,PACE,0.0109578515321072,-0.19509570443668933,Ridge
Meta-grade primary,5,3,R022-E06,PACE,-0.1014471687907363,-0.19792334613952478,Ridge
Meta-grade primary,5,3,R022-E07,PACE,-0.0410812093992726,-0.19509570443668933,Ridge
Meta-grade primary,5,3,R022-E08,PACE,0.0676957937234428,-0.19792334613952478,Ridge
Meta-grade primary,5,3,R040-E01,Report-040,-0.3205454093019461,-0.2692648282841197,Ridge
Meta-grade primary,5,3,R040-E02,Report-040,-0.2985662636601783,-0.2692648282841197,Ridge
Meta-grade primary,5,3,R060-E01,Report-060,-0.0347701371385076,-0.22199968240531354,Ridge
Meta-grade primary,5,3,R060-E02,Report-060,0.0225633372390231,-0.22114192893662177,Ridge
Meta-grade primary,5,3,R079-E01,Report-079,-0.7752987062055835,-0.21030712363265186,Ridge
Meta-grade primary,5,3,R151-E01,All Our Families,-0.0805913395179724,-0.12380281517927347,Ridge
Meta-grade primary,5,3,R151-E02,All Our Families,-0.1187477867055022,-0.10452441879481973,Ridge
Meta-grade primary,5,3,R151-E03,All Our Families,-0.1441492679971068,-0.10452441879481973,Ridge
Meta-grade primary,5,3,R151-E04,All Our Families,-0.0361119842872121,-0.10452441879481973,Ridge
Meta-grade primary,5,3,R151-E05,All Our Families,-0.0886707286544282,-0.10452441879481973,Ridge
Meta-grade primary,5,3,R006-E01,Report-006,-0.3185781374429814,-0.32013603134876123,Elastic net
Meta-grade primary,5,3,R006-E02,Report-006,-0.3149780475421737,-0.32013603134876123,Elastic net
Meta-grade primary,5,3,R006-E04,Report-006,-0.2830017377730096,-0.19906443324250836,Elastic net
Meta-grade primary,5,3,R006-E05,Report-006,-0.2710215474437309,-0.19906443324250836,Elastic net
Meta-grade primary,5,3,R006-E06,Report-006,-0.2367028032650126,-0.19906443324250836,Elastic net
Meta-grade primary,5,3,R006-E07,Report-006,-0.0776151463689917,-0.19906443324250836,Elastic net
Meta-grade primary,5,3,R006-E09,Report-006,-0.2585963813858514,-0.19906443324250836,Elastic net
Meta-grade primary,5,3,R006-E10,Report-006,0.0520469455213166,-0.3214723372239634,Elastic net
Meta-grade primary,5,3,R006-E11,Report-006,-0.2865973321469467,-0.3214723372239634,Elastic net
Meta-grade primary,5,3,R006-E12,Report-006,-0.3540925289622429,-0.3250986476214167,Elastic net
Meta-grade primary,5,3,R006-E13,Report-006,-0.120581028408444,-0.3250986476214167,Elastic net
Meta-grade primary,5,3,R013-E01,Report-013,-0.2236561090218323,-0.2938821989203152,Elastic net
Meta-grade primary,5,3,R013-E02,Report-013,-0.2236561090218323,-0.27018105599357883,Elastic net
Meta-grade primary,5,3,R013-E03,Report-013,-0.3205454093019461,-0.3370032068763755,Elastic net
Meta-grade primary,5,3,R020-E01,Report-020,-0.0904335773173084,-0.16180967496496826,Elastic net
Meta-grade primary,5,3,R022-E01,PACE,-0.1079291954253917,-0.16025126288641325,Elastic net
Meta-grade primary,5,3,R022-E02,PACE,-0.0716712828013512,-0.15961162317564104,Elastic net
Meta-grade primary,5,3,R022-E03,PACE,0.099027503509446,-0.16025126288641325,Elastic net
Meta-grade primary,5,3,R022-E04,PACE,-0.0004516500561274,-0.15961162317564104,Elastic net
Meta-grade primary,5,3,R022-E05,PACE,0.0109578515321072,-0.18395240581314964,Elastic net
Meta-grade primary,5,3,R022-E06,PACE,-0.1014471687907363,-0.1833127661023774,Elastic net
Meta-grade primary,5,3,R022-E07,PACE,-0.0410812093992726,-0.18395240581314964,Elastic net
Meta-grade primary,5,3,R022-E08,PACE,0.0676957937234428,-0.1833127661023774,Elastic net
Meta-grade primary,5,3,R040-E01,Report-040,-0.3205454093019461,-0.2730583228118163,Elastic net
Meta-grade primary,5,3,R040-E02,Report-040,-0.2985662636601783,-0.2730583228118163,Elastic net
Meta-grade primary,5,3,R060-E01,Report-060,-0.0347701371385076,-0.24092700761753516,Elastic net
Meta-grade primary,5,3,R060-E02,Report-060,0.0225633372390231,-0.2383669993518751,Elastic net
Meta-grade primary,5,3,R079-E01,Report-079,-0.7752987062055835,-0.20513183970330304,Elastic net
Meta-grade primary,5,3,R151-E01,All Our Families,-0.0805913395179724,-0.06111368387026786,Elastic net
Meta-grade primary,5,3,R151-E02,All Our Families,-0.1187477867055022,-0.05622429724189684,Elastic net
Meta-grade primary,5,3,R151-E03,All Our Families,-0.1441492679971068,-0.05622429724189684,Elastic net
Meta-grade primary,5,3,R151-E04,All Our Families,-0.0361119842872121,-0.05622429724189684,Elastic net
Meta-grade primary,5,3,R151-E05,All Our Families,-0.0886707286544282,-0.05622429724189684,Elastic net
Meta-grade primary,5,3,R006-E01,Report-006,-0.3185781374429814,-0.36301634328954824,Random forest
Meta-grade primary,5,3,R006-E02,Report-006,-0.3149780475421737,-0.366542984591637,Random forest
Meta-grade primary,5,3,R006-E04,Report-006,-0.2830017377730096,-0.28202701655634377,Random forest
Meta-grade primary,5,3,R006-E05,Report-006,-0.2710215474437309,-0.28202701655634377,Random forest
Meta-grade primary,5,3,R006-E06,Report-006,-0.2367028032650126,-0.29207438273350483,Random forest
Meta-grade primary,5,3,R006-E07,Report-006,-0.0776151463689917,-0.29207438273350483,Random forest
Meta-grade primary,5,3,R006-E09,Report-006,-0.2585963813858514,-0.28059493066214347,Random forest
Meta-grade primary,5,3,R006-E10,Report-006,0.0520469455213166,-0.37699517243502106,Random forest
Meta-grade primary,5,3,R006-E11,Report-006,-0.2865973321469467,-0.3831495184164087,Random forest
Meta-grade primary,5,3,R006-E12,Report-006,-0.3540925289622429,-0.3739637007572106,Random forest
Meta-grade primary,5,3,R006-E13,Report-006,-0.120581028408444,-0.3739637007572106,Random forest
Meta-grade primary,5,3,R013-E01,Report-013,-0.2236561090218323,-0.2639966298389709,Random forest
Meta-grade primary,5,3,R013-E02,Report-013,-0.2236561090218323,-0.27863313565573317,Random forest
Meta-grade primary,5,3,R013-E03,Report-013,-0.3205454093019461,-0.3891681912643964,Random forest
Meta-grade primary,5,3,R020-E01,Report-020,-0.0904335773173084,-0.23139596555129877,Random forest
Meta-grade primary,5,3,R022-E01,PACE,-0.1079291954253917,-0.2111306648668476,Random forest
Meta-grade primary,5,3,R022-E02,PACE,-0.0716712828013512,-0.20852079183536026,Random forest
Meta-grade primary,5,3,R022-E03,PACE,0.099027503509446,-0.2108670591041194,Random forest
Meta-grade primary,5,3,R022-E04,PACE,-0.0004516500561274,-0.2078835480493664,Random forest
Meta-grade primary,5,3,R022-E05,PACE,0.0109578515321072,-0.1985330271582692,Random forest
Meta-grade primary,5,3,R022-E06,PACE,-0.1014471687907363,-0.19123156413643758,Random forest
Meta-grade primary,5,3,R022-E07,PACE,-0.0410812093992726,-0.1985330271582692,Random forest
Meta-grade primary,5,3,R022-E08,PACE,0.0676957937234428,-0.19123156413643758,Random forest
Meta-grade primary,5,3,R040-E01,Report-040,-0.3205454093019461,-0.2564843419456532,Random forest
Meta-grade primary,5,3,R040-E02,Report-040,-0.2985662636601783,-0.2564843419456532,Random forest
Meta-grade primary,5,3,R060-E01,Report-060,-0.0347701371385076,-0.2599063404899457,Random forest
Meta-grade primary,5,3,R060-E02,Report-060,0.0225633372390231,-0.2563826934312498,Random forest
Meta-grade primary,5,3,R079-E01,Report-079,-0.7752987062055835,-0.13525122387242874,Random forest
Meta-grade primary,5,3,R151-E01,All Our Families,-0.0805913395179724,-0.03356801399027894,Random forest
Meta-grade primary,5,3,R151-E02,All Our Families,-0.1187477867055022,-0.03046544978315551,Random forest
Meta-grade primary,5,3,R151-E03,All Our Families,-0.1441492679971068,-0.03046544978315551,Random forest
Meta-grade primary,5,3,R151-E04,All Our Families,-0.0361119842872121,-0.03046544978315551,Random forest
Meta-grade primary,5,3,R151-E05,All Our Families,-0.0886707286544282,-0.03046544978315551,Random forest
Meta-grade primary,5,3,R006-E01,Report-006,-0.3185781374429814,-0.39591349066998327,Gradient boosting
Meta-grade primary,5,3,R006-E02,Report-006,-0.3149780475421737,-0.38592399959323387,Gradient boosting
Meta-grade primary,5,3,R006-E04,Report-006,-0.2830017377730096,-0.292345306192541,Gradient boosting
Meta-grade primary,5,3,R006-E05,Report-006,-0.2710215474437309,-0.292345306192541,Gradient boosting
Meta-grade primary,5,3,R006-E06,Report-006,-0.2367028032650126,-0.2877266487463391,Gradient boosting
Meta-grade primary,5,3,R006-E07,Report-006,-0.0776151463689917,-0.2877266487463391,Gradient boosting
Meta-grade primary,5,3,R006-E09,Report-006,-0.2585963813858514,-0.21813791497592164,Gradient boosting
Meta-grade primary,5,3,R006-E10,Report-006,0.0520469455213166,-0.3384120281247552,Gradient boosting
Meta-grade primary,5,3,R006-E11,Report-006,-0.2865973321469467,-0.40262992826462524,Gradient boosting
Meta-grade primary,5,3,R006-E12,Report-006,-0.3540925289622429,-0.3342787606294293,Gradient boosting
Meta-grade primary,5,3,R006-E13,Report-006,-0.120581028408444,-0.3342787606294293,Gradient boosting
Meta-grade primary,5,3,R013-E01,Report-013,-0.2236561090218323,-0.3106535578859197,Gradient boosting
Meta-grade primary,5,3,R013-E02,Report-013,-0.2236561090218323,-0.3097828764230891,Gradient boosting
Meta-grade primary,5,3,R013-E03,Report-013,-0.3205454093019461,-0.39157552105293686,Gradient boosting
Meta-grade primary,5,3,R020-E01,Report-020,-0.0904335773173084,-0.23434924720605418,Gradient boosting
Meta-grade primary,5,3,R022-E01,PACE,-0.1079291954253917,-0.15209271333211152,Gradient boosting
Meta-grade primary,5,3,R022-E02,PACE,-0.0716712828013512,-0.2248318881867258,Gradient boosting
Meta-grade primary,5,3,R022-E03,PACE,0.099027503509446,-0.13984495011664091,Gradient boosting
Meta-grade primary,5,3,R022-E04,PACE,-0.0004516500561274,-0.2125841249712552,Gradient boosting
Meta-grade primary,5,3,R022-E05,PACE,0.0109578515321072,-0.15296339479494211,Gradient boosting
Meta-grade primary,5,3,R022-E06,PACE,-0.1014471687907363,-0.22570256964955637,Gradient boosting
Meta-grade primary,5,3,R022-E07,PACE,-0.0410812093992726,-0.15296339479494211,Gradient boosting
Meta-grade primary,5,3,R022-E08,PACE,0.0676957937234428,-0.22570256964955637,Gradient boosting
Meta-grade primary,5,3,R040-E01,Report-040,-0.3205454093019461,-0.22264997583574633,Gradient boosting
Meta-grade primary,5,3,R040-E02,Report-040,-0.2985662636601783,-0.22264997583574633,Gradient boosting
Meta-grade primary,5,3,R060-E01,Report-060,-0.0347701371385076,-0.29942654471644087,Gradient boosting
Meta-grade primary,5,3,R060-E02,Report-060,0.0225633372390231,-0.2807194167378421,Gradient boosting
Meta-grade primary,5,3,R079-E01,Report-079,-0.7752987062055835,-0.2058623688588398,Gradient boosting
Meta-grade primary,5,3,R151-E01,All Our Families,-0.0805913395179724,-0.03190733507182002,Gradient boosting
Meta-grade primary,5,3,R151-E02,All Our Families,-0.1187477867055022,-0.030430518340626603,Gradient boosting
Meta-grade primary,5,3,R151-E03,All Our Families,-0.1441492679971068,-0.030430518340626603,Gradient boosting
Meta-grade primary,5,3,R151-E04,All Our Families,-0.0361119842872121,-0.030430518340626603,Gradient boosting
Meta-grade primary,5,3,R151-E05,All Our Families,-0.0886707286544282,-0.030430518340626603,Gradient boosting
Meta-grade primary,5,4,R010-E01,Report-010,-0.2661084068736541,-0.22921582461239096,Null (training mean)
Meta-grade primary,5,4,R047-E01,Report-047,-0.1793019968128792,-0.22921582461239096,Null (training mean)
Meta-grade primary,5,4,R080-E01,Report-080,-0.2528572088918466,-0.22921582461239096,Null (training mean)
Meta-grade primary,5,4,R087-E01,Report-087,-0.3654437542713961,-0.22921582461239096,Null (training mean)
Meta-grade primary,5,4,R087-E02,Report-087,-0.7250050877529992,-0.22921582461239096,Null (training mean)
Meta-grade primary,5,4,R087-E03,Report-087,-0.3654437542713961,-0.22921582461239096,Null (training mean)
Meta-grade primary,5,4,R087-E04,Report-087,-0.7752987062055836,-0.22921582461239096,Null (training mean)
Meta-grade primary,5,4,R087-E05,Report-087,-0.2447741126593529,-0.22921582461239096,Null (training mean)
Meta-grade primary,5,4,R087-E06,Report-087,-0.0400213538367682,-0.22921582461239096,Null (training mean)
Meta-grade primary,5,4,R087-E07,Report-087,-0.4598966812126785,-0.22921582461239096,Null (training mean)
Meta-grade primary,5,4,R087-E08,Report-087,0.5229842775913438,-0.22921582461239096,Null (training mean)
Meta-grade primary,5,4,R087-E09,Report-087,0.0400213538367682,-0.22921582461239096,Null (training mean)
Meta-grade primary,5,4,R087-E10,Report-087,0.0400213538367682,-0.22921582461239096,Null (training mean)
Meta-grade primary,5,4,R087-E11,Report-087,-0.1307398500288784,-0.22921582461239096,Null (training mean)
Meta-grade primary,5,4,R087-E12,Report-087,0.1307398500288784,-0.22921582461239096,Null (training mean)
Meta-grade primary,5,4,R087-E13,Report-087,-0.1003353477310756,-0.22921582461239096,Null (training mean)
Meta-grade primary,5,4,R087-E14,Report-087,0.6183813135744636,-0.22921582461239096,Null (training mean)
Meta-grade primary,5,4,R087-E15,Report-087,0.0902441878561468,-0.22921582461239096,Null (training mean)
Meta-grade primary,5,4,R087-E16,Report-087,-0.3884230997182961,-0.22921582461239096,Null (training mean)
Meta-grade primary,5,4,R087-E17,Report-087,-0.0902441878561468,-0.22921582461239096,Null (training mean)
Meta-grade primary,5,4,R087-E18,Report-087,0.2554128118829953,-0.22921582461239096,Null (training mean)
Meta-grade primary,5,4,R087-E19,Report-087,-0.6324131492978439,-0.22921582461239096,Null (training mean)
Meta-grade primary,5,4,R087-E20,Report-087,-0.6677819260385488,-0.22921582461239096,Null (training mean)
Meta-grade primary,5,4,R087-E21,Report-087,-0.3474427905134932,-0.22921582461239096,Null (training mean)
Meta-grade primary,5,4,R087-E22,Report-087,-0.5093955920515006,-0.22921582461239096,Null (training mean)
Meta-grade primary,5,4,R087-E23,Report-087,0.2881966620000231,-0.22921582461239096,Null (training mean)
Meta-grade primary,5,4,R087-E24,Report-087,0.071791446935783,-0.22921582461239096,Null (training mean)
Meta-grade primary,5,4,R087-E25,Report-087,0.0,-0.22921582461239096,Null (training mean)
Meta-grade primary,5,4,R087-E26,Report-087,0.0287372972020485,-0.22921582461239096,Null (training mean)
Meta-grade primary,5,4,R087-E27,Report-087,-0.0526679439176218,-0.22921582461239096,Null (training mean)
Meta-grade primary,5,4,R125-E01,Report-125,-0.2768638226551,-0.22921582461239096,Null (training mean)
Meta-grade primary,5,4,R125-E02,Report-125,-0.4000596500560566,-0.22921582461239096,Null (training mean)
Meta-grade primary,5,4,R150-E01,Report-150,-0.2768638226551,-0.22921582461239096,Null (training mean)
Meta-grade primary,5,4,R010-E01,Report-010,-0.2661084068736541,-0.2980997074983516,Ridge
Meta-grade primary,5,4,R047-E01,Report-047,-0.1793019968128792,-0.17579992573699882,Ridge
Meta-grade primary,5,4,R080-E01,Report-080,-0.2528572088918466,-0.23387846850762226,Ridge
Meta-grade primary,5,4,R087-E01,Report-087,-0.3654437542713961,-0.29960576515900905,Ridge
Meta-grade primary,5,4,R087-E02,Report-087,-0.7250050877529992,-0.29452631389214523,Ridge
Meta-grade primary,5,4,R087-E03,Report-087,-0.3654437542713961,-0.30108817523842146,Ridge
Meta-grade primary,5,4,R087-E04,Report-087,-0.7752987062055836,-0.2671598765620643,Ridge
Meta-grade primary,5,4,R087-E05,Report-087,-0.2447741126593529,-0.2563616022564009,Ridge
Meta-grade primary,5,4,R087-E06,Report-087,-0.0400213538367682,-0.2563616022564009,Ridge
Meta-grade primary,5,4,R087-E07,Report-087,-0.4598966812126785,-0.25128215098953705,Ridge
Meta-grade primary,5,4,R087-E08,Report-087,0.5229842775913438,-0.25128215098953705,Ridge
Meta-grade primary,5,4,R087-E09,Report-087,0.0400213538367682,-0.25784401233581333,Ridge
Meta-grade primary,5,4,R087-E10,Report-087,0.0400213538367682,-0.29513766539120645,Ridge
Meta-grade primary,5,4,R087-E11,Report-087,-0.1307398500288784,-0.29005821412434263,Ridge
Meta-grade primary,5,4,R087-E12,Report-087,0.1307398500288784,-0.29662007547061886,Ridge
Meta-grade primary,5,4,R087-E13,Report-087,-0.1003353477310756,-0.2626917767942617,Ridge
Meta-grade primary,5,4,R087-E14,Report-087,0.6183813135744636,-0.25189350248859826,Ridge
Meta-grade primary,5,4,R087-E15,Report-087,0.0902441878561468,-0.25189350248859826,Ridge
Meta-grade primary,5,4,R087-E16,Report-087,-0.3884230997182961,-0.24681405122173444,Ridge
Meta-grade primary,5,4,R087-E17,Report-087,-0.0902441878561468,-0.24681405122173444,Ridge
Meta-grade primary,5,4,R087-E18,Report-087,0.2554128118829953,-0.2533759125680107,Ridge
Meta-grade primary,5,4,R087-E19,Report-087,-0.6324131492978439,-0.28028327685474796,Ridge
Meta-grade primary,5,4,R087-E20,Report-087,-0.6677819260385488,-0.27520382558788414,Ridge
Meta-grade primary,5,4,R087-E21,Report-087,-0.3474427905134932,-0.2817656869341604,Ridge
Meta-grade primary,5,4,R087-E22,Report-087,-0.5093955920515006,-0.24783738825780324,Ridge
Meta-grade primary,5,4,R087-E23,Report-087,0.2881966620000231,-0.23703911395213986,Ridge
Meta-grade primary,5,4,R087-E24,Report-087,0.071791446935783,-0.23703911395213986,Ridge
Meta-grade primary,5,4,R087-E25,Report-087,0.0,-0.231959662685276,Ridge
Meta-grade primary,5,4,R087-E26,Report-087,0.0287372972020485,-0.231959662685276,Ridge
Meta-grade primary,5,4,R087-E27,Report-087,-0.0526679439176218,-0.23852152403155227,Ridge
Meta-grade primary,5,4,R125-E01,Report-125,-0.2768638226551,-0.19768516323521268,Ridge
Meta-grade primary,5,4,R125-E02,Report-125,-0.4000596500560566,-0.20194108245337325,Ridge
Meta-grade primary,5,4,R150-E01,Report-150,-0.2768638226551,-0.27712671016067647,Ridge
Meta-grade primary,5,4,R010-E01,Report-010,-0.2661084068736541,-0.3020218743044194,Elastic net
Meta-grade primary,5,4,R047-E01,Report-047,-0.1793019968128792,-0.15801531158138352,Elastic net
Meta-grade primary,5,4,R080-E01,Report-080,-0.2528572088918466,-0.23193653776874948,Elastic net
Meta-grade primary,5,4,R087-E01,Report-087,-0.3654437542713961,-0.320941110995861,Elastic net
Meta-grade primary,5,4,R087-E02,Report-087,-0.7250050877529992,-0.320941110995861,Elastic net
Meta-grade primary,5,4,R087-E03,Report-087,-0.3654437542713961,-0.320941110995861,Elastic net
Meta-grade primary,5,4,R087-E04,Report-087,-0.7752987062055836,-0.25929023346476043,Elastic net
Meta-grade primary,5,4,R087-E05,Report-087,-0.2447741126593529,-0.25929023346476043,Elastic net
Meta-grade primary,5,4,R087-E06,Report-087,-0.0400213538367682,-0.25929023346476043,Elastic net
Meta-grade primary,5,4,R087-E07,Report-087,-0.4598966812126785,-0.25929023346476043,Elastic net
Meta-grade primary,5,4,R087-E08,Report-087,0.5229842775913438,-0.25929023346476043,Elastic net
Meta-grade primary,5,4,R087-E09,Report-087,0.0400213538367682,-0.25929023346476043,Elastic net
Meta-grade primary,5,4,R087-E10,Report-087,0.0400213538367682,-0.3150182265949633,Elastic net
Meta-grade primary,5,4,R087-E11,Report-087,-0.1307398500288784,-0.3150182265949633,Elastic net
Meta-grade primary,5,4,R087-E12,Report-087,0.1307398500288784,-0.3150182265949633,Elastic net
Meta-grade primary,5,4,R087-E13,Report-087,-0.1003353477310756,-0.25336734906386277,Elastic net
Meta-grade primary,5,4,R087-E14,Report-087,0.6183813135744636,-0.25336734906386277,Elastic net
Meta-grade primary,5,4,R087-E15,Report-087,0.0902441878561468,-0.25336734906386277,Elastic net
Meta-grade primary,5,4,R087-E16,Report-087,-0.3884230997182961,-0.25336734906386277,Elastic net
Meta-grade primary,5,4,R087-E17,Report-087,-0.0902441878561468,-0.25336734906386277,Elastic net
Meta-grade primary,5,4,R087-E18,Report-087,0.2554128118829953,-0.25336734906386277,Elastic net
Meta-grade primary,5,4,R087-E19,Report-087,-0.6324131492978439,-0.2953273444035096,Elastic net
Meta-grade primary,5,4,R087-E20,Report-087,-0.6677819260385488,-0.2953273444035096,Elastic net
Meta-grade primary,5,4,R087-E21,Report-087,-0.3474427905134932,-0.2953273444035096,Elastic net
Meta-grade primary,5,4,R087-E22,Report-087,-0.5093955920515006,-0.23367646687240912,Elastic net
Meta-grade primary,5,4,R087-E23,Report-087,0.2881966620000231,-0.23367646687240912,Elastic net
Meta-grade primary,5,4,R087-E24,Report-087,0.071791446935783,-0.23367646687240912,Elastic net
Meta-grade primary,5,4,R087-E25,Report-087,0.0,-0.23367646687240912,Elastic net
Meta-grade primary,5,4,R087-E26,Report-087,0.0287372972020485,-0.23367646687240912,Elastic net
Meta-grade primary,5,4,R087-E27,Report-087,-0.0526679439176218,-0.23367646687240912,Elastic net
Meta-grade primary,5,4,R125-E01,Report-125,-0.2768638226551,-0.20443653746022666,Elastic net
Meta-grade primary,5,4,R125-E02,Report-125,-0.4000596500560566,-0.2100781566851082,Elastic net
Meta-grade primary,5,4,R150-E01,Report-150,-0.2768638226551,-0.2928317203965455,Elastic net
Meta-grade primary,5,4,R010-E01,Report-010,-0.2661084068736541,-0.36264987815861316,Random forest
Meta-grade primary,5,4,R047-E01,Report-047,-0.1793019968128792,-0.07097048688801615,Random forest
Meta-grade primary,5,4,R080-E01,Report-080,-0.2528572088918466,-0.2962390521172865,Random forest
Meta-grade primary,5,4,R087-E01,Report-087,-0.3654437542713961,-0.32902793722016893,Random forest
Meta-grade primary,5,4,R087-E02,Report-087,-0.7250050877529992,-0.33090330902437326,Random forest
Meta-grade primary,5,4,R087-E03,Report-087,-0.3654437542713961,-0.33220597200764734,Random forest
Meta-grade primary,5,4,R087-E04,Report-087,-0.7752987062055836,-0.306060584911907,Random forest
Meta-grade primary,5,4,R087-E05,Report-087,-0.2447741126593529,-0.30861489964683597,Random forest
Meta-grade primary,5,4,R087-E06,Report-087,-0.0400213538367682,-0.30861489964683597,Random forest
Meta-grade primary,5,4,R087-E07,Report-087,-0.4598966812126785,-0.2939367331346876,Random forest
Meta-grade primary,5,4,R087-E08,Report-087,0.5229842775913438,-0.2939367331346876,Random forest
Meta-grade primary,5,4,R087-E09,Report-087,0.0400213538367682,-0.30523212212558837,Random forest
Meta-grade primary,5,4,R087-E10,Report-087,0.0400213538367682,-0.32902793722016893,Random forest
Meta-grade primary,5,4,R087-E11,Report-087,-0.1307398500288784,-0.33090330902437326,Random forest
Meta-grade primary,5,4,R087-E12,Report-087,0.1307398500288784,-0.33220597200764734,Random forest
Meta-grade primary,5,4,R087-E13,Report-087,-0.1003353477310756,-0.306060584911907,Random forest
Meta-grade primary,5,4,R087-E14,Report-087,0.6183813135744636,-0.30861489964683597,Random forest
Meta-grade primary,5,4,R087-E15,Report-087,0.0902441878561468,-0.30861489964683597,Random forest
Meta-grade primary,5,4,R087-E16,Report-087,-0.3884230997182961,-0.2939367331346876,Random forest
Meta-grade primary,5,4,R087-E17,Report-087,-0.0902441878561468,-0.2939367331346876,Random forest
Meta-grade primary,5,4,R087-E18,Report-087,0.2554128118829953,-0.30523212212558837,Random forest
Meta-grade primary,5,4,R087-E19,Report-087,-0.6324131492978439,-0.3346537391871988,Random forest
Meta-grade primary,5,4,R087-E20,Report-087,-0.6677819260385488,-0.33652911099140304,Random forest
Meta-grade primary,5,4,R087-E21,Report-087,-0.3474427905134932,-0.33783177397467734,Random forest
Meta-grade primary,5,4,R087-E22,Report-087,-0.5093955920515006,-0.31378160289462903,Random forest
Meta-grade primary,5,4,R087-E23,Report-087,0.2881966620000231,-0.31680022819630244,Random forest
Meta-grade primary,5,4,R087-E24,Report-087,0.071791446935783,-0.31680022819630244,Random forest
Meta-grade primary,5,4,R087-E25,Report-087,0.0,-0.30212206168415395,Random forest
Meta-grade primary,5,4,R087-E26,Report-087,0.0287372972020485,-0.30212206168415395,Random forest
Meta-grade primary,5,4,R087-E27,Report-087,-0.0526679439176218,-0.3134174506750548,Random forest
Meta-grade primary,5,4,R125-E01,Report-125,-0.2768638226551,-0.23882454904173894,Random forest
Meta-grade primary,5,4,R125-E02,Report-125,-0.4000596500560566,-0.24416939689121406,Random forest
Meta-grade primary,5,4,R150-E01,Report-150,-0.2768638226551,-0.2166339937292297,Random forest
Meta-grade primary,5,4,R010-E01,Report-010,-0.2661084068736541,-0.3774211548904279,Gradient boosting
Meta-grade primary,5,4,R047-E01,Report-047,-0.1793019968128792,-0.10157130986880035,Gradient boosting
Meta-grade primary,5,4,R080-E01,Report-080,-0.2528572088918466,-0.3103670924228093,Gradient boosting
Meta-grade primary,5,4,R087-E01,Report-087,-0.3654437542713961,-0.34135229954286467,Gradient boosting
Meta-grade primary,5,4,R087-E02,Report-087,-0.7250050877529992,-0.28631117740164785,Gradient boosting
Meta-grade primary,5,4,R087-E03,Report-087,-0.3654437542713961,-0.3554891310737504,Gradient boosting
Meta-grade primary,5,4,R087-E04,Report-087,-0.7752987062055836,-0.30072156233841074,Gradient boosting
Meta-grade primary,5,4,R087-E05,Report-087,-0.2447741126593529,-0.3135582029692502,Gradient boosting
Meta-grade primary,5,4,R087-E06,Report-087,-0.0400213538367682,-0.3135582029692502,Gradient boosting
Meta-grade primary,5,4,R087-E07,Report-087,-0.4598966812126785,-0.18053496479517128,Gradient boosting
Meta-grade primary,5,4,R087-E08,Report-087,0.5229842775913438,-0.18053496479517128,Gradient boosting
Meta-grade primary,5,4,R087-E09,Report-087,0.0400213538367682,-0.3188597145522563,Gradient boosting
Meta-grade primary,5,4,R087-E10,Report-087,0.0400213538367682,-0.34135229954286467,Gradient boosting
Meta-grade primary,5,4,R087-E11,Report-087,-0.1307398500288784,-0.28631117740164785,Gradient boosting
Meta-grade primary,5,4,R087-E12,Report-087,0.1307398500288784,-0.3554891310737504,Gradient boosting
Meta-grade primary,5,4,R087-E13,Report-087,-0.1003353477310756,-0.30072156233841074,Gradient boosting
Meta-grade primary,5,4,R087-E14,Report-087,0.6183813135744636,-0.3135582029692502,Gradient boosting
Meta-grade primary,5,4,R087-E15,Report-087,0.0902441878561468,-0.3135582029692502,Gradient boosting
Meta-grade primary,5,4,R087-E16,Report-087,-0.3884230997182961,-0.18053496479517128,Gradient boosting
Meta-grade primary,5,4,R087-E17,Report-087,-0.0902441878561468,-0.18053496479517128,Gradient boosting
Meta-grade primary,5,4,R087-E18,Report-087,0.2554128118829953,-0.3188597145522563,Gradient boosting
Meta-grade primary,5,4,R087-E19,Report-087,-0.6324131492978439,-0.34135229954286467,Gradient boosting
Meta-grade primary,5,4,R087-E20,Report-087,-0.6677819260385488,-0.28631117740164785,Gradient boosting
Meta-grade primary,5,4,R087-E21,Report-087,-0.3474427905134932,-0.3554891310737504,Gradient boosting
Meta-grade primary,5,4,R087-E22,Report-087,-0.5093955920515006,-0.30072156233841074,Gradient boosting
Meta-grade primary,5,4,R087-E23,Report-087,0.2881966620000231,-0.3135582029692502,Gradient boosting
Meta-grade primary,5,4,R087-E24,Report-087,0.071791446935783,-0.3135582029692502,Gradient boosting
Meta-grade primary,5,4,R087-E25,Report-087,0.0,-0.18053496479517128,Gradient boosting
Meta-grade primary,5,4,R087-E26,Report-087,0.0287372972020485,-0.18053496479517128,Gradient boosting
Meta-grade primary,5,4,R087-E27,Report-087,-0.0526679439176218,-0.3188597145522563,Gradient boosting
Meta-grade primary,5,4,R125-E01,Report-125,-0.2768638226551,-0.2538988514065997,Gradient boosting
Meta-grade primary,5,4,R125-E02,Report-125,-0.4000596500560566,-0.2538988514065997,Gradient boosting
Meta-grade primary,5,4,R150-E01,Report-150,-0.2768638226551,-0.2796763654936937,Gradient boosting
Meta-grade primary,5,5,R012-E01,PSKC,-0.0500417292784912,-0.22603163378284988,Null (training mean)
Meta-grade primary,5,5,R012-E02,PSKC,0.1613866961315255,-0.22603163378284988,Null (training mean)
Meta-grade primary,5,5,R012-E03,PSKC,-0.0400213538367682,-0.22603163378284988,Null (training mean)
Meta-grade primary,5,5,R032-E01,Report-032,-0.1923371692195453,-0.22603163378284988,Null (training mean)
Meta-grade primary,5,5,R032-E02,Report-032,-0.1307398500288784,-0.22603163378284988,Null (training mean)
Meta-grade primary,5,5,R033-E01,Report-033,-0.2027325540540822,-0.22603163378284988,Null (training mean)
Meta-grade primary,5,5,R033-E02,Report-033,-0.2447741126593529,-0.22603163378284988,Null (training mean)
Meta-grade primary,5,5,R033-E03,Report-033,-0.120581028408444,-0.22603163378284988,Null (training mean)
Meta-grade primary,5,5,R033-E04,Report-033,-0.0902441878561468,-0.22603163378284988,Null (training mean)
Meta-grade primary,5,5,R033-E05,Report-033,0.120581028408444,-0.22603163378284988,Null (training mean)
Meta-grade primary,5,5,R033-E06,Report-033,0.0100003333533347,-0.22603163378284988,Null (training mean)
Meta-grade primary,5,5,R033-E07,Report-033,-0.2131713465648597,-0.22603163378284988,Null (training mean)
Meta-grade primary,5,5,R033-E08,Report-033,-0.2447741126593529,-0.22603163378284988,Null (training mean)
Meta-grade primary,5,5,R033-E09,Report-033,-0.1511404359364668,-0.22603163378284988,Null (training mean)
Meta-grade primary,5,5,R033-E10,Report-033,-0.0902441878561468,-0.22603163378284988,Null (training mean)
Meta-grade primary,5,5,R033-E11,Report-033,0.0902441878561468,-0.22603163378284988,Null (training mean)
Meta-grade primary,5,5,R033-E12,Report-033,0.0500417292784912,-0.22603163378284988,Null (training mean)
Meta-grade primary,5,5,R033-E25,Report-033,0.144496864125946,-0.22603163378284988,Null (training mean)
Meta-grade primary,5,5,R033-E26,Report-033,0.1749689925367881,-0.22603163378284988,Null (training mean)
Meta-grade primary,5,5,R034-E01,Report-034,-0.1819826886007058,-0.22603163378284988,Null (training mean)
Meta-grade primary,5,5,R034-E02,Report-034,-0.2661084068736541,-0.22603163378284988,Null (training mean)
Meta-grade primary,5,5,R034-E03,Report-034,-0.2661084068736541,-0.22603163378284988,Null (training mean)
Meta-grade primary,5,5,R034-E04,Report-034,-0.2661084068736541,-0.22603163378284988,Null (training mean)
Meta-grade primary,5,5,R034-E05,Report-034,-0.1613866961315255,-0.22603163378284988,Null (training mean)
Meta-grade primary,5,5,R034-E06,Report-034,-0.2554128118829953,-0.22603163378284988,Null (training mean)
Meta-grade primary,5,5,R034-E07,Report-034,-0.2447741126593529,-0.22603163378284988,Null (training mean)
Meta-grade primary,5,5,R036-E01,Report-036,-0.4236489301936018,-0.22603163378284988,Null (training mean)
Meta-grade primary,5,5,R036-E02,Report-036,-0.2907692890372516,-0.22603163378284988,Null (training mean)
Meta-grade primary,5,5,R044-E01,PSKC,-0.0902441878561468,-0.22603163378284988,Null (training mean)
Meta-grade primary,5,5,R139-E01,Report-139,-0.4641361793172199,-0.22603163378284988,Null (training mean)
Meta-grade primary,5,5,R144-E01,Report-144,-0.2768638226551,-0.22603163378284988,Null (training mean)
Meta-grade primary,5,5,R148-E01,Report-148,-0.4236489301936018,-0.22603163378284988,Null (training mean)
Meta-grade primary,5,5,R148-E02,Report-148,-0.4476920235274206,-0.22603163378284988,Null (training mean)
Meta-grade primary,5,5,R012-E01,PSKC,-0.0500417292784912,-0.3092775578997944,Ridge
Meta-grade primary,5,5,R012-E02,PSKC,0.1613866961315255,-0.30539696391170934,Ridge
Meta-grade primary,5,5,R012-E03,PSKC,-0.0400213538367682,-0.3092775578997944,Ridge
Meta-grade primary,5,5,R032-E01,Report-032,-0.1923371692195453,-0.2470285079196821,Ridge
Meta-grade primary,5,5,R032-E02,Report-032,-0.1307398500288784,-0.2470285079196821,Ridge
Meta-grade primary,5,5,R033-E01,Report-033,-0.2027325540540822,-0.2602808115498646,Ridge
Meta-grade primary,5,5,R033-E02,Report-033,-0.2447741126593529,-0.2635438426877635,Ridge
Meta-grade primary,5,5,R033-E03,Report-033,-0.120581028408444,-0.25881970972774865,Ridge
Meta-grade primary,5,5,R033-E04,Report-033,-0.0902441878561468,-0.2128465794072488,Ridge
Meta-grade primary,5,5,R033-E05,Report-033,0.120581028408444,-0.2161096105451477,Ridge
Meta-grade primary,5,5,R033-E06,Report-033,0.0100003333533347,-0.21138547758513287,Ridge
Meta-grade primary,5,5,R033-E07,Report-033,-0.2131713465648597,-0.2602808115498646,Ridge
Meta-grade primary,5,5,R033-E08,Report-033,-0.2447741126593529,-0.2635438426877635,Ridge
Meta-grade primary,5,5,R033-E09,Report-033,-0.1511404359364668,-0.25881970972774865,Ridge
Meta-grade primary,5,5,R033-E10,Report-033,-0.0902441878561468,-0.2128465794072488,Ridge
Meta-grade primary,5,5,R033-E11,Report-033,0.0902441878561468,-0.2161096105451477,Ridge
Meta-grade primary,5,5,R033-E12,Report-033,0.0500417292784912,-0.21138547758513287,Ridge
Meta-grade primary,5,5,R033-E25,Report-033,0.144496864125946,-0.22728212652563337,Ridge
Meta-grade primary,5,5,R033-E26,Report-033,0.1749689925367881,-0.15521902678892335,Ridge
Meta-grade primary,5,5,R034-E01,Report-034,-0.1819826886007058,-0.2735769036628469,Ridge
Meta-grade primary,5,5,R034-E02,Report-034,-0.2661084068736541,-0.2735769036628469,Ridge
Meta-grade primary,5,5,R034-E03,Report-034,-0.2661084068736541,-0.2735769036628469,Ridge
Meta-grade primary,5,5,R034-E04,Report-034,-0.2661084068736541,-0.2735769036628469,Ridge
Meta-grade primary,5,5,R034-E05,Report-034,-0.1613866961315255,-0.2735769036628469,Ridge
Meta-grade primary,5,5,R034-E06,Report-034,-0.2554128118829953,-0.2735769036628469,Ridge
Meta-grade primary,5,5,R034-E07,Report-034,-0.2447741126593529,-0.2735769036628469,Ridge
Meta-grade primary,5,5,R036-E01,Report-036,-0.4236489301936018,-0.25626599433976077,Ridge
Meta-grade primary,5,5,R036-E02,Report-036,-0.2907692890372516,-0.2394184383701854,Ridge
Meta-grade primary,5,5,R044-E01,PSKC,-0.0902441878561468,-0.3359153749646374,Ridge
Meta-grade primary,5,5,R139-E01,Report-139,-0.4641361793172199,-0.22540702162509205,Ridge
Meta-grade primary,5,5,R144-E01,Report-144,-0.2768638226551,-0.23687159864316032,Ridge
Meta-grade primary,5,5,R148-E01,Report-148,-0.4236489301936018,-0.21448884639697177,Ridge
Meta-grade primary,5,5,R148-E02,Report-148,-0.4476920235274206,-0.19166766905141053,Ridge
Meta-grade primary,5,5,R012-E01,PSKC,-0.0500417292784912,-0.33439351025640274,Elastic net
Meta-grade primary,5,5,R012-E02,PSKC,0.1613866961315255,-0.33488241111014144,Elastic net
Meta-grade primary,5,5,R012-E03,PSKC,-0.0400213538367682,-0.33439351025640274,Elastic net
Meta-grade primary,5,5,R032-E01,Report-032,-0.1923371692195453,-0.2754491402103509,Elastic net
Meta-grade primary,5,5,R032-E02,Report-032,-0.1307398500288784,-0.2754491402103509,Elastic net
Meta-grade primary,5,5,R033-E01,Report-033,-0.2027325540540822,-0.27449115396051904,Elastic net
Meta-grade primary,5,5,R033-E02,Report-033,-0.2447741126593529,-0.27449115396051904,Elastic net
Meta-grade primary,5,5,R033-E03,Report-033,-0.120581028408444,-0.27449115396051904,Elastic net
Meta-grade primary,5,5,R033-E04,Report-033,-0.0902441878561468,-0.2083594442770626,Elastic net
Meta-grade primary,5,5,R033-E05,Report-033,0.120581028408444,-0.2083594442770626,Elastic net
Meta-grade primary,5,5,R033-E06,Report-033,0.0100003333533347,-0.2083594442770626,Elastic net
Meta-grade primary,5,5,R033-E07,Report-033,-0.2131713465648597,-0.27449115396051904,Elastic net
Meta-grade primary,5,5,R033-E08,Report-033,-0.2447741126593529,-0.27449115396051904,Elastic net
Meta-grade primary,5,5,R033-E09,Report-033,-0.1511404359364668,-0.27449115396051904,Elastic net
Meta-grade primary,5,5,R033-E10,Report-033,-0.0902441878561468,-0.2083594442770626,Elastic net
Meta-grade primary,5,5,R033-E11,Report-033,0.0902441878561468,-0.2083594442770626,Elastic net
Meta-grade primary,5,5,R033-E12,Report-033,0.0500417292784912,-0.2083594442770626,Elastic net
Meta-grade primary,5,5,R033-E25,Report-033,0.144496864125946,-0.21532915776333286,Elastic net
Meta-grade primary,5,5,R033-E26,Report-033,0.1749689925367881,-0.09776408886706978,Elastic net
Meta-grade primary,5,5,R034-E01,Report-034,-0.1819826886007058,-0.279329820976561,Elastic net
Meta-grade primary,5,5,R034-E02,Report-034,-0.2661084068736541,-0.279329820976561,Elastic net
Meta-grade primary,5,5,R034-E03,Report-034,-0.2661084068736541,-0.279329820976561,Elastic net
Meta-grade primary,5,5,R034-E04,Report-034,-0.2661084068736541,-0.279329820976561,Elastic net
Meta-grade primary,5,5,R034-E05,Report-034,-0.1613866961315255,-0.279329820976561,Elastic net
Meta-grade primary,5,5,R034-E06,Report-034,-0.2554128118829953,-0.279329820976561,Elastic net
Meta-grade primary,5,5,R034-E07,Report-034,-0.2447741126593529,-0.279329820976561,Elastic net
Meta-grade primary,5,5,R036-E01,Report-036,-0.4236489301936018,-0.2967679457306673,Elastic net
Meta-grade primary,5,5,R036-E02,Report-036,-0.2907692890372516,-0.283834373988837,Elastic net
Meta-grade primary,5,5,R044-E01,PSKC,-0.0902441878561468,-0.3356858564230903,Elastic net
Meta-grade primary,5,5,R139-E01,Report-139,-0.4641361793172199,-0.2216565530971901,Elastic net
Meta-grade primary,5,5,R144-E01,Report-144,-0.2768638226551,-0.28158717215825535,Elastic net
Meta-grade primary,5,5,R148-E01,Report-148,-0.4236489301936018,-0.2194522879681013,Elastic net
Meta-grade primary,5,5,R148-E02,Report-148,-0.4476920235274206,-0.2194522879681013,Elastic net
Meta-grade primary,5,5,R012-E01,PSKC,-0.0500417292784912,-0.3712015481640523,Random forest
Meta-grade primary,5,5,R012-E02,PSKC,0.1613866961315255,-0.37801696998102796,Random forest
Meta-grade primary,5,5,R012-E03,PSKC,-0.0400213538367682,-0.3712015481640523,Random forest
Meta-grade primary,5,5,R032-E01,Report-032,-0.1923371692195453,-0.1947174052967213,Random forest
Meta-grade primary,5,5,R032-E02,Report-032,-0.1307398500288784,-0.1947174052967213,Random forest
Meta-grade primary,5,5,R033-E01,Report-033,-0.2027325540540822,-0.33150031627128845,Random forest
Meta-grade primary,5,5,R033-E02,Report-033,-0.2447741126593529,-0.3307393056273076,Random forest
Meta-grade primary,5,5,R033-E03,Report-033,-0.120581028408444,-0.329684792345178,Random forest
Meta-grade primary,5,5,R033-E04,Report-033,-0.0902441878561468,-0.17283751927990595,Random forest
Meta-grade primary,5,5,R033-E05,Report-033,0.120581028408444,-0.1695277572043624,Random forest
Meta-grade primary,5,5,R033-E06,Report-033,0.0100003333533347,-0.171960587886414,Random forest
Meta-grade primary,5,5,R033-E07,Report-033,-0.2131713465648597,-0.33150031627128845,Random forest
Meta-grade primary,5,5,R033-E08,Report-033,-0.2447741126593529,-0.3307393056273076,Random forest
Meta-grade primary,5,5,R033-E09,Report-033,-0.1511404359364668,-0.329684792345178,Random forest
Meta-grade primary,5,5,R033-E10,Report-033,-0.0902441878561468,-0.17283751927990595,Random forest
Meta-grade primary,5,5,R033-E11,Report-033,0.0902441878561468,-0.1695277572043624,Random forest
Meta-grade primary,5,5,R033-E12,Report-033,0.0500417292784912,-0.171960587886414,Random forest
Meta-grade primary,5,5,R033-E25,Report-033,0.144496864125946,-0.22579637615418285,Random forest
Meta-grade primary,5,5,R033-E26,Report-033,0.1749689925367881,-0.11011048301728396,Random forest
Meta-grade primary,5,5,R034-E01,Report-034,-0.1819826886007058,-0.2265227952577109,Random forest
Meta-grade primary,5,5,R034-E02,Report-034,-0.2661084068736541,-0.2265227952577109,Random forest
Meta-grade primary,5,5,R034-E03,Report-034,-0.2661084068736541,-0.2265227952577109,Random forest
Meta-grade primary,5,5,R034-E04,Report-034,-0.2661084068736541,-0.2265227952577109,Random forest
Meta-grade primary,5,5,R034-E05,Report-034,-0.1613866961315255,-0.2265227952577109,Random forest
Meta-grade primary,5,5,R034-E06,Report-034,-0.2554128118829953,-0.2265227952577109,Random forest
Meta-grade primary,5,5,R034-E07,Report-034,-0.2447741126593529,-0.2265227952577109,Random forest
Meta-grade primary,5,5,R036-E01,Report-036,-0.4236489301936018,-0.3837147919882463,Random forest
Meta-grade primary,5,5,R036-E02,Report-036,-0.2907692890372516,-0.33579620053557035,Random forest
Meta-grade primary,5,5,R044-E01,PSKC,-0.0902441878561468,-0.39564740548562344,Random forest
Meta-grade primary,5,5,R139-E01,Report-139,-0.4641361793172199,-0.15782124707821554,Random forest
Meta-grade primary,5,5,R144-E01,Report-144,-0.2768638226551,-0.3194082260424775,Random forest
Meta-grade primary,5,5,R148-E01,Report-148,-0.4236489301936018,-0.257190816595705,Random forest
Meta-grade primary,5,5,R148-E02,Report-148,-0.4476920235274206,-0.22010029256913627,Random forest
Meta-grade primary,5,5,R012-E01,PSKC,-0.0500417292784912,-0.38158325595943154,Gradient boosting
Meta-grade primary,5,5,R012-E02,PSKC,0.1613866961315255,-0.38158325595943154,Gradient boosting
Meta-grade primary,5,5,R012-E03,PSKC,-0.0400213538367682,-0.38158325595943154,Gradient boosting
Meta-grade primary,5,5,R032-E01,Report-032,-0.1923371692195453,-0.15954394508741146,Gradient boosting
Meta-grade primary,5,5,R032-E02,Report-032,-0.1307398500288784,-0.15954394508741146,Gradient boosting
Meta-grade primary,5,5,R033-E01,Report-033,-0.2027325540540822,-0.29841913323311664,Gradient boosting
Meta-grade primary,5,5,R033-E02,Report-033,-0.2447741126593529,-0.29841913323311664,Gradient boosting
Meta-grade primary,5,5,R033-E03,Report-033,-0.120581028408444,-0.28696327238747704,Gradient boosting
Meta-grade primary,5,5,R033-E04,Report-033,-0.0902441878561468,-0.1529868619920474,Gradient boosting
Meta-grade primary,5,5,R033-E05,Report-033,0.120581028408444,-0.1529868619920474,Gradient boosting
Meta-grade primary,5,5,R033-E06,Report-033,0.0100003333533347,-0.14076019173698906,Gradient boosting
Meta-grade primary,5,5,R033-E07,Report-033,-0.2131713465648597,-0.29841913323311664,Gradient boosting
Meta-grade primary,5,5,R033-E08,Report-033,-0.2447741126593529,-0.29841913323311664,Gradient boosting
Meta-grade primary,5,5,R033-E09,Report-033,-0.1511404359364668,-0.28696327238747704,Gradient boosting
Meta-grade primary,5,5,R033-E10,Report-033,-0.0902441878561468,-0.1529868619920474,Gradient boosting
Meta-grade primary,5,5,R033-E11,Report-033,0.0902441878561468,-0.1529868619920474,Gradient boosting
Meta-grade primary,5,5,R033-E12,Report-033,0.0500417292784912,-0.14076019173698906,Gradient boosting
Meta-grade primary,5,5,R033-E25,Report-033,0.144496864125946,-0.24510518590270042,Gradient boosting
Meta-grade primary,5,5,R033-E26,Report-033,0.1749689925367881,-0.1658103200115648,Gradient boosting
Meta-grade primary,5,5,R034-E01,Report-034,-0.1819826886007058,-0.2837298662920881,Gradient boosting
Meta-grade primary,5,5,R034-E02,Report-034,-0.2661084068736541,-0.2837298662920881,Gradient boosting
Meta-grade primary,5,5,R034-E03,Report-034,-0.2661084068736541,-0.2837298662920881,Gradient boosting
Meta-grade primary,5,5,R034-E04,Report-034,-0.2661084068736541,-0.2837298662920881,Gradient boosting
Meta-grade primary,5,5,R034-E05,Report-034,-0.1613866961315255,-0.2837298662920881,Gradient boosting
Meta-grade primary,5,5,R034-E06,Report-034,-0.2554128118829953,-0.2837298662920881,Gradient boosting
Meta-grade primary,5,5,R034-E07,Report-034,-0.2447741126593529,-0.2837298662920881,Gradient boosting
Meta-grade primary,5,5,R036-E01,Report-036,-0.4236489301936018,-0.4097979730480532,Gradient boosting
Meta-grade primary,5,5,R036-E02,Report-036,-0.2907692890372516,-0.3548177454192086,Gradient boosting
Meta-grade primary,5,5,R044-E01,PSKC,-0.0902441878561468,-0.4145515287422466,Gradient boosting
Meta-grade primary,5,5,R139-E01,Report-139,-0.4641361793172199,-0.017728540353284198,Gradient boosting
Meta-grade primary,5,5,R144-E01,Report-144,-0.2768638226551,-0.22975239482676274,Gradient boosting
Meta-grade primary,5,5,R148-E01,Report-148,-0.4236489301936018,-0.29965647828320424,Gradient boosting
Meta-grade primary,5,5,R148-E02,Report-148,-0.4476920235274206,-0.2615073072217159,Gradient boosting
